grammar,model,backend,round,rna_index,bits_per_base,encode_time_ms,decode_time_ms,encode_heap_bytes,decode_heap_bytes
G1B,static,BigDecimal,1,1,3.5443,731.121,8.054,79441928,-132134872
G1B,static,BigDecimal,1,2,3.0909,442.817,5.962,119764976,11532288
G1B,static,BigDecimal,1,3,2.9261,1033.377,10.540,63384144,20971520
G1B,static,BigDecimal,1,4,2.9065,711.548,8.189,794920,16775168
G1B,static,BigDecimal,1,5,2.9027,1368.135,11.561,155116288,25165824
G1B,static,BigDecimal,1,6,2.9909,755.731,9.394,22552712,16777216
G1B,static,BigDecimal,1,7,2.8912,533.385,8.246,40653072,13629440
G1B,static,BigDecimal,1,8,2.9860,1083.903,12.140,169772936,19920896
G1B,static,BigDecimal,1,9,2.9479,773.540,9.382,151998944,17823744
G1B,static,BigDecimal,1,10,2.8879,815.719,10.369,7883856,-99622664
G1B,static,BigDecimal,1,11,2.9755,691.856,9.812,50072016,-161493416
G1B,static,BigDecimal,1,12,2.8870,591.234,9.072,41684912,14680064
G1B,static,BigDecimal,1,13,3.1287,823.345,8.780,87922664,20971520
G1B,static,BigDecimal,1,14,2.7588,975.675,11.473,23977160,-70265736
G1B,static,BigDecimal,1,15,2.9097,523.477,7.179,73238000,14680064
G1B,static,BigDecimal,1,16,3.0354,38.554,1.402,10310848,3147776
G1B,static,BigDecimal,1,17,2.8673,602.148,6.776,27833776,13629440
G1B,static,BigDecimal,1,18,3.0909,1028.751,10.032,148566624,20971520
G1B,static,BigDecimal,1,19,2.8997,605.488,7.489,94124536,-101722144
G1B,static,BigDecimal,1,20,2.9844,844.178,9.126,106031792,17823744
G1B,static,BigDecimal,1,21,2.8438,758.043,8.598,122523528,16777216
G1B,static,BigDecimal,1,22,3.0386,734.305,8.262,145622544,15726592
G1B,static,BigDecimal,1,23,2.9788,843.781,9.341,93020640,17823744
G1B,static,BigDecimal,1,24,2.8319,310.716,4.304,28062168,9435136
G1B,static,BigDecimal,1,25,2.9155,520.205,6.769,120416504,12582912
G1B,static,BigDecimal,1,26,2.9020,601.348,8.250,169141200,-166748168
G1B,static,BigDecimal,1,27,2.9320,24.882,0.512,10839952,1050624
G1B,static,BigDecimal,1,28,2.9276,1464.222,11.399,7172128,23068672
G1B,static,BigDecimal,1,29,3.1640,635.391,8.246,183650104,16777216
G1B,static,BigDecimal,1,30,2.9101,141.403,4.016,34352432,-79690216
G1B,static,BigDecimal,1,31,3.1481,360.238,5.092,168331352,11536384
G1B,static,BigDecimal,1,32,2.9715,533.042,6.648,54401416,14680064
G1B,static,BigDecimal,1,33,3.0137,9.314,0.255,9019184,250472
G1B,static,BigDecimal,1,34,2.8338,931.546,10.054,173658472,19924992
G1B,static,BigDecimal,1,35,2.8205,550.643,7.418,12418160,-165680400
G1B,static,BigDecimal,1,36,2.9088,917.256,10.085,54409088,19924992
G1B,static,BigDecimal,1,37,2.9915,994.275,8.711,111003248,19924992
G1B,static,BigDecimal,1,38,2.8910,959.134,9.665,92811808,20971520
G1B,static,BigDecimal,2,1,3.5443,737.414,7.391,65861368,16777216
G1B,static,BigDecimal,2,2,3.0909,497.342,5.748,141813032,11532288
G1B,static,BigDecimal,2,3,2.9261,1001.732,10.132,64821072,20971520
G1B,static,BigDecimal,2,4,2.9065,599.805,7.780,129306456,16777216
G1B,static,BigDecimal,2,5,2.9027,1216.444,11.540,56459120,25165824
G1B,static,BigDecimal,2,6,2.9909,700.480,8.818,9961456,16777216
G1B,static,BigDecimal,2,7,2.8912,504.639,6.522,15665208,13629440
G1B,static,BigDecimal,2,8,2.9860,885.271,9.602,10243104,19920896
G1B,static,BigDecimal,2,9,2.9479,673.491,9.482,53903904,-105904776
G1B,static,BigDecimal,2,10,2.8879,731.379,9.428,89943504,19920896
G1B,static,BigDecimal,2,11,2.9755,671.885,9.002,27035432,19920896
G1B,static,BigDecimal,2,12,2.8870,579.325,7.434,104005248,14680064
G1B,static,BigDecimal,2,13,3.1287,784.886,9.077,34417104,19924992
G1B,static,BigDecimal,2,14,2.7588,923.611,11.257,53233880,22022144
G1B,static,BigDecimal,2,15,2.9097,515.926,6.691,75250840,14680064
G1B,static,BigDecimal,2,16,3.0354,35.220,2.499,24977992,-19324032
G1B,static,BigDecimal,2,17,2.8673,579.924,6.740,35639464,13629440
G1B,static,BigDecimal,2,18,3.0909,1025.564,10.219,51137512,-134219368
G1B,static,BigDecimal,2,19,2.8997,584.751,7.122,115296024,13633536
G1B,static,BigDecimal,2,20,2.9844,773.856,9.078,40674032,16777216
G1B,static,BigDecimal,2,21,2.8438,758.128,9.023,38142088,16777216
G1B,static,BigDecimal,2,22,3.0386,710.912,8.524,34761616,15726592
G1B,static,BigDecimal,2,23,2.9788,978.127,9.411,61333784,17823744
G1B,static,BigDecimal,2,24,2.8319,312.683,4.217,15474008,9435136
G1B,static,BigDecimal,2,25,2.9155,594.430,6.105,149602752,12582912
G1B,static,BigDecimal,2,26,2.9020,651.499,11.319,108411080,15726592
G1B,static,BigDecimal,2,27,2.9320,33.844,0.509,10834928,1050624
G1B,static,BigDecimal,2,28,2.9276,2064.450,12.632,61734592,23068672
G1B,static,BigDecimal,2,29,3.1640,949.781,11.624,61117560,-192874592
G1B,static,BigDecimal,2,30,2.9101,178.384,3.475,13276304,7337984
G1B,static,BigDecimal,2,31,3.1481,528.661,6.739,122829208,-196076752
G1B,static,BigDecimal,2,32,2.9715,667.551,9.330,193815008,14680064
G1B,static,BigDecimal,2,33,3.0137,9.329,0.266,9019392,252544
G1B,static,BigDecimal,2,34,2.8338,1275.593,9.743,73311440,19924992
G1B,static,BigDecimal,2,35,2.8205,585.316,7.166,131075480,14680064
G1B,static,BigDecimal,2,36,2.9088,1117.703,10.207,12428728,19920896
G1B,static,BigDecimal,2,37,2.9915,1091.435,8.789,75262544,19924992
G1B,static,BigDecimal,2,38,2.8910,978.257,9.849,30252440,20971520
G1B,static,BigDecimal,3,1,3.5443,729.527,8.471,15496224,-130030456
G1B,static,BigDecimal,3,2,3.0909,447.803,5.696,171051824,11532288
G1B,static,BigDecimal,3,3,2.9261,1053.647,11.391,46037912,20971520
G1B,static,BigDecimal,3,4,2.9065,586.126,10.718,144075680,16777216
G1B,static,BigDecimal,3,5,2.9027,1241.327,11.614,110918736,25165824
G1B,static,BigDecimal,3,6,2.9909,703.374,8.817,24918224,16777216
G1B,static,BigDecimal,3,7,2.8912,541.389,6.425,2987368,13629440
G1B,static,BigDecimal,3,8,2.9860,866.975,8.871,39607936,19920896
G1B,static,BigDecimal,3,9,2.9479,712.473,8.697,75589848,17823744
G1B,static,BigDecimal,3,10,2.8879,761.552,9.418,73148616,19920896
G1B,static,BigDecimal,3,11,2.9755,695.812,8.850,70218200,18874368
G1B,static,BigDecimal,3,12,2.8870,647.977,11.756,134916408,-140511480
G1B,static,BigDecimal,3,13,3.1287,1132.305,9.116,130946024,19924992
G1B,static,BigDecimal,3,14,2.7588,1020.809,15.191,15494384,22022144
G1B,static,BigDecimal,3,15,2.9097,565.443,7.338,82665056,13633536
G1B,static,BigDecimal,3,16,3.0354,36.345,1.382,20701480,3115576
G1B,static,BigDecimal,3,17,2.8673,704.805,8.324,95260760,-110105904
G1B,static,BigDecimal,3,18,3.0909,1260.523,10.175,34370280,-88093960
G1B,static,BigDecimal,3,19,2.8997,668.057,7.374,12433008,13633536
G1B,static,BigDecimal,3,20,2.9844,842.497,9.186,40658776,16777216
G1B,static,BigDecimal,3,21,2.8438,781.148,8.901,53247784,16777216
G1B,static,BigDecimal,3,22,3.0386,749.049,8.168,146202608,15726592
G1B,static,BigDecimal,3,23,2.9788,874.005,11.268,101056248,17823744
G1B,static,BigDecimal,3,24,2.8319,324.643,4.502,16841552,9435136
G1B,static,BigDecimal,3,25,2.9155,538.238,6.496,77423320,12582912
G1B,static,BigDecimal,3,26,2.9020,598.983,7.932,79542120,15726592
G1B,static,BigDecimal,3,27,2.9320,25.675,0.508,10717144,1050624
G1B,static,BigDecimal,3,28,2.9276,1510.325,10.930,135199176,23068672
G1B,static,BigDecimal,3,29,3.1640,680.770,9.227,33393904,16777216
G1B,static,BigDecimal,3,30,2.9101,143.525,3.781,32249424,-79687528
G1B,static,BigDecimal,3,31,3.1481,365.017,5.667,26056576,-101714912
G1B,static,BigDecimal,3,32,2.9715,534.557,6.721,29224440,14680064
G1B,static,BigDecimal,3,33,3.0137,9.172,0.336,8979080,332664
G1B,static,BigDecimal,3,34,2.8338,964.153,10.093,64936320,19924992
G1B,static,BigDecimal,3,35,2.8205,556.807,6.984,81614248,14680064
G1B,static,BigDecimal,3,36,2.9088,959.114,10.469,27027880,19924992
G1B,static,BigDecimal,3,37,2.9915,1005.629,10.013,139509736,-128978496
G1B,static,BigDecimal,3,38,2.8910,1089.458,9.862,33846400,20971520
G1B,static,BigDecimal,4,1,3.5443,715.274,7.419,51138496,16777216
G1B,static,BigDecimal,4,2,3.0909,442.935,6.228,13398024,11532288
G1B,static,BigDecimal,4,3,2.9261,972.707,10.290,81563368,20971520
G1B,static,BigDecimal,4,4,2.9065,603.306,7.732,125374984,16777216
G1B,static,BigDecimal,4,5,2.9027,1214.486,36.727,256276448,25165824
G1B,static,BigDecimal,4,6,2.9909,831.152,11.758,87755320,16777216
G1B,static,BigDecimal,4,7,2.8912,604.454,6.402,117550616,13629440
G1B,static,BigDecimal,4,8,2.9860,963.690,9.428,87924080,-165664712
G1B,static,BigDecimal,4,9,2.9479,679.252,9.574,91313880,-112204896
G1B,static,BigDecimal,4,10,2.8879,779.684,10.736,10253056,18874368
G1B,static,BigDecimal,4,11,2.9755,683.142,8.883,101716120,18874368
G1B,static,BigDecimal,4,12,2.8870,570.511,7.922,65898920,14680064
G1B,static,BigDecimal,4,13,3.1287,818.818,8.757,193451704,19924992
G1B,static,BigDecimal,4,14,2.7588,972.641,10.799,51133912,22022144
G1B,static,BigDecimal,4,15,2.9097,505.201,6.568,66867224,13629440
G1B,static,BigDecimal,4,16,3.0354,35.579,1.340,20700848,3114648
G1B,static,BigDecimal,4,17,2.8673,604.986,7.017,52800624,13629440
G1B,static,BigDecimal,4,18,3.0909,1027.167,10.963,39068640,20971520
G1B,static,BigDecimal,4,19,2.8997,642.110,6.794,66869632,13633536
G1B,static,BigDecimal,4,20,2.9844,782.640,8.978,116513656,17823744
G1B,static,BigDecimal,4,21,2.8438,773.110,8.429,32147504,16777216
G1B,static,BigDecimal,4,22,3.0386,741.304,8.123,32384624,15726592
G1B,static,BigDecimal,4,23,2.9788,872.587,9.084,98619168,17823744
G1B,static,BigDecimal,4,24,2.8319,289.263,4.729,59512096,9435136
G1B,static,BigDecimal,4,25,2.9155,521.609,6.085,118130432,12582912
G1B,static,BigDecimal,4,26,2.9020,576.955,7.515,8148080,15726592
G1B,static,BigDecimal,4,27,2.9320,26.562,0.729,10713776,1050624
G1B,static,BigDecimal,4,28,2.9276,1440.103,11.355,19798208,23068672
G1B,static,BigDecimal,4,29,3.1640,662.513,7.990,171062232,16777216
G1B,static,BigDecimal,4,30,2.9101,142.764,3.318,32246896,-79687528
G1B,static,BigDecimal,4,31,3.1481,359.552,4.880,26054496,11536384
G1B,static,BigDecimal,4,32,2.9715,507.080,6.571,20498528,14680064
G1B,static,BigDecimal,4,33,3.0137,9.320,0.342,8976520,336320
G1B,static,BigDecimal,4,34,2.8338,927.088,10.036,14617848,-93330496
G1B,static,BigDecimal,4,35,2.8205,563.808,8.873,110281744,14680064
G1B,static,BigDecimal,4,36,2.9088,983.065,10.339,54343000,-112208928
G1B,static,BigDecimal,4,37,2.9915,1051.134,9.400,103646664,19924992
G1B,static,BigDecimal,4,38,2.8910,981.363,9.439,49040280,22022144
G1B,static,BigDecimal,5,1,3.5443,734.939,7.881,61623232,16777216
G1B,static,BigDecimal,5,2,3.0909,442.662,5.602,139717960,11532288
G1B,static,BigDecimal,5,3,2.9261,967.630,10.759,84298064,20971520
G1B,static,BigDecimal,5,4,2.9065,590.017,7.675,64878040,16777216
G1B,static,BigDecimal,5,5,2.9027,1226.726,13.554,1841880,25165824
G1B,static,BigDecimal,5,6,2.9909,927.378,8.608,27784648,16777216
G1B,static,BigDecimal,5,7,2.8912,516.460,6.754,28071784,13629440
G1B,static,BigDecimal,5,8,2.9860,907.129,8.567,18620640,20971520
G1B,static,BigDecimal,5,9,2.9479,660.663,8.768,133298624,17823744
G1B,static,BigDecimal,5,10,2.8879,744.766,9.221,159025832,18874368
G1B,static,BigDecimal,5,11,2.9755,707.595,9.445,56376144,-94389096
G1B,static,BigDecimal,5,12,2.8870,613.464,7.732,97277352,-104862336
G1B,static,BigDecimal,5,13,3.1287,818.502,8.445,71068096,20971520
G1B,static,BigDecimal,5,14,2.7588,937.343,10.926,15568328,22022144
G1B,static,BigDecimal,5,15,2.9097,535.932,6.655,72750256,13633536
G1B,static,BigDecimal,5,16,3.0354,42.158,1.338,10306032,3147776
G1B,static,BigDecimal,5,17,2.8673,641.863,6.606,71154392,13629440
G1B,static,BigDecimal,5,18,3.0909,1035.505,9.473,11289424,20971520
G1B,static,BigDecimal,5,19,2.8997,611.767,6.663,75262496,13633536
G1B,static,BigDecimal,5,20,2.9844,794.594,9.355,70010240,-79702248
G1B,static,BigDecimal,5,21,2.8438,762.330,8.458,76305944,16777216
G1B,static,BigDecimal,5,22,3.0386,729.969,8.067,100427704,15726592
G1B,static,BigDecimal,5,23,2.9788,862.964,9.900,39609744,-133166920
G1B,static,BigDecimal,5,24,2.8319,304.185,4.143,176946336,9435136
G1B,static,BigDecimal,5,25,2.9155,512.301,6.006,88330760,12582912
G1B,static,BigDecimal,5,26,2.9020,575.384,7.361,29403768,15726592
G1B,static,BigDecimal,5,27,2.9320,25.560,0.518,10722032,1050624
G1B,static,BigDecimal,5,28,2.9276,1554.747,11.130,36652424,23068672
G1B,static,BigDecimal,5,29,3.1640,653.447,7.953,57244320,16777216
G1B,static,BigDecimal,5,30,2.9101,141.643,3.270,32239288,-79696808
G1B,static,BigDecimal,5,31,3.1481,354.412,5.542,26046248,-101710784
G1B,static,BigDecimal,5,32,2.9715,504.368,6.632,41686336,14680064
G1B,static,BigDecimal,5,33,3.0137,9.322,0.243,9018440,1050624
G1B,static,BigDecimal,5,34,2.8338,914.555,9.333,165666480,19924992
G1B,static,BigDecimal,5,35,2.8205,561.380,7.343,119285984,-115340160
G1B,static,BigDecimal,5,36,2.9088,933.283,10.940,84441456,19924992
G1B,static,BigDecimal,5,37,2.9915,1156.643,8.709,10244760,19924992
G1B,static,BigDecimal,5,38,2.8910,951.375,9.531,170538232,20971520
G1B,static,Nayuki,1,1,3.5410,337.610,0.470,39127336,0
G1B,static,Nayuki,1,2,3.0836,195.198,0.600,17097208,0
G1B,static,Nayuki,1,3,2.9318,416.622,0.620,31818208,0
G1B,static,Nayuki,1,4,2.9161,241.310,0.437,22996168,0
G1B,static,Nayuki,1,5,2.8928,484.687,0.730,36840400,0
G1B,static,Nayuki,1,6,3.0000,272.423,0.489,25363088,0
G1B,static,Nayuki,1,7,2.8912,203.014,0.393,20270424,0
G1B,static,Nayuki,1,8,2.9888,352.290,0.576,29796408,0
G1B,static,Nayuki,1,9,2.9448,269.067,0.469,24946008,0
G1B,static,Nayuki,1,10,2.9027,315.142,0.503,26850952,0
G1B,static,Nayuki,1,11,2.9939,288.680,0.493,25357552,0
G1B,static,Nayuki,1,12,2.8970,256.700,0.430,21792504,0
G1B,static,Nayuki,1,13,3.1345,321.374,0.520,27504024,0
G1B,static,Nayuki,1,14,2.7751,429.828,0.650,41499464,0
G1B,static,Nayuki,1,15,2.9164,237.535,0.375,21198224,0
G1B,static,Nayuki,1,16,3.0442,17.482,0.119,3395264,83384
G1B,static,Nayuki,1,17,2.8844,256.149,0.445,20200264,0
G1B,static,Nayuki,1,18,3.0909,379.881,0.669,27458024,207832
G1B,static,Nayuki,1,19,2.9066,222.423,0.447,39606568,0
G1B,static,Nayuki,1,20,2.9750,294.706,0.558,33971824,0
G1B,static,Nayuki,1,21,2.8589,309.979,0.529,31501064,0
G1B,static,Nayuki,1,22,3.0354,261.619,0.507,29610328,0
G1B,static,Nayuki,1,23,2.9818,319.497,0.605,41059304,661000
G1B,static,Nayuki,1,24,2.8276,133.516,0.345,14271744,660576
G1B,static,Nayuki,1,25,2.9296,210.924,0.428,20066840,660840
G1B,static,Nayuki,1,26,2.9020,237.251,0.396,21013120,0
G1B,static,Nayuki,1,27,2.9515,14.333,0.065,2637016,41656
G1B,static,Nayuki,1,28,2.9354,488.833,0.632,49863920,0
G1B,static,Nayuki,1,29,3.1640,232.156,0.373,22021392,655064
G1B,static,Nayuki,1,30,2.9206,79.757,0.191,11072648,82592
G1B,static,Nayuki,1,31,3.1605,140.461,0.276,14647152,0
G1B,static,Nayuki,1,32,2.9609,208.689,0.353,28431024,0
G1B,static,Nayuki,1,33,3.0685,4.252,0.048,1240608,0
G1B,static,Nayuki,1,34,2.8424,376.491,0.597,33206488,0
G1B,static,Nayuki,1,35,2.8205,231.922,0.323,22584288,0
G1B,static,Nayuki,1,36,2.9174,371.407,0.637,41008728,658160
G1B,static,Nayuki,1,37,3.0056,397.310,0.543,38347088,580696
G1B,static,Nayuki,1,38,2.8992,445.221,0.626,31167664,166184
G1B,static,Nayuki,2,1,3.5410,269.197,0.382,22942336,166632
G1B,static,Nayuki,2,2,3.0836,151.828,0.274,16866952,0
G1B,static,Nayuki,2,3,2.9318,364.998,0.552,33247176,207992
G1B,static,Nayuki,2,4,2.9161,259.851,0.401,24029768,0
G1B,static,Nayuki,2,5,2.8928,528.740,0.632,36856888,0
G1B,static,Nayuki,2,6,3.0000,289.167,0.428,25252656,239264
G1B,static,Nayuki,2,7,2.8912,190.562,0.333,19879704,0
G1B,static,Nayuki,2,8,2.9888,341.299,0.483,29798424,0
G1B,static,Nayuki,2,9,2.9448,270.604,0.399,24939352,0
G1B,static,Nayuki,2,10,2.9027,308.767,0.712,27032264,0
G1B,static,Nayuki,2,11,2.9939,285.533,0.415,25556360,0
G1B,static,Nayuki,2,12,2.8970,256.109,0.368,21987584,0
G1B,static,Nayuki,2,13,3.1345,328.494,0.443,27501464,0
G1B,static,Nayuki,2,14,2.7751,445.546,0.566,41463624,0
G1B,static,Nayuki,2,15,2.9164,222.492,0.305,20846520,0
G1B,static,Nayuki,2,16,3.0442,15.821,0.096,3393784,83304
G1B,static,Nayuki,2,17,2.8844,252.875,0.375,19470992,162776
G1B,static,Nayuki,2,18,3.0909,396.746,0.873,38439056,0
G1B,static,Nayuki,2,19,2.9066,202.216,0.396,38730792,0
G1B,static,Nayuki,2,20,2.9750,274.155,1.112,33939856,0
G1B,static,Nayuki,2,21,2.8589,365.619,0.481,31897472,0
G1B,static,Nayuki,2,22,3.0354,275.936,0.432,29596800,0
G1B,static,Nayuki,2,23,2.9818,343.906,0.522,40671600,660872
G1B,static,Nayuki,2,24,2.8276,127.347,0.295,14271152,660536
G1B,static,Nayuki,2,25,2.9296,221.606,0.354,19881480,660832
G1B,static,Nayuki,2,26,2.9020,248.934,0.389,21020808,0
G1B,static,Nayuki,2,27,2.9515,15.331,0.065,2637016,41656
G1B,static,Nayuki,2,28,2.9354,628.284,0.661,49861256,0
G1B,static,Nayuki,2,29,3.1640,254.237,0.352,22654224,657584
G1B,static,Nayuki,2,30,2.9206,67.387,0.199,10665840,82632
G1B,static,Nayuki,2,31,3.1605,137.481,0.399,14451368,0
G1B,static,Nayuki,2,32,2.9609,202.929,0.381,28423400,0
G1B,static,Nayuki,2,33,3.0685,4.217,0.046,1240616,0
G1B,static,Nayuki,2,34,2.8424,389.058,0.509,32707856,619984
G1B,static,Nayuki,2,35,2.8205,267.824,0.369,21824032,0
G1B,static,Nayuki,2,36,2.9174,429.375,0.527,40817728,658152
G1B,static,Nayuki,2,37,3.0056,426.893,0.819,38447952,580696
G1B,static,Nayuki,2,38,2.8992,415.876,0.556,38491624,584536
G1B,static,Nayuki,3,1,3.5410,250.381,0.623,27452264,207688
G1B,static,Nayuki,3,2,3.0836,166.261,0.262,17564128,0
G1B,static,Nayuki,3,3,2.9318,388.345,0.531,35654856,0
G1B,static,Nayuki,3,4,2.9161,233.023,0.373,23656248,0
G1B,static,Nayuki,3,5,2.8928,499.548,0.616,36685552,0
G1B,static,Nayuki,3,6,3.0000,312.478,0.676,25768360,0
G1B,static,Nayuki,3,7,2.8912,212.966,0.543,19894128,0
G1B,static,Nayuki,3,8,2.9888,404.310,0.744,29796400,0
G1B,static,Nayuki,3,9,2.9448,277.951,0.393,24751464,0
G1B,static,Nayuki,3,10,2.9027,304.145,0.440,27036816,0
G1B,static,Nayuki,3,11,2.9939,286.324,0.410,25360112,0
G1B,static,Nayuki,3,12,2.8970,221.895,0.362,21986040,0
G1B,static,Nayuki,3,13,3.1345,326.921,0.439,27503000,0
G1B,static,Nayuki,3,14,2.7751,432.077,0.568,37885136,0
G1B,static,Nayuki,3,15,2.9164,206.948,0.304,20600672,0
G1B,static,Nayuki,3,16,3.0442,16.404,0.094,3185144,83432
G1B,static,Nayuki,3,17,2.8844,249.589,0.368,19674312,162816
G1B,static,Nayuki,3,18,3.0909,369.655,0.523,33030424,0
G1B,static,Nayuki,3,19,2.9066,219.545,0.370,23052992,248984
G1B,static,Nayuki,3,20,2.9750,283.286,0.467,24499736,249664
G1B,static,Nayuki,3,21,2.8589,301.639,0.451,29333752,0
G1B,static,Nayuki,3,22,3.0354,255.780,0.445,29518352,0
G1B,static,Nayuki,3,23,2.9818,306.999,0.521,41088600,703864
G1B,static,Nayuki,3,24,2.8276,118.254,0.259,14067616,659680
G1B,static,Nayuki,3,25,2.9296,189.260,0.348,20070496,660864
G1B,static,Nayuki,3,26,2.9020,247.181,0.327,21216920,0
G1B,static,Nayuki,3,27,2.9515,12.892,0.067,2632408,41656
G1B,static,Nayuki,3,28,2.9354,518.970,0.655,63441944,0
G1B,static,Nayuki,3,29,3.1640,254.053,0.353,21946896,0
G1B,static,Nayuki,3,30,2.9206,64.291,0.190,10665072,82728
G1B,static,Nayuki,3,31,3.1605,147.805,0.280,14646720,0
G1B,static,Nayuki,3,32,2.9609,207.345,0.346,28435656,0
G1B,static,Nayuki,3,33,3.0685,4.210,0.045,1240616,0
G1B,static,Nayuki,3,34,2.8424,420.416,0.498,33200960,0
G1B,static,Nayuki,3,35,2.8205,237.459,0.314,22912648,0
G1B,static,Nayuki,3,36,2.9174,361.426,0.507,40862808,662112
G1B,static,Nayuki,3,37,3.0056,428.098,0.522,38551936,581064
G1B,static,Nayuki,3,38,2.8992,552.251,0.546,29868800,0
G1B,static,Nayuki,4,1,3.5410,257.945,0.377,38813864,0
G1B,static,Nayuki,4,2,3.0836,165.486,0.263,17107272,0
G1B,static,Nayuki,4,3,2.9318,369.762,0.527,35617792,0
G1B,static,Nayuki,4,4,2.9161,235.397,0.372,23512384,0
G1B,static,Nayuki,4,5,2.8928,485.390,0.613,36684320,0
G1B,static,Nayuki,4,6,3.0000,270.464,0.409,25576880,0
G1B,static,Nayuki,4,7,2.8912,194.135,0.329,19887472,0
G1B,static,Nayuki,4,8,2.9888,369.048,0.479,29797936,0
G1B,static,Nayuki,4,9,2.9448,268.287,0.396,24969328,0
G1B,static,Nayuki,4,10,2.9027,305.870,0.416,27035104,0
G1B,static,Nayuki,4,11,2.9939,266.172,0.409,25164848,0
G1B,static,Nayuki,4,12,2.8970,239.012,0.360,21987584,0
G1B,static,Nayuki,4,13,3.1345,374.997,0.444,27504536,0
G1B,static,Nayuki,4,14,2.7751,503.999,0.551,41358664,0
G1B,static,Nayuki,4,15,2.9164,205.264,0.297,21065144,0
G1B,static,Nayuki,4,16,3.0442,15.923,0.095,3183352,83304
G1B,static,Nayuki,4,17,2.8844,262.167,0.376,19674288,162760
G1B,static,Nayuki,4,18,3.0909,361.607,0.531,38443152,0
G1B,static,Nayuki,4,19,2.9066,229.337,0.382,38717464,0
G1B,static,Nayuki,4,20,2.9750,294.117,0.502,33948064,0
G1B,static,Nayuki,4,21,2.8589,297.010,0.443,31501184,0
G1B,static,Nayuki,4,22,3.0354,277.296,0.434,29793408,0
G1B,static,Nayuki,4,23,2.9818,302.357,0.527,40663920,660872
G1B,static,Nayuki,4,24,2.8276,124.400,0.261,14476976,660536
G1B,static,Nayuki,4,25,2.9296,199.911,0.359,20073992,660832
G1B,static,Nayuki,4,26,2.9020,235.220,0.336,21406856,0
G1B,static,Nayuki,4,27,2.9515,13.451,0.066,2636512,41656
G1B,static,Nayuki,4,28,2.9354,535.691,0.637,49856608,0
G1B,static,Nayuki,4,29,3.1640,247.691,0.460,22017280,654984
G1B,static,Nayuki,4,30,2.9206,83.171,0.191,10647320,82128
G1B,static,Nayuki,4,31,3.1605,129.125,0.274,14841744,0
G1B,static,Nayuki,4,32,2.9609,208.082,0.355,28231904,0
G1B,static,Nayuki,4,33,3.0685,4.078,0.047,1240616,0
G1B,static,Nayuki,4,34,2.8424,392.347,0.491,32732704,619984
G1B,static,Nayuki,4,35,2.8205,390.161,0.321,22570600,0
G1B,static,Nayuki,4,36,2.9174,468.450,0.512,41051224,662112
G1B,static,Nayuki,4,37,3.0056,470.627,0.533,33691392,623568
G1B,static,Nayuki,4,38,2.8992,467.629,0.552,47861656,0
G1B,static,Nayuki,5,1,3.5410,261.985,0.390,38757928,0
G1B,static,Nayuki,5,2,3.0836,167.054,0.261,16971392,0
G1B,static,Nayuki,5,3,2.9318,437.390,0.524,35703352,0
G1B,static,Nayuki,5,4,2.9161,268.716,0.367,22747984,0
G1B,static,Nayuki,5,5,2.8928,530.779,0.685,36890152,0
G1B,static,Nayuki,5,6,3.0000,288.240,0.411,25376096,0
G1B,static,Nayuki,5,7,2.8912,197.232,0.329,19890608,0
G1B,static,Nayuki,5,8,2.9888,369.748,0.469,29596200,0
G1B,static,Nayuki,5,9,2.9448,302.659,0.478,24547400,0
G1B,static,Nayuki,5,10,2.9027,401.100,0.441,26841104,0
G1B,static,Nayuki,5,11,2.9939,293.227,0.640,25164336,0
G1B,static,Nayuki,5,12,2.8970,236.374,0.351,22194432,0
G1B,static,Nayuki,5,13,3.1345,349.736,0.426,27502488,0
G1B,static,Nayuki,5,14,2.7751,487.923,0.532,41552712,0
G1B,static,Nayuki,5,15,2.9164,214.331,0.399,21554064,0
G1B,static,Nayuki,5,16,3.0442,18.080,0.086,3183304,83384
G1B,static,Nayuki,5,17,2.8844,291.984,0.353,19669480,162824
G1B,static,Nayuki,5,18,3.0909,429.781,0.534,38422272,0
G1B,static,Nayuki,5,19,2.9066,216.011,0.442,38558192,0
G1B,static,Nayuki,5,20,2.9750,293.792,0.464,33590184,0
G1B,static,Nayuki,5,21,2.8589,311.291,0.534,31703592,0
G1B,static,Nayuki,5,22,3.0354,278.196,0.418,29618264,0
G1B,static,Nayuki,5,23,2.9818,323.731,0.517,40869344,661000
G1B,static,Nayuki,5,24,2.8276,106.173,0.251,14272600,660488
G1B,static,Nayuki,5,25,2.9296,193.129,0.361,19872832,660872
G1B,static,Nayuki,5,26,2.9020,282.001,0.401,21217144,0
G1B,static,Nayuki,5,27,2.9515,14.460,0.066,2636640,41648
G1B,static,Nayuki,5,28,2.9354,569.848,0.669,49853168,0
G1B,static,Nayuki,5,29,3.1640,280.148,0.364,22064768,654880
G1B,static,Nayuki,5,30,2.9206,94.070,0.188,10884720,82128
G1B,static,Nayuki,5,31,3.1605,140.328,0.256,14845312,0
G1B,static,Nayuki,5,32,2.9609,213.363,0.343,28474048,0
G1B,static,Nayuki,5,33,3.0685,4.160,0.047,1283256,40104
G1B,static,Nayuki,5,34,2.8424,415.886,0.468,33608840,0
G1B,static,Nayuki,5,35,2.8205,277.686,0.310,22586328,0
G1B,static,Nayuki,5,36,2.9174,392.352,0.518,40856840,658256
G1B,static,Nayuki,5,37,3.0056,412.446,0.579,38571904,580728
G1B,static,Nayuki,5,38,2.8992,432.921,0.523,34649648,166136
G1B,semi-adaptive,BigDecimal,1,1,3.3475,628.685,7.861,118459680,15726592
G1B,semi-adaptive,BigDecimal,1,2,2.8691,353.529,7.895,-9532984,9439232
G1B,semi-adaptive,BigDecimal,1,3,2.8040,834.005,9.066,11534920,18874368
G1B,semi-adaptive,BigDecimal,1,4,2.6710,572.743,7.221,27984368,-178261104
G1B,semi-adaptive,BigDecimal,1,5,2.8105,1139.775,10.372,-12133504,23068672
G1B,semi-adaptive,BigDecimal,1,6,2.8201,656.579,7.349,7161184,13629440
G1B,semi-adaptive,BigDecimal,1,7,2.7193,464.788,5.646,79969136,12582912
G1B,semi-adaptive,BigDecimal,1,8,2.7584,714.303,8.592,-20127648,16777216
G1B,semi-adaptive,BigDecimal,1,9,2.7822,664.247,7.858,12726128,15730688
G1B,semi-adaptive,BigDecimal,1,10,2.6578,730.396,8.017,-1030480,16777216
G1B,semi-adaptive,BigDecimal,1,11,2.8098,739.120,7.642,33114608,14680064
G1B,semi-adaptive,BigDecimal,1,12,2.6944,538.403,6.362,63553520,13629440
G1B,semi-adaptive,BigDecimal,1,13,2.9123,707.735,8.960,63083824,18874368
G1B,semi-adaptive,BigDecimal,1,14,2.6179,845.025,9.304,131565576,15730688
G1B,semi-adaptive,BigDecimal,1,15,2.6622,463.574,5.765,63819072,14680064
G1B,semi-adaptive,BigDecimal,1,16,2.8496,38.068,1.211,10723152,3147776
G1B,semi-adaptive,BigDecimal,1,17,2.6667,547.337,5.151,40077368,10485760
G1B,semi-adaptive,BigDecimal,1,18,2.9290,829.335,10.332,45509696,19920896
G1B,semi-adaptive,BigDecimal,1,19,2.7716,564.791,5.583,-17421048,10485760
G1B,semi-adaptive,BigDecimal,1,20,2.8531,762.900,7.586,36313688,14680064
G1B,semi-adaptive,BigDecimal,1,21,2.7718,746.743,8.034,-4331264,-178263304
G1B,semi-adaptive,BigDecimal,1,22,2.8971,585.949,6.803,30462880,14680064
G1B,semi-adaptive,BigDecimal,1,23,2.8303,705.022,7.752,-15668136,14680064
G1B,semi-adaptive,BigDecimal,1,24,2.7586,303.282,3.839,32618472,8388608
G1B,semi-adaptive,BigDecimal,1,25,2.8732,479.384,5.486,64329976,11532288
G1B,semi-adaptive,BigDecimal,1,26,2.6699,486.410,6.017,70671328,13633536
G1B,semi-adaptive,BigDecimal,1,27,2.6117,23.222,0.327,3535368,0
G1B,semi-adaptive,BigDecimal,1,28,2.7881,1393.239,9.218,67574352,18874368
G1B,semi-adaptive,BigDecimal,1,29,2.9614,587.751,6.995,37050608,15726592
G1B,semi-adaptive,BigDecimal,1,30,2.6931,140.726,2.940,44530504,5240832
G1B,semi-adaptive,BigDecimal,1,31,3.0165,357.658,4.443,157236576,9439232
G1B,semi-adaptive,BigDecimal,1,32,2.8185,420.562,5.644,71310464,11536384
G1B,semi-adaptive,BigDecimal,1,33,2.6438,6.756,0.197,6583376,289048
G1B,semi-adaptive,BigDecimal,1,34,2.7307,893.004,8.609,6295624,15726592
G1B,semi-adaptive,BigDecimal,1,35,2.5673,539.722,5.521,65797824,11536384
G1B,semi-adaptive,BigDecimal,1,36,2.8091,921.024,9.127,118043216,16777216
G1B,semi-adaptive,BigDecimal,1,37,2.8729,965.307,9.469,49046736,19924992
G1B,semi-adaptive,BigDecimal,1,38,2.7929,937.331,9.401,160561912,-174070240
G1B,semi-adaptive,BigDecimal,2,1,3.3475,670.922,7.695,-13874048,14680064
G1B,semi-adaptive,BigDecimal,2,2,2.8691,360.507,4.813,86187496,9439232
G1B,semi-adaptive,BigDecimal,2,3,2.8040,837.594,9.529,30541664,-71298880
G1B,semi-adaptive,BigDecimal,2,4,2.6710,554.103,6.585,174726264,14680064
G1B,semi-adaptive,BigDecimal,2,5,2.8105,1102.561,10.347,-10765784,22018048
G1B,semi-adaptive,BigDecimal,2,6,2.8201,665.697,7.710,-1820528,13629440
G1B,semi-adaptive,BigDecimal,2,7,2.7193,423.157,5.660,-89288,12582912
G1B,semi-adaptive,BigDecimal,2,8,2.7584,760.216,9.467,33712920,-115342392
G1B,semi-adaptive,BigDecimal,2,9,2.7822,622.192,7.629,60337928,15730688
G1B,semi-adaptive,BigDecimal,2,10,2.6578,699.324,7.808,-16285536,16777216
G1B,semi-adaptive,BigDecimal,2,11,2.8098,644.580,7.597,44253944,14680064
G1B,semi-adaptive,BigDecimal,2,12,2.6944,517.709,6.257,35664800,13629440
G1B,semi-adaptive,BigDecimal,2,13,2.9123,723.064,8.971,27041296,18874368
G1B,semi-adaptive,BigDecimal,2,14,2.6179,828.239,8.846,17805864,15730688
G1B,semi-adaptive,BigDecimal,2,15,2.6622,412.684,6.512,58914368,14680064
G1B,semi-adaptive,BigDecimal,2,16,2.8496,36.967,1.664,186800,3147776
G1B,semi-adaptive,BigDecimal,2,17,2.6667,569.948,5.156,60848216,10485760
G1B,semi-adaptive,BigDecimal,2,18,2.9290,831.882,10.779,18187816,-72366264
G1B,semi-adaptive,BigDecimal,2,19,2.7716,550.363,5.665,185527480,10485760
G1B,semi-adaptive,BigDecimal,2,20,2.8531,758.958,7.578,56817632,14680064
G1B,semi-adaptive,BigDecimal,2,21,2.7718,748.934,7.643,160573856,14680064
G1B,semi-adaptive,BigDecimal,2,22,2.8971,582.859,6.955,-8770256,14680064
G1B,semi-adaptive,BigDecimal,2,23,2.8303,719.928,8.285,31438776,14680064
G1B,semi-adaptive,BigDecimal,2,24,2.7586,291.641,3.827,40594672,8388608
G1B,semi-adaptive,BigDecimal,2,25,2.8732,480.196,5.489,22132688,11532288
G1B,semi-adaptive,BigDecimal,2,26,2.6699,467.850,6.132,-10225760,12582912
G1B,semi-adaptive,BigDecimal,2,27,2.6117,23.851,0.323,-828712,0
G1B,semi-adaptive,BigDecimal,2,28,2.7881,1412.748,9.409,10756680,18874368
G1B,semi-adaptive,BigDecimal,2,29,2.9614,622.513,7.618,-4840936,-166722192
G1B,semi-adaptive,BigDecimal,2,30,2.6931,132.793,2.583,48927472,5240832
G1B,semi-adaptive,BigDecimal,2,31,3.0165,352.097,4.976,71291976,9439232
G1B,semi-adaptive,BigDecimal,2,32,2.8185,420.481,5.312,46141824,12582912
G1B,semi-adaptive,BigDecimal,2,33,2.6438,8.829,0.969,2736568,-1724584
G1B,semi-adaptive,BigDecimal,2,34,2.7307,859.715,9.556,40965832,15726592
G1B,semi-adaptive,BigDecimal,2,35,2.5673,515.848,5.527,165509136,11536384
G1B,semi-adaptive,BigDecimal,2,36,2.8091,909.756,8.830,8627672,16777216
G1B,semi-adaptive,BigDecimal,2,37,2.8729,938.282,9.610,-20762488,19924992
G1B,semi-adaptive,BigDecimal,2,38,2.7929,966.952,8.740,177713248,18874368
G1B,semi-adaptive,BigDecimal,3,1,3.3475,684.415,7.710,22717400,14680064
G1B,semi-adaptive,BigDecimal,3,2,2.8691,350.292,4.823,84789008,9439232
G1B,semi-adaptive,BigDecimal,3,3,2.8040,810.137,9.439,7336008,18874368
G1B,semi-adaptive,BigDecimal,3,4,2.6710,578.389,6.588,25700120,13633536
G1B,semi-adaptive,BigDecimal,3,5,2.8105,1107.027,11.258,-33844408,-65010072
G1B,semi-adaptive,BigDecimal,3,6,2.8201,675.661,7.795,20593808,13629440
G1B,semi-adaptive,BigDecimal,3,7,2.7193,446.660,6.253,-14294232,12582912
G1B,semi-adaptive,BigDecimal,3,8,2.7584,828.207,9.821,44116648,17823744
G1B,semi-adaptive,BigDecimal,3,9,2.7822,644.432,7.734,27427152,15730688
G1B,semi-adaptive,BigDecimal,3,10,2.6578,679.483,8.072,59239072,15726592
G1B,semi-adaptive,BigDecimal,3,11,2.8098,663.287,8.388,718288,14680064
G1B,semi-adaptive,BigDecimal,3,12,2.6944,521.938,6.257,-8746552,13629440
G1B,semi-adaptive,BigDecimal,3,13,2.9123,715.338,9.127,-16338008,18874368
G1B,semi-adaptive,BigDecimal,3,14,2.6179,855.164,8.686,32872072,14680064
G1B,semi-adaptive,BigDecimal,3,15,2.6622,424.360,6.584,-10620120,14680064
G1B,semi-adaptive,BigDecimal,3,16,2.8496,36.833,1.228,2291832,3147776
G1B,semi-adaptive,BigDecimal,3,17,2.6667,559.452,5.139,-18908272,10485760
G1B,semi-adaptive,BigDecimal,3,18,2.9290,851.920,10.810,-6836160,19920896
G1B,semi-adaptive,BigDecimal,3,19,2.7716,548.526,5.785,6495528,10485760
G1B,semi-adaptive,BigDecimal,3,20,2.8531,779.733,7.768,-6088272,14680064
G1B,semi-adaptive,BigDecimal,3,21,2.7718,746.937,7.691,3284720,14680064
G1B,semi-adaptive,BigDecimal,3,22,2.8971,610.509,7.487,160281776,-184542488
G1B,semi-adaptive,BigDecimal,3,23,2.8303,718.472,7.729,42452224,14680064
G1B,semi-adaptive,BigDecimal,3,24,2.7586,315.290,4.421,757752,-81781336
G1B,semi-adaptive,BigDecimal,3,25,2.8732,488.481,6.114,143653584,11532288
G1B,semi-adaptive,BigDecimal,3,26,2.6699,489.884,6.032,117102432,12582912
G1B,semi-adaptive,BigDecimal,3,27,2.6117,22.618,0.323,5670112,0
G1B,semi-adaptive,BigDecimal,3,28,2.7881,1492.431,9.156,34716168,18874368
G1B,semi-adaptive,BigDecimal,3,29,2.9614,638.763,7.042,-20489592,15726592
G1B,semi-adaptive,BigDecimal,3,30,2.6931,139.073,3.621,12080912,-81788584
G1B,semi-adaptive,BigDecimal,3,31,3.0165,356.147,4.517,14861392,9439232
G1B,semi-adaptive,BigDecimal,3,32,2.8185,420.084,5.386,54407272,11536384
G1B,semi-adaptive,BigDecimal,3,33,2.6438,6.733,0.238,6586592,291992
G1B,semi-adaptive,BigDecimal,3,34,2.7307,911.644,8.371,-25543808,15725328
G1B,semi-adaptive,BigDecimal,3,35,2.5673,501.954,5.521,13680384,11536384
G1B,semi-adaptive,BigDecimal,3,36,2.8091,974.305,9.015,198057408,16777216
G1B,semi-adaptive,BigDecimal,3,37,2.8729,944.725,9.847,38676880,19924992
G1B,semi-adaptive,BigDecimal,3,38,2.7929,953.476,8.842,-733984,18874368
G1B,semi-adaptive,BigDecimal,4,1,3.3475,630.611,7.813,11508672,15726592
G1B,semi-adaptive,BigDecimal,4,2,2.8691,355.319,4.700,88309488,9439232
G1B,semi-adaptive,BigDecimal,4,3,2.8040,853.462,9.276,-14753008,17827840
G1B,semi-adaptive,BigDecimal,4,4,2.6710,528.841,7.191,6436920,-75502256
G1B,semi-adaptive,BigDecimal,4,5,2.8105,1126.654,10.629,180351056,22018048
G1B,semi-adaptive,BigDecimal,4,6,2.8201,656.195,7.832,59859704,-78650160
G1B,semi-adaptive,BigDecimal,4,7,2.7193,417.690,5.755,116153280,12582912
G1B,semi-adaptive,BigDecimal,4,8,2.7584,756.499,8.695,74759208,16777216
G1B,semi-adaptive,BigDecimal,4,9,2.7822,656.279,7.611,-4497824,15730688
G1B,semi-adaptive,BigDecimal,4,10,2.6578,701.379,7.852,40954296,15726592
G1B,semi-adaptive,BigDecimal,4,11,2.8098,652.911,8.123,55863568,15730688
G1B,semi-adaptive,BigDecimal,4,12,2.6944,523.777,6.704,38132008,13629440
G1B,semi-adaptive,BigDecimal,4,13,2.9123,718.309,9.519,26322960,18874368
G1B,semi-adaptive,BigDecimal,4,14,2.6179,905.758,8.684,136019464,15730688
G1B,semi-adaptive,BigDecimal,4,15,2.6622,425.855,5.725,19046840,14680064
G1B,semi-adaptive,BigDecimal,4,16,2.8496,35.324,1.241,26533128,3147776
G1B,semi-adaptive,BigDecimal,4,17,2.6667,562.075,5.807,11770536,10485760
G1B,semi-adaptive,BigDecimal,4,18,2.9290,871.711,11.140,5197928,-70268248
G1B,semi-adaptive,BigDecimal,4,19,2.7716,563.421,5.649,27566344,10485760
G1B,semi-adaptive,BigDecimal,4,20,2.8531,759.302,7.799,49915360,14680064
G1B,semi-adaptive,BigDecimal,4,21,2.7718,755.149,7.707,4320784,14680064
G1B,semi-adaptive,BigDecimal,4,22,2.8971,599.138,6.917,11420232,14680064
G1B,semi-adaptive,BigDecimal,4,23,2.8303,702.685,7.924,14493000,14680064
G1B,semi-adaptive,BigDecimal,4,24,2.7586,303.866,5.158,40998664,8388608
G1B,semi-adaptive,BigDecimal,4,25,2.8732,506.703,5.504,481048,11532288
G1B,semi-adaptive,BigDecimal,4,26,2.6699,504.420,6.482,85316000,13633536
G1B,semi-adaptive,BigDecimal,4,27,2.6117,22.530,0.324,3532624,0
G1B,semi-adaptive,BigDecimal,4,28,2.7881,1424.123,10.662,210327152,-199253664
G1B,semi-adaptive,BigDecimal,4,29,2.9614,608.917,7.038,51395480,15726592
G1B,semi-adaptive,BigDecimal,4,30,2.6931,135.467,2.569,44643432,5240832
G1B,semi-adaptive,BigDecimal,4,31,3.0165,343.740,4.394,19959080,9439232
G1B,semi-adaptive,BigDecimal,4,32,2.8185,424.204,5.715,85617408,11536384
G1B,semi-adaptive,BigDecimal,4,33,2.6438,7.313,0.232,6795200,209032
G1B,semi-adaptive,BigDecimal,4,34,2.7307,914.046,8.930,109202824,15726592
G1B,semi-adaptive,BigDecimal,4,35,2.5673,535.856,6.567,28569768,11536384
G1B,semi-adaptive,BigDecimal,4,36,2.8091,900.548,8.892,259087416,16777216
G1B,semi-adaptive,BigDecimal,4,37,2.8729,952.928,9.471,49005048,18874368
G1B,semi-adaptive,BigDecimal,4,38,2.7929,953.482,9.996,77952400,18874368
G1B,semi-adaptive,BigDecimal,5,1,3.3475,656.949,8.529,39467216,-179317648
G1B,semi-adaptive,BigDecimal,5,2,2.8691,368.858,4.729,52923472,10485760
G1B,semi-adaptive,BigDecimal,5,3,2.8040,846.145,9.031,68530056,17823744
G1B,semi-adaptive,BigDecimal,5,4,2.6710,550.677,6.976,51726752,14680064
G1B,semi-adaptive,BigDecimal,5,5,2.8105,1110.673,10.279,55313688,23068672
G1B,semi-adaptive,BigDecimal,5,6,2.8201,646.718,7.353,-8780960,13629440
G1B,semi-adaptive,BigDecimal,5,7,2.7193,429.697,6.348,150322016,-176156520
G1B,semi-adaptive,BigDecimal,5,8,2.7584,745.072,8.632,129201144,16777216
G1B,semi-adaptive,BigDecimal,5,9,2.7822,635.142,7.746,-3964064,15730688
G1B,semi-adaptive,BigDecimal,5,10,2.6578,672.056,7.742,17501424,15726592
G1B,semi-adaptive,BigDecimal,5,11,2.8098,653.962,7.704,184582112,14680064
G1B,semi-adaptive,BigDecimal,5,12,2.6944,531.760,6.221,50879664,13629440
G1B,semi-adaptive,BigDecimal,5,13,2.9123,731.468,8.929,49041864,18874368
G1B,semi-adaptive,BigDecimal,5,14,2.6179,834.906,8.651,-17785312,15730688
G1B,semi-adaptive,BigDecimal,5,15,2.6622,428.113,5.794,-3929096,14680064
G1B,semi-adaptive,BigDecimal,5,16,2.8496,35.783,1.211,8623760,3147776
G1B,semi-adaptive,BigDecimal,5,17,2.6667,558.769,5.276,63163400,10485760
G1B,semi-adaptive,BigDecimal,5,18,2.9290,863.921,10.762,2321168,-70275320
G1B,semi-adaptive,BigDecimal,5,19,2.7716,546.299,5.745,35839752,10485760
G1B,semi-adaptive,BigDecimal,5,20,2.8531,754.166,8.280,68302392,14680064
G1B,semi-adaptive,BigDecimal,5,21,2.7718,745.479,7.653,31144896,14680064
G1B,semi-adaptive,BigDecimal,5,22,2.8971,613.687,6.845,148143600,14680064
G1B,semi-adaptive,BigDecimal,5,23,2.8303,698.384,8.104,123231240,14680064
G1B,semi-adaptive,BigDecimal,5,24,2.7586,302.339,4.198,168280352,8388608
G1B,semi-adaptive,BigDecimal,5,25,2.8732,472.899,5.508,67435488,11532288
G1B,semi-adaptive,BigDecimal,5,26,2.6699,456.066,7.055,70354240,-116389824
G1B,semi-adaptive,BigDecimal,5,27,2.6117,23.170,0.322,5670232,0
G1B,semi-adaptive,BigDecimal,5,28,2.7881,1386.316,10.416,16381704,-264258768
G1B,semi-adaptive,BigDecimal,5,29,2.9614,610.884,7.197,7604224,15726592
G1B,semi-adaptive,BigDecimal,5,30,2.6931,132.871,2.576,20855960,6291456
G1B,semi-adaptive,BigDecimal,5,31,3.0165,347.913,4.446,39240960,9439232
G1B,semi-adaptive,BigDecimal,5,32,2.8185,424.298,5.405,53287264,11536384
G1B,semi-adaptive,BigDecimal,5,33,2.6438,6.991,0.191,6796256,209032
G1B,semi-adaptive,BigDecimal,5,34,2.7307,905.898,8.383,288448960,15726592
G1B,semi-adaptive,BigDecimal,5,35,2.5673,534.392,5.546,22364184,11536384
G1B,semi-adaptive,BigDecimal,5,36,2.8091,914.746,8.673,73006456,16777216
G1B,semi-adaptive,BigDecimal,5,37,2.8729,954.898,9.553,59811704,19924992
G1B,semi-adaptive,BigDecimal,5,38,2.7929,956.103,8.831,-14771512,18874368
G1B,semi-adaptive,Nayuki,1,1,3.3836,222.126,0.358,2493640,0
G1B,semi-adaptive,Nayuki,1,2,2.9382,166.572,0.251,-4863392,124768
G1B,semi-adaptive,Nayuki,1,3,2.8636,343.660,0.510,16043408,0
G1B,semi-adaptive,Nayuki,1,4,2.7355,223.810,0.348,114552,0
G1B,semi-adaptive,Nayuki,1,5,2.8529,605.441,0.612,-28731184,0
G1B,semi-adaptive,Nayuki,1,6,2.8537,282.335,0.405,-215096,0
G1B,semi-adaptive,Nayuki,1,7,2.8070,169.954,0.323,111864,347752
G1B,semi-adaptive,Nayuki,1,8,2.8090,359.195,0.560,10040864,0
G1B,semi-adaptive,Nayuki,1,9,2.8221,265.314,0.420,4227720,124808
G1B,semi-adaptive,Nayuki,1,10,2.7139,293.222,0.414,657992,0
G1B,semi-adaptive,Nayuki,1,11,2.8466,265.099,0.395,-85544,0
G1B,semi-adaptive,Nayuki,1,12,2.7641,215.724,0.445,19494848,414000
G1B,semi-adaptive,Nayuki,1,13,2.9474,323.544,0.430,7415056,0
G1B,semi-adaptive,Nayuki,1,14,2.6883,405.942,0.546,-4059624,0
G1B,semi-adaptive,Nayuki,1,15,2.7291,204.254,0.328,1031376,0
G1B,semi-adaptive,Nayuki,1,16,3.0442,14.379,0.085,-172496,0
G1B,semi-adaptive,Nayuki,1,17,2.7483,183.436,0.368,18253720,439464
G1B,semi-adaptive,Nayuki,1,18,3.0000,358.913,0.550,-22444192,98648
G1B,semi-adaptive,Nayuki,1,19,2.8512,175.039,0.358,17936536,0
G1B,semi-adaptive,Nayuki,1,20,2.9000,271.787,0.468,10883536,747720
G1B,semi-adaptive,Nayuki,1,21,2.8108,311.571,0.447,9473080,431888
G1B,semi-adaptive,Nayuki,1,22,2.9325,211.874,0.425,20971488,0
G1B,semi-adaptive,Nayuki,1,23,2.8848,277.695,0.484,24803360,0
G1B,semi-adaptive,Nayuki,1,24,2.8621,106.023,0.236,-2006872,0
G1B,semi-adaptive,Nayuki,1,25,2.9296,171.827,0.352,6132032,665368
G1B,semi-adaptive,Nayuki,1,26,2.7451,206.569,0.310,20306752,0
G1B,semi-adaptive,Nayuki,1,27,2.7961,9.866,0.058,2346208,0
G1B,semi-adaptive,Nayuki,1,28,2.8320,478.356,0.600,-17113696,0
G1B,semi-adaptive,Nayuki,1,29,3.0096,233.402,0.364,43344,543800
G1B,semi-adaptive,Nayuki,1,30,2.7937,51.665,0.183,7679232,208240
G1B,semi-adaptive,Nayuki,1,31,3.0617,118.712,0.254,-7391016,0
G1B,semi-adaptive,Nayuki,1,32,2.9039,170.909,0.327,374640,0
G1B,semi-adaptive,Nayuki,1,33,2.9589,4.101,0.041,1209424,0
G1B,semi-adaptive,Nayuki,1,34,2.7966,331.756,0.473,201656,247536
G1B,semi-adaptive,Nayuki,1,35,2.6410,233.641,0.289,19605320,580264
G1B,semi-adaptive,Nayuki,1,36,2.8718,332.908,0.501,121928,0
G1B,semi-adaptive,Nayuki,1,37,2.9379,354.208,0.497,-20918776,0
G1B,semi-adaptive,Nayuki,1,38,2.8556,394.741,0.525,-24946056,208768
G1B,semi-adaptive,Nayuki,2,1,3.3836,217.707,0.363,20640224,0
G1B,semi-adaptive,Nayuki,2,2,2.9382,165.910,0.269,-4530680,623016
G1B,semi-adaptive,Nayuki,2,3,2.8636,339.703,0.509,21412528,97160
G1B,semi-adaptive,Nayuki,2,4,2.7355,219.351,0.357,22760880,0
G1B,semi-adaptive,Nayuki,2,5,2.8529,484.279,0.627,28866240,0
G1B,semi-adaptive,Nayuki,2,6,2.8537,268.642,0.396,23782216,0
G1B,semi-adaptive,Nayuki,2,7,2.8070,160.766,0.318,17356648,0
G1B,semi-adaptive,Nayuki,2,8,2.8090,351.611,0.481,8063168,0
G1B,semi-adaptive,Nayuki,2,9,2.8221,256.098,0.405,24783056,263968
G1B,semi-adaptive,Nayuki,2,10,2.7139,292.153,0.413,18385112,0
G1B,semi-adaptive,Nayuki,2,11,2.8466,273.379,0.394,-5831584,0
G1B,semi-adaptive,Nayuki,2,12,2.7641,210.090,0.347,-5637792,582224
G1B,semi-adaptive,Nayuki,2,13,2.9474,324.691,0.420,3768456,166152
G1B,semi-adaptive,Nayuki,2,14,2.6883,400.534,0.544,-24249928,0
G1B,semi-adaptive,Nayuki,2,15,2.7291,222.939,0.279,156248,0
G1B,semi-adaptive,Nayuki,2,16,3.0442,14.016,0.087,53320,0
G1B,semi-adaptive,Nayuki,2,17,2.7483,186.350,0.370,18295104,458680
G1B,semi-adaptive,Nayuki,2,18,3.0000,364.897,0.516,2415008,0
G1B,semi-adaptive,Nayuki,2,19,2.8512,183.960,0.355,687688,0
G1B,semi-adaptive,Nayuki,2,20,2.9000,230.900,0.451,21908784,373408
G1B,semi-adaptive,Nayuki,2,21,2.8108,334.523,0.438,9022280,512688
G1B,semi-adaptive,Nayuki,2,22,2.9325,213.618,0.423,20306224,0
G1B,semi-adaptive,Nayuki,2,23,2.8848,347.217,0.500,8974144,1057608
G1B,semi-adaptive,Nayuki,2,24,2.8621,91.718,0.239,11919592,0
G1B,semi-adaptive,Nayuki,2,25,2.9296,174.295,0.384,5599648,0
G1B,semi-adaptive,Nayuki,2,26,2.7451,201.643,0.426,20307056,0
G1B,semi-adaptive,Nayuki,2,27,2.7961,9.775,0.061,2346208,0
G1B,semi-adaptive,Nayuki,2,28,2.8320,483.036,0.618,30490776,459120
G1B,semi-adaptive,Nayuki,2,29,3.0096,213.029,0.324,20350536,0
G1B,semi-adaptive,Nayuki,2,30,2.7937,59.580,0.177,-7379408,0
G1B,semi-adaptive,Nayuki,2,31,3.0617,112.297,0.258,-87288,93312
G1B,semi-adaptive,Nayuki,2,32,2.9039,174.453,0.348,14025144,0
G1B,semi-adaptive,Nayuki,2,33,2.9589,4.129,0.040,1208496,0
G1B,semi-adaptive,Nayuki,2,34,2.7966,359.935,0.466,-18349576,332352
G1B,semi-adaptive,Nayuki,2,35,2.6410,233.685,0.301,11752168,249608
G1B,semi-adaptive,Nayuki,2,36,2.8718,374.894,0.504,5848416,0
G1B,semi-adaptive,Nayuki,2,37,2.9379,385.630,0.504,9996752,0
G1B,semi-adaptive,Nayuki,2,38,2.8556,395.942,0.552,26088792,0
G1B,semi-adaptive,Nayuki,3,1,3.3836,217.748,0.360,187216,541728
G1B,semi-adaptive,Nayuki,3,2,2.9382,161.216,0.256,2624200,665160
G1B,semi-adaptive,Nayuki,3,3,2.8636,348.455,0.516,3572824,0
G1B,semi-adaptive,Nayuki,3,4,2.7355,208.413,0.361,20349728,331984
G1B,semi-adaptive,Nayuki,3,5,2.8529,543.668,0.603,13726048,0
G1B,semi-adaptive,Nayuki,3,6,2.8537,280.238,0.392,216304,0
G1B,semi-adaptive,Nayuki,3,7,2.8070,161.698,0.313,17397720,0
G1B,semi-adaptive,Nayuki,3,8,2.8090,348.280,0.458,4067504,0
G1B,semi-adaptive,Nayuki,3,9,2.8221,286.060,0.397,7165456,166328
G1B,semi-adaptive,Nayuki,3,10,2.7139,294.610,0.422,16769088,166576
G1B,semi-adaptive,Nayuki,3,11,2.8466,259.471,0.508,5630816,352056
G1B,semi-adaptive,Nayuki,3,12,2.7641,201.897,0.349,500136,0
G1B,semi-adaptive,Nayuki,3,13,2.9474,316.419,0.442,8146072,0
G1B,semi-adaptive,Nayuki,3,14,2.6883,378.645,0.520,25723248,0
G1B,semi-adaptive,Nayuki,3,15,2.7291,199.601,0.276,4048,0
G1B,semi-adaptive,Nayuki,3,16,3.0442,12.489,0.085,2776328,0
G1B,semi-adaptive,Nayuki,3,17,2.7483,183.403,0.488,18253304,374968
G1B,semi-adaptive,Nayuki,3,18,3.0000,343.020,0.521,3873000,181504
G1B,semi-adaptive,Nayuki,3,19,2.8512,183.648,0.576,353992,0
G1B,semi-adaptive,Nayuki,3,20,2.9000,228.943,0.453,21695936,0
G1B,semi-adaptive,Nayuki,3,21,2.8108,296.430,0.437,10929248,0
G1B,semi-adaptive,Nayuki,3,22,2.9325,230.943,0.419,-103448,0
G1B,semi-adaptive,Nayuki,3,23,2.8848,285.810,0.534,6488616,1099328
G1B,semi-adaptive,Nayuki,3,24,2.8621,98.314,0.255,444792,0
G1B,semi-adaptive,Nayuki,3,25,2.9296,167.749,0.506,410496,0
G1B,semi-adaptive,Nayuki,3,26,2.7451,198.447,0.309,20035552,0
G1B,semi-adaptive,Nayuki,3,27,2.7961,9.987,0.059,2347232,0
G1B,semi-adaptive,Nayuki,3,28,2.8320,443.518,0.612,29442264,0
G1B,semi-adaptive,Nayuki,3,29,3.0096,208.007,0.318,20971504,0
G1B,semi-adaptive,Nayuki,3,30,2.7937,51.570,0.181,7596912,206120
G1B,semi-adaptive,Nayuki,3,31,3.0617,113.298,0.252,-5759432,0
G1B,semi-adaptive,Nayuki,3,32,2.9039,174.411,0.327,407960,0
G1B,semi-adaptive,Nayuki,3,33,2.9589,4.349,0.041,1208496,0
G1B,semi-adaptive,Nayuki,3,34,2.7966,349.689,0.475,3040648,0
G1B,semi-adaptive,Nayuki,3,35,2.6410,241.973,0.285,21791184,0
G1B,semi-adaptive,Nayuki,3,36,2.8718,360.890,0.492,8657032,0
G1B,semi-adaptive,Nayuki,3,37,2.9379,344.403,0.785,25700872,1046528
G1B,semi-adaptive,Nayuki,3,38,2.8556,392.388,0.568,16788056,0
G1B,semi-adaptive,Nayuki,4,1,3.3836,206.957,0.363,19645920,622280
G1B,semi-adaptive,Nayuki,4,2,2.9382,156.528,0.256,2798384,0
G1B,semi-adaptive,Nayuki,4,3,2.8636,366.262,0.554,12295424,955448
G1B,semi-adaptive,Nayuki,4,4,2.7355,224.645,0.354,104384,472176
G1B,semi-adaptive,Nayuki,4,5,2.8529,486.245,0.610,-9976360,590776
G1B,semi-adaptive,Nayuki,4,6,2.8537,251.263,0.410,25362120,0
G1B,semi-adaptive,Nayuki,4,7,2.8070,165.174,0.325,17398504,331904
G1B,semi-adaptive,Nayuki,4,8,2.8090,353.953,0.458,-1395520,166144
G1B,semi-adaptive,Nayuki,4,9,2.8221,269.166,0.401,8019232,0
G1B,semi-adaptive,Nayuki,4,10,2.7139,322.026,0.422,21680200,0
G1B,semi-adaptive,Nayuki,4,11,2.8466,258.150,0.404,466976,0
G1B,semi-adaptive,Nayuki,4,12,2.7641,202.508,0.350,431320,541944
G1B,semi-adaptive,Nayuki,4,13,2.9474,307.690,0.469,12708928,0
G1B,semi-adaptive,Nayuki,4,14,2.6883,397.551,0.557,-7584616,0
G1B,semi-adaptive,Nayuki,4,15,2.7291,209.380,0.303,-8171176,0
G1B,semi-adaptive,Nayuki,4,16,3.0442,15.812,0.097,683064,0
G1B,semi-adaptive,Nayuki,4,17,2.7483,208.681,0.361,132048,225552
G1B,semi-adaptive,Nayuki,4,18,3.0000,415.782,0.566,-6603232,222936
G1B,semi-adaptive,Nayuki,4,19,2.8512,192.487,0.552,546544,0
G1B,semi-adaptive,Nayuki,4,20,2.9000,261.193,0.465,8928816,623656
G1B,semi-adaptive,Nayuki,4,21,2.8108,287.637,0.458,8182488,596416
G1B,semi-adaptive,Nayuki,4,22,2.9325,210.631,0.420,20971504,0
G1B,semi-adaptive,Nayuki,4,23,2.8848,298.387,0.588,10060768,710056
G1B,semi-adaptive,Nayuki,4,24,2.8621,101.004,0.246,830808,124864
G1B,semi-adaptive,Nayuki,4,25,2.9296,188.490,0.343,18542656,0
G1B,semi-adaptive,Nayuki,4,26,2.7451,209.725,0.318,643872,416384
G1B,semi-adaptive,Nayuki,4,27,2.7961,9.908,0.058,2346712,0
G1B,semi-adaptive,Nayuki,4,28,2.8320,519.863,0.843,-20627280,0
G1B,semi-adaptive,Nayuki,4,29,3.0096,240.151,0.390,67528,584968
G1B,semi-adaptive,Nayuki,4,30,2.7937,61.594,0.182,7679632,208416
G1B,semi-adaptive,Nayuki,4,31,3.0617,127.951,0.260,-5705968,0
G1B,semi-adaptive,Nayuki,4,32,2.9039,173.487,0.324,395168,0
G1B,semi-adaptive,Nayuki,4,33,2.9589,4.198,0.041,1209424,0
G1B,semi-adaptive,Nayuki,4,34,2.7966,342.639,0.483,-19925640,0
G1B,semi-adaptive,Nayuki,4,35,2.6410,218.154,0.291,503408,583712
G1B,semi-adaptive,Nayuki,4,36,2.8718,326.840,0.482,8799120,0
G1B,semi-adaptive,Nayuki,4,37,2.9379,341.484,0.483,-24816216,166440
G1B,semi-adaptive,Nayuki,4,38,2.8556,391.050,0.528,-22338776,208472
G1B,semi-adaptive,Nayuki,5,1,3.3836,224.873,0.365,6251064,0
G1B,semi-adaptive,Nayuki,5,2,2.9382,154.171,0.260,228944,581104
G1B,semi-adaptive,Nayuki,5,3,2.8636,350.534,0.554,9279160,917224
G1B,semi-adaptive,Nayuki,5,4,2.7355,207.900,0.372,20393720,0
G1B,semi-adaptive,Nayuki,5,5,2.8529,479.358,0.590,15734224,0
G1B,semi-adaptive,Nayuki,5,6,2.8537,255.503,0.390,751840,415984
G1B,semi-adaptive,Nayuki,5,7,2.8070,172.940,0.335,-3795312,0
G1B,semi-adaptive,Nayuki,5,8,2.8090,333.560,0.465,7913344,0
G1B,semi-adaptive,Nayuki,5,9,2.8221,274.010,0.408,5569016,0
G1B,semi-adaptive,Nayuki,5,10,2.7139,294.430,0.420,8241408,581992
G1B,semi-adaptive,Nayuki,5,11,2.8466,260.163,0.387,8966768,0
G1B,semi-adaptive,Nayuki,5,12,2.7641,201.237,0.357,19496200,415040
G1B,semi-adaptive,Nayuki,5,13,2.9474,336.429,0.425,10104664,0
G1B,semi-adaptive,Nayuki,5,14,2.6883,380.812,0.557,25624888,0
G1B,semi-adaptive,Nayuki,5,15,2.7291,203.492,0.297,-6193992,0
G1B,semi-adaptive,Nayuki,5,16,3.0442,12.708,0.085,2790896,0
G1B,semi-adaptive,Nayuki,5,17,2.7483,182.274,0.408,18295576,333216
G1B,semi-adaptive,Nayuki,5,18,3.0000,335.417,0.519,3743464,0
G1B,semi-adaptive,Nayuki,5,19,2.8512,183.678,0.355,536560,0
G1B,semi-adaptive,Nayuki,5,20,2.9000,259.294,0.472,16962624,0
G1B,semi-adaptive,Nayuki,5,21,2.8108,278.448,0.444,21225928,0
G1B,semi-adaptive,Nayuki,5,22,2.9325,223.854,0.433,-29088,543872
G1B,semi-adaptive,Nayuki,5,23,2.8848,330.695,0.739,8788480,1050624
G1B,semi-adaptive,Nayuki,5,24,2.8621,105.221,0.244,153904,0
G1B,semi-adaptive,Nayuki,5,25,2.9296,174.524,0.330,8182704,664560
G1B,semi-adaptive,Nayuki,5,26,2.7451,199.798,0.311,20348704,0
G1B,semi-adaptive,Nayuki,5,27,2.7961,10.500,0.058,2344976,0
G1B,semi-adaptive,Nayuki,5,28,2.8320,477.786,0.723,29441120,0
G1B,semi-adaptive,Nayuki,5,29,3.0096,288.651,0.331,18136672,0
G1B,semi-adaptive,Nayuki,5,30,2.7937,53.359,0.181,7723016,0
G1B,semi-adaptive,Nayuki,5,31,3.0617,120.929,0.276,-6908720,748256
G1B,semi-adaptive,Nayuki,5,32,2.9039,167.607,0.326,370944,0
G1B,semi-adaptive,Nayuki,5,33,2.9589,4.034,0.041,1209152,0
G1B,semi-adaptive,Nayuki,5,34,2.7966,360.936,0.484,-19983680,0
G1B,semi-adaptive,Nayuki,5,35,2.6410,219.950,0.290,532080,583712
G1B,semi-adaptive,Nayuki,5,36,2.8718,338.518,0.484,8952720,0
G1B,semi-adaptive,Nayuki,5,37,2.9379,416.619,0.498,5627176,0
G1B,semi-adaptive,Nayuki,5,38,2.8556,372.923,0.525,-4080056,0
G1B,adaptive,BigDecimal,1,1,3.5770,468.280,12.416,26017416,29360128
G1B,adaptive,BigDecimal,1,2,3.1782,312.598,9.674,114528160,23068672
G1B,adaptive,BigDecimal,1,3,3.0568,787.790,16.504,23938312,34600960
G1B,adaptive,BigDecimal,1,4,2.9484,463.471,12.606,3921264,-63955992
G1B,adaptive,BigDecimal,1,5,3.0349,1035.176,18.996,44915808,-51379592
G1B,adaptive,BigDecimal,1,6,3.0793,483.830,14.926,24023776,-63965288
G1B,adaptive,BigDecimal,1,7,3.0281,367.768,10.808,15544168,23068672
G1B,adaptive,BigDecimal,1,8,3.0140,601.907,14.178,56459712,33554432
G1B,adaptive,BigDecimal,1,9,3.0337,494.825,13.877,107821448,29360128
G1B,adaptive,BigDecimal,1,10,2.9233,536.447,14.783,84787560,-59771816
G1B,adaptive,BigDecimal,1,11,3.0583,495.043,13.954,20803080,30406656
G1B,adaptive,BigDecimal,1,12,2.9967,406.120,15.305,63456424,-112204248
G1B,adaptive,BigDecimal,1,13,3.1491,656.728,15.301,23985064,-1055072
G1B,adaptive,BigDecimal,1,14,2.8726,826.862,15.840,26589608,-55573064
G1B,adaptive,BigDecimal,1,15,2.9599,381.541,12.573,38667360,24119296
G1B,adaptive,BigDecimal,1,16,3.4071,41.673,3.741,2957504,7337984
G1B,adaptive,BigDecimal,1,17,2.9592,396.891,12.701,73377064,25165824
G1B,adaptive,BigDecimal,1,18,3.1847,798.041,16.853,59631320,-109055976
G1B,adaptive,BigDecimal,1,19,3.0588,391.822,12.571,36990080,26212352
G1B,adaptive,BigDecimal,1,20,3.0969,615.621,14.546,25025056,30406656
G1B,adaptive,BigDecimal,1,21,3.0240,629.409,15.055,87912728,30406656
G1B,adaptive,BigDecimal,1,22,3.1383,577.821,14.970,28822752,-108001160
G1B,adaptive,BigDecimal,1,23,3.0727,715.269,16.827,11277824,-60828848
G1B,adaptive,BigDecimal,1,24,3.0948,227.997,9.213,90115864,19924992
G1B,adaptive,BigDecimal,1,25,3.1479,457.959,12.169,51260936,24115200
G1B,adaptive,BigDecimal,1,26,2.9641,448.182,11.832,87895648,25165824
G1B,adaptive,BigDecimal,1,27,3.1942,19.537,3.579,3908640,5240832
G1B,adaptive,BigDecimal,1,28,3.0233,1049.775,18.890,30240448,37748736
G1B,adaptive,BigDecimal,1,29,3.2090,511.916,14.138,10341592,-66057272
G1B,adaptive,BigDecimal,1,30,3.0847,141.942,6.143,54790064,13633536
G1B,adaptive,BigDecimal,1,31,3.3004,269.032,10.171,100602808,19920896
G1B,adaptive,BigDecimal,1,32,3.1174,368.522,11.381,68106536,25165824
G1B,adaptive,BigDecimal,1,33,3.3699,8.662,1.716,10056544,-5951864
G1B,adaptive,BigDecimal,1,34,2.9914,714.312,14.040,50267560,31457280
G1B,adaptive,BigDecimal,1,35,2.8558,407.481,10.934,98923472,23068672
G1B,adaptive,BigDecimal,1,36,3.0655,750.373,15.056,55443856,-55573416
G1B,adaptive,BigDecimal,1,37,3.1271,780.678,15.450,97615560,34600960
G1B,adaptive,BigDecimal,1,38,3.0409,852.728,16.660,34423440,36698112
G1B,adaptive,BigDecimal,2,1,3.5770,516.304,16.519,125169064,29360128
G1B,adaptive,BigDecimal,2,2,3.1782,393.470,10.245,65838280,23068672
G1B,adaptive,BigDecimal,2,3,3.0568,918.313,15.886,86817144,34600960
G1B,adaptive,BigDecimal,2,4,2.9484,505.640,13.578,35473480,-66072408
G1B,adaptive,BigDecimal,2,5,3.0349,1246.392,25.172,30236784,-99605000
G1B,adaptive,BigDecimal,2,6,3.0793,510.659,14.637,11264888,-59763312
G1B,adaptive,BigDecimal,2,7,3.0281,365.438,12.414,19658224,-68169288
G1B,adaptive,BigDecimal,2,8,3.0140,716.795,16.784,3954624,-23781520
G1B,adaptive,BigDecimal,2,9,3.0337,513.486,15.146,37142864,29360128
G1B,adaptive,BigDecimal,2,10,2.9233,594.373,15.118,21650656,30410752
G1B,adaptive,BigDecimal,2,11,3.0583,730.611,15.647,71129488,-59772432
G1B,adaptive,BigDecimal,2,12,2.9967,465.706,12.502,13370048,27262976
G1B,adaptive,BigDecimal,2,13,3.1491,752.903,14.011,9245424,-57660792
G1B,adaptive,BigDecimal,2,14,2.8726,888.647,15.024,194806208,34605056
G1B,adaptive,BigDecimal,2,15,2.9599,369.638,10.814,43670184,25165824
G1B,adaptive,BigDecimal,2,16,3.4071,33.682,3.286,2956776,7337984
G1B,adaptive,BigDecimal,2,17,2.9592,394.747,11.701,27108768,25165824
G1B,adaptive,BigDecimal,2,18,3.1847,778.464,18.173,23910848,-146800160
G1B,adaptive,BigDecimal,2,19,3.0588,439.177,12.127,70184816,27262976
G1B,adaptive,BigDecimal,2,20,3.0969,589.478,14.606,4112408,29360128
G1B,adaptive,BigDecimal,2,21,3.0240,598.319,14.862,85720904,-59779384
G1B,adaptive,BigDecimal,2,22,3.1383,531.980,13.701,32363128,28309504
G1B,adaptive,BigDecimal,2,23,3.0727,673.155,16.055,21875376,32507904
G1B,adaptive,BigDecimal,2,24,3.0948,201.087,8.340,25665000,19924992
G1B,adaptive,BigDecimal,2,25,3.1479,401.289,11.397,21882480,24115200
G1B,adaptive,BigDecimal,2,26,2.9641,440.339,11.401,62730032,25165824
G1B,adaptive,BigDecimal,2,27,3.1942,19.911,3.330,3068192,1985104
G1B,adaptive,BigDecimal,2,28,3.0233,1046.495,17.359,28137968,37748736
G1B,adaptive,BigDecimal,2,29,3.2090,449.659,12.845,78311104,28309504
G1B,adaptive,BigDecimal,2,30,3.0847,133.020,6.728,71634576,13633536
G1B,adaptive,BigDecimal,2,31,3.3004,254.395,8.939,41630944,19920896
G1B,adaptive,BigDecimal,2,32,3.1174,389.891,11.614,72280464,25165824
G1B,adaptive,BigDecimal,2,33,3.3699,9.904,1.215,1846896,2430744
G1B,adaptive,BigDecimal,2,34,2.9914,695.836,15.518,68883696,31457280
G1B,adaptive,BigDecimal,2,35,2.8558,402.139,11.328,142247792,23068672
G1B,adaptive,BigDecimal,2,36,3.0655,719.131,14.715,55406392,33554432
G1B,adaptive,BigDecimal,2,37,3.1271,773.250,14.832,98445376,34600960
G1B,adaptive,BigDecimal,2,38,3.0409,856.177,16.099,61698344,37748736
G1B,adaptive,BigDecimal,3,1,3.5770,468.314,13.879,62756488,-115347848
G1B,adaptive,BigDecimal,3,2,3.1782,325.157,11.263,66516248,-88081104
G1B,adaptive,BigDecimal,3,3,3.0568,744.824,14.991,151867432,34600960
G1B,adaptive,BigDecimal,3,4,2.9484,421.784,15.884,62664416,-66060912
G1B,adaptive,BigDecimal,3,5,3.0349,996.279,17.824,49116072,40896512
G1B,adaptive,BigDecimal,3,6,3.0793,483.409,16.998,78409184,30406656
G1B,adaptive,BigDecimal,3,7,3.0281,364.182,10.942,10667712,24115200
G1B,adaptive,BigDecimal,3,8,3.0140,599.698,18.662,10265288,8633328
G1B,adaptive,BigDecimal,3,9,3.0337,515.115,13.549,892048,29360128
G1B,adaptive,BigDecimal,3,10,2.9233,515.411,18.567,19781616,8079864
G1B,adaptive,BigDecimal,3,11,3.0583,472.981,14.024,63600424,30406656
G1B,adaptive,BigDecimal,3,12,2.9967,425.060,13.443,5025032,-6569664
G1B,adaptive,BigDecimal,3,13,3.1491,556.171,14.730,57542464,-6769464
G1B,adaptive,BigDecimal,3,14,2.8726,800.986,14.964,20887184,34605056
G1B,adaptive,BigDecimal,3,15,2.9599,361.025,10.752,82576152,24119296
G1B,adaptive,BigDecimal,3,16,3.4071,31.896,3.685,11203064,7337984
G1B,adaptive,BigDecimal,3,17,2.9592,393.996,11.622,48366072,25165824
G1B,adaptive,BigDecimal,3,18,3.1847,785.761,15.769,5057800,35651584
G1B,adaptive,BigDecimal,3,19,3.0588,392.934,16.899,7083984,-62912352
G1B,adaptive,BigDecimal,3,20,3.0969,592.846,14.789,83719992,29360128
G1B,adaptive,BigDecimal,3,21,3.0240,576.384,14.574,12320696,30406656
G1B,adaptive,BigDecimal,3,22,3.1383,541.239,13.852,782464,28309504
G1B,adaptive,BigDecimal,3,23,3.0727,638.733,15.649,142941464,31457280
G1B,adaptive,BigDecimal,3,24,3.0948,211.772,8.331,21549984,19924992
G1B,adaptive,BigDecimal,3,25,3.1479,396.377,12.164,37525904,-68158512
G1B,adaptive,BigDecimal,3,26,2.9641,414.883,11.583,4031832,25165824
G1B,adaptive,BigDecimal,3,27,3.1942,20.400,3.625,3063344,1996824
G1B,adaptive,BigDecimal,3,28,3.0233,993.329,17.596,4463600,38795264
G1B,adaptive,BigDecimal,3,29,3.2090,449.722,12.819,35475176,28309504
G1B,adaptive,BigDecimal,3,30,3.0847,134.222,6.826,65530096,13633536
G1B,adaptive,BigDecimal,3,31,3.3004,252.801,8.783,41847696,19920896
G1B,adaptive,BigDecimal,3,32,3.1174,369.127,11.544,68107496,25165824
G1B,adaptive,BigDecimal,3,33,3.3699,8.877,1.843,10137080,2305472
G1B,adaptive,BigDecimal,3,34,2.9914,690.329,13.825,48149808,31457280
G1B,adaptive,BigDecimal,3,35,2.8558,420.449,12.764,55244872,-91221632
G1B,adaptive,BigDecimal,3,36,3.0655,729.178,14.918,68021160,33554432
G1B,adaptive,BigDecimal,3,37,3.1271,766.132,15.889,14414168,-135273920
G1B,adaptive,BigDecimal,3,38,3.0409,841.577,16.026,135709592,36698112
G1B,adaptive,BigDecimal,4,1,3.5770,487.370,12.433,74336344,29360128
G1B,adaptive,BigDecimal,4,2,3.1782,319.710,9.820,45869928,23068672
G1B,adaptive,BigDecimal,4,3,3.0568,753.827,15.752,15570976,34600960
G1B,adaptive,BigDecimal,4,4,2.9484,436.710,13.133,55448536,27262976
G1B,adaptive,BigDecimal,4,5,3.0349,998.829,17.805,19789888,39845888
G1B,adaptive,BigDecimal,4,6,3.0793,490.581,14.633,80491784,-59755352
G1B,adaptive,BigDecimal,4,7,3.0281,349.451,11.128,63810192,24115200
G1B,adaptive,BigDecimal,4,8,3.0140,620.545,18.193,37603192,7031360
G1B,adaptive,BigDecimal,4,9,3.0337,523.077,14.663,891032,-63967304
G1B,adaptive,BigDecimal,4,10,2.9233,519.829,14.110,21859120,30410752
G1B,adaptive,BigDecimal,4,11,3.0583,494.776,17.596,75239448,30406656
G1B,adaptive,BigDecimal,4,12,2.9967,419.811,12.129,34447232,27262976
G1B,adaptive,BigDecimal,4,13,3.1491,555.697,13.664,815152,32503808
G1B,adaptive,BigDecimal,4,14,2.8726,793.434,15.600,20716440,-122681344
G1B,adaptive,BigDecimal,4,15,2.9599,379.366,11.266,32244648,24119296
G1B,adaptive,BigDecimal,4,16,3.4071,33.031,3.272,2956576,7337984
G1B,adaptive,BigDecimal,4,17,2.9592,408.958,12.323,31299304,-65002104
G1B,adaptive,BigDecimal,4,18,3.1847,796.569,17.056,868256,-117447072
G1B,adaptive,BigDecimal,4,19,3.0588,387.107,12.203,76442080,26212352
G1B,adaptive,BigDecimal,4,20,3.0969,612.862,15.727,8238896,29360128
G1B,adaptive,BigDecimal,4,21,3.0240,584.695,14.683,69174120,30406656
G1B,adaptive,BigDecimal,4,22,3.1383,514.521,13.894,13451536,28309504
G1B,adaptive,BigDecimal,4,23,3.0727,658.249,16.710,11370368,-57689472
G1B,adaptive,BigDecimal,4,24,3.0948,228.536,8.324,25285968,19924992
G1B,adaptive,BigDecimal,4,25,3.1479,377.552,11.309,48194752,25165824
G1B,adaptive,BigDecimal,4,26,2.9641,422.822,12.700,52080232,-104858264
G1B,adaptive,BigDecimal,4,27,3.1942,22.365,2.216,1096032,5244928
G1B,adaptive,BigDecimal,4,28,3.0233,993.929,17.225,59590088,37748736
G1B,adaptive,BigDecimal,4,29,3.2090,436.233,13.092,10313488,28309504
G1B,adaptive,BigDecimal,4,30,3.0847,141.728,6.214,61337416,13633536
G1B,adaptive,BigDecimal,4,31,3.3004,250.543,9.722,13496480,-147849336
G1B,adaptive,BigDecimal,4,32,3.1174,349.240,11.627,149430432,25165824
G1B,adaptive,BigDecimal,4,33,3.3699,10.910,2.389,3864832,-1450280
G1B,adaptive,BigDecimal,4,34,2.9914,717.566,13.860,58585328,31457280
G1B,adaptive,BigDecimal,4,35,2.8558,410.380,11.059,60671240,24115200
G1B,adaptive,BigDecimal,4,36,3.0655,740.155,14.575,63889760,33554432
G1B,adaptive,BigDecimal,4,37,3.1271,764.815,15.403,83702424,-131068592
G1B,adaptive,BigDecimal,4,38,3.0409,842.930,16.051,23991072,36698112
G1B,adaptive,BigDecimal,5,1,3.5770,477.684,12.491,63702384,29360128
G1B,adaptive,BigDecimal,5,2,3.1782,309.789,12.653,47292880,23068672
G1B,adaptive,BigDecimal,5,3,3.0568,765.645,15.106,11360704,34600960
G1B,adaptive,BigDecimal,5,4,2.9484,420.518,12.239,144176112,27262976
G1B,adaptive,BigDecimal,5,5,3.0349,1013.564,19.461,30200912,-51384976
G1B,adaptive,BigDecimal,5,6,3.0793,503.431,14.289,4966736,30406656
G1B,adaptive,BigDecimal,5,7,3.0281,380.319,11.584,76396832,-70255456
G1B,adaptive,BigDecimal,5,8,3.0140,591.595,17.198,48083240,-56634344
G1B,adaptive,BigDecimal,5,9,3.0337,503.585,18.663,101582280,29360128
G1B,adaptive,BigDecimal,5,10,2.9233,518.225,17.122,38874400,-26209752
G1B,adaptive,BigDecimal,5,11,3.0583,477.349,15.596,10222432,-1054752
G1B,adaptive,BigDecimal,5,12,2.9967,410.907,16.861,30142992,-62922952
G1B,adaptive,BigDecimal,5,13,3.1491,584.777,15.833,36515552,5851416
G1B,adaptive,BigDecimal,5,14,2.8726,840.614,15.173,73226224,34605056
G1B,adaptive,BigDecimal,5,15,2.9599,383.657,10.968,38623800,25165824
G1B,adaptive,BigDecimal,5,16,3.4071,32.293,3.424,593816,7337984
G1B,adaptive,BigDecimal,5,17,2.9592,391.664,12.400,31298512,-65009792
G1B,adaptive,BigDecimal,5,18,3.1847,785.293,17.705,55406536,-200276600
G1B,adaptive,BigDecimal,5,19,3.0588,394.777,15.747,7082872,-62916912
G1B,adaptive,BigDecimal,5,20,3.0969,615.203,14.461,161341560,29360128
G1B,adaptive,BigDecimal,5,21,3.0240,599.721,14.806,85719080,-63976752
G1B,adaptive,BigDecimal,5,22,3.1383,517.029,13.591,69733184,29360128
G1B,adaptive,BigDecimal,5,23,3.0727,693.833,17.083,28088488,32507904
G1B,adaptive,BigDecimal,5,24,3.0948,226.665,8.392,71490472,19924992
G1B,adaptive,BigDecimal,5,25,3.1479,398.874,12.056,21881240,-68160896
G1B,adaptive,BigDecimal,5,26,2.9641,406.708,12.822,50148136,25165824
G1B,adaptive,BigDecimal,5,27,3.1942,20.158,3.899,3072072,4091160
G1B,adaptive,BigDecimal,5,28,3.0233,1014.304,17.936,103636368,37748736
G1B,adaptive,BigDecimal,5,29,3.2090,445.721,16.331,162572240,28309504
G1B,adaptive,BigDecimal,5,30,3.0847,150.227,5.816,61155424,13633536
G1B,adaptive,BigDecimal,5,31,3.3004,252.863,10.248,39446248,-74448560
G1B,adaptive,BigDecimal,5,32,3.1174,350.126,11.545,63734872,25165824
G1B,adaptive,BigDecimal,5,33,3.3699,8.730,3.515,10135448,2346784
G1B,adaptive,BigDecimal,5,34,2.9914,662.479,14.608,46087808,31457280
G1B,adaptive,BigDecimal,5,35,2.8558,396.718,11.449,12182968,-66060104
G1B,adaptive,BigDecimal,5,36,3.0655,723.749,15.250,80483512,-148906656
G1B,adaptive,BigDecimal,5,37,3.1271,782.036,15.495,12318472,-57672136
G1B,adaptive,BigDecimal,5,38,3.0409,832.678,16.122,42261752,36698112
G1B,adaptive,Nayuki,1,1,3.5934,259.310,0.360,21733848,0
G1B,adaptive,Nayuki,1,2,3.1709,161.100,0.244,17521752,0
G1B,adaptive,Nayuki,1,3,3.0682,356.487,0.516,27124200,686688
G1B,adaptive,Nayuki,1,4,2.9419,246.583,0.350,21209712,0
G1B,adaptive,Nayuki,1,5,3.0324,489.217,0.601,34586536,661784
G1B,adaptive,Nayuki,1,6,3.0732,288.421,0.401,23640744,663384
G1B,adaptive,Nayuki,1,7,3.0316,192.994,0.316,17996648,0
G1B,adaptive,Nayuki,1,8,3.0112,348.017,0.455,27701184,106152
G1B,adaptive,Nayuki,1,9,3.0429,280.293,0.379,23508056,0
G1B,adaptive,Nayuki,1,10,2.9263,322.771,0.419,25603968,0
G1B,adaptive,Nayuki,1,11,3.0675,282.695,0.387,23126160,0
G1B,adaptive,Nayuki,1,12,3.0033,212.080,0.353,20086496,662240
G1B,adaptive,Nayuki,1,13,3.1579,334.429,0.418,25603496,108696
G1B,adaptive,Nayuki,1,14,2.8835,399.603,0.515,29800248,0
G1B,adaptive,Nayuki,1,15,2.9699,229.738,0.279,20084032,0
G1B,adaptive,Nayuki,1,16,3.3982,17.090,0.085,2848816,83120
G1B,adaptive,Nayuki,1,17,2.9660,226.523,0.362,18774560,228312
G1B,adaptive,Nayuki,1,18,3.1818,423.955,0.519,27024176,654728
G1B,adaptive,Nayuki,1,19,3.0727,203.304,0.364,18451024,659784
G1B,adaptive,Nayuki,1,20,3.1000,329.541,0.742,22860968,0
G1B,adaptive,Nayuki,1,21,3.0270,318.540,0.433,24281512,662040
G1B,adaptive,Nayuki,1,22,3.1383,246.741,0.421,21022272,108552
G1B,adaptive,Nayuki,1,23,3.0788,310.644,0.478,24079376,0
G1B,adaptive,Nayuki,1,24,3.1034,135.045,0.238,11972848,0
G1B,adaptive,Nayuki,1,25,3.1549,200.948,0.340,17798096,661888
G1B,adaptive,Nayuki,1,26,2.9804,292.260,0.434,20547192,0
G1B,adaptive,Nayuki,1,27,3.1845,14.417,0.059,2594904,41608
G1B,adaptive,Nayuki,1,28,3.0388,624.215,0.855,32231800,0
G1B,adaptive,Nayuki,1,29,3.2154,245.548,0.327,21541336,117576
G1B,adaptive,Nayuki,1,30,3.0899,68.769,0.175,8417840,0
G1B,adaptive,Nayuki,1,31,3.2922,143.786,0.259,13601320,0
G1B,adaptive,Nayuki,1,32,3.1317,188.482,0.334,17798696,0
G1B,adaptive,Nayuki,1,33,3.3973,4.049,0.041,1202232,0
G1B,adaptive,Nayuki,1,34,3.0029,351.474,0.485,27233024,0
G1B,adaptive,Nayuki,1,35,2.8718,246.436,0.292,21013656,119544
G1B,adaptive,Nayuki,1,36,3.0769,364.957,0.482,27030064,0
G1B,adaptive,Nayuki,1,37,3.1186,355.027,0.520,27499256,0
G1B,adaptive,Nayuki,1,38,3.0518,383.626,0.529,29400368,0
G1B,adaptive,Nayuki,2,1,3.5934,232.593,0.365,20743784,0
G1B,adaptive,Nayuki,2,2,3.1709,185.357,0.246,17019840,0
G1B,adaptive,Nayuki,2,3,3.0682,339.823,0.531,27034360,662096
G1B,adaptive,Nayuki,2,4,2.9419,231.932,0.369,21216240,0
G1B,adaptive,Nayuki,2,5,3.0324,486.232,0.618,34568384,662088
G1B,adaptive,Nayuki,2,6,3.0732,276.433,0.403,23447200,663432
G1B,adaptive,Nayuki,2,7,3.0316,190.939,0.313,17987440,0
G1B,adaptive,Nayuki,2,8,3.0112,349.484,0.453,27703224,106152
G1B,adaptive,Nayuki,2,9,3.0429,280.862,0.385,23503448,0
G1B,adaptive,Nayuki,2,10,2.9263,301.095,0.409,25600384,0
G1B,adaptive,Nayuki,2,11,3.0675,289.532,0.393,23316112,0
G1B,adaptive,Nayuki,2,12,3.0033,233.131,0.367,20082400,662240
G1B,adaptive,Nayuki,2,13,3.1579,299.676,0.420,25598888,108696
G1B,adaptive,Nayuki,2,14,2.8835,391.635,0.516,29793080,0
G1B,adaptive,Nayuki,2,15,2.9699,206.463,0.285,19892032,0
G1B,adaptive,Nayuki,2,16,3.3982,16.739,0.085,2848816,83120
G1B,adaptive,Nayuki,2,17,2.9660,217.877,0.356,18729920,0
G1B,adaptive,Nayuki,2,18,3.1818,346.804,0.513,27854664,0
G1B,adaptive,Nayuki,2,19,3.0727,203.801,0.370,18604872,0
G1B,adaptive,Nayuki,2,20,3.1000,281.706,0.460,22845536,0
G1B,adaptive,Nayuki,2,21,3.0270,295.676,0.431,24280440,662800
G1B,adaptive,Nayuki,2,22,3.1383,245.895,0.609,21017280,108384
G1B,adaptive,Nayuki,2,23,3.0788,280.525,0.521,24269352,0
G1B,adaptive,Nayuki,2,24,3.1034,107.508,0.235,11970816,0
G1B,adaptive,Nayuki,2,25,3.1549,181.369,0.405,17993168,661888
G1B,adaptive,Nayuki,2,26,2.9804,241.173,0.319,20559480,0
G1B,adaptive,Nayuki,2,27,3.1845,14.332,0.059,2593368,41608
G1B,adaptive,Nayuki,2,28,3.0388,480.736,0.621,32077176,0
G1B,adaptive,Nayuki,2,29,3.2154,253.610,0.330,21534440,117576
G1B,adaptive,Nayuki,2,30,3.0899,64.659,0.174,8769584,0
G1B,adaptive,Nayuki,2,31,3.2922,145.684,0.255,13598248,0
G1B,adaptive,Nayuki,2,32,3.1317,185.727,0.334,17781288,0
G1B,adaptive,Nayuki,2,33,3.3973,4.683,0.041,1202232,0
G1B,adaptive,Nayuki,2,34,3.0029,364.715,0.480,27192504,0
G1B,adaptive,Nayuki,2,35,2.8718,238.295,0.298,21345104,110136
G1B,adaptive,Nayuki,2,36,3.0769,348.617,0.492,26847648,0
G1B,adaptive,Nayuki,2,37,3.1186,379.591,0.491,27691704,0
G1B,adaptive,Nayuki,2,38,3.0518,400.249,0.898,29242040,0
G1B,adaptive,Nayuki,3,1,3.5934,239.469,0.357,20877920,0
G1B,adaptive,Nayuki,3,2,3.1709,170.029,0.260,17023880,0
G1B,adaptive,Nayuki,3,3,3.0682,378.216,0.529,26841160,662760
G1B,adaptive,Nayuki,3,4,2.9419,261.490,0.353,21413536,0
G1B,adaptive,Nayuki,3,5,3.0324,569.705,0.624,34857320,663144
G1B,adaptive,Nayuki,3,6,3.0732,283.635,0.405,23426816,662264
G1B,adaptive,Nayuki,3,7,3.0316,198.486,0.315,17981360,0
G1B,adaptive,Nayuki,3,8,3.0112,348.720,0.452,27502008,106152
G1B,adaptive,Nayuki,3,9,3.0429,286.201,0.383,23503960,0
G1B,adaptive,Nayuki,3,10,2.9263,295.908,0.407,25407872,0
G1B,adaptive,Nayuki,3,11,3.0675,266.125,0.388,23321232,0
G1B,adaptive,Nayuki,3,12,3.0033,245.793,0.357,20096736,662240
G1B,adaptive,Nayuki,3,13,3.1579,311.227,0.419,25409448,108696
G1B,adaptive,Nayuki,3,14,2.8835,394.329,0.524,29603128,0
G1B,adaptive,Nayuki,3,15,2.9699,234.928,0.277,20087616,0
G1B,adaptive,Nayuki,3,16,3.3982,16.843,0.085,2848816,83120
G1B,adaptive,Nayuki,3,17,2.9660,204.850,0.401,18777096,228336
G1B,adaptive,Nayuki,3,18,3.1818,354.166,0.524,26831152,654728
G1B,adaptive,Nayuki,3,19,3.0727,190.204,0.363,18452560,659784
G1B,adaptive,Nayuki,3,20,3.1000,260.519,0.449,22836904,0
G1B,adaptive,Nayuki,3,21,3.0270,293.766,0.429,24290728,662040
G1B,adaptive,Nayuki,3,22,3.1383,246.274,0.425,21021760,108552
G1B,adaptive,Nayuki,3,23,3.0788,287.631,0.506,24273424,0
G1B,adaptive,Nayuki,3,24,3.1034,134.596,0.236,12176624,0
G1B,adaptive,Nayuki,3,25,3.1549,192.647,0.348,17980368,661888
G1B,adaptive,Nayuki,3,26,2.9804,229.857,0.312,20564088,0
G1B,adaptive,Nayuki,3,27,3.1845,14.729,0.058,2587736,41608
G1B,adaptive,Nayuki,3,28,3.0388,461.061,0.628,32231800,0
G1B,adaptive,Nayuki,3,29,3.2154,251.304,0.329,21420408,128808
G1B,adaptive,Nayuki,3,30,3.0899,67.032,0.181,8335352,124264
G1B,adaptive,Nayuki,3,31,3.2922,110.654,0.248,13410408,0
G1B,adaptive,Nayuki,3,32,3.1317,215.116,0.332,17794352,0
G1B,adaptive,Nayuki,3,33,3.3973,4.390,0.046,1232504,41032
G1B,adaptive,Nayuki,3,34,3.0029,378.471,0.472,27097176,0
G1B,adaptive,Nayuki,3,35,2.8718,244.444,0.324,21006264,120792
G1B,adaptive,Nayuki,3,36,3.0769,351.994,0.479,27034672,0
G1B,adaptive,Nayuki,3,37,3.1186,370.110,0.494,27277576,0
G1B,adaptive,Nayuki,3,38,3.0518,384.899,0.547,29393472,0
G1B,adaptive,Nayuki,4,1,3.5934,251.068,0.359,20558376,0
G1B,adaptive,Nayuki,4,2,3.1709,178.104,0.245,17211368,0
G1B,adaptive,Nayuki,4,3,3.0682,358.548,0.514,26903056,663592
G1B,adaptive,Nayuki,4,4,2.9419,230.475,0.346,21537896,0
G1B,adaptive,Nayuki,4,5,3.0324,481.129,0.635,34759480,663648
G1B,adaptive,Nayuki,4,6,3.0732,272.077,0.408,23564008,661688
G1B,adaptive,Nayuki,4,7,3.0316,187.462,0.331,17631296,698320
G1B,adaptive,Nayuki,4,8,3.0112,342.701,0.474,27675064,106464
G1B,adaptive,Nayuki,4,9,3.0429,332.084,0.373,23447072,0
G1B,adaptive,Nayuki,4,10,2.9263,316.001,0.405,25607696,0
G1B,adaptive,Nayuki,4,11,3.0675,272.473,0.388,23309472,0
G1B,adaptive,Nayuki,4,12,3.0033,247.052,0.356,19693864,662208
G1B,adaptive,Nayuki,4,13,3.1579,302.727,0.429,25606568,108696
G1B,adaptive,Nayuki,4,14,2.8835,394.609,0.527,29603640,0
G1B,adaptive,Nayuki,4,15,2.9699,223.595,0.277,19884864,0
G1B,adaptive,Nayuki,4,16,3.3982,18.064,0.086,3057712,83120
G1B,adaptive,Nayuki,4,17,2.9660,240.246,0.352,18729920,0
G1B,adaptive,Nayuki,4,18,3.1818,345.343,0.520,27019056,654728
G1B,adaptive,Nayuki,4,19,3.0727,201.854,0.407,18444368,659784
G1B,adaptive,Nayuki,4,20,3.1000,289.543,0.469,22458024,0
G1B,adaptive,Nayuki,4,21,3.0270,306.444,0.429,24254552,662160
G1B,adaptive,Nayuki,4,22,3.1383,234.680,0.457,21367464,106392
G1B,adaptive,Nayuki,4,23,3.0788,281.546,0.495,24277920,0
G1B,adaptive,Nayuki,4,24,3.1034,115.464,0.236,12176952,0
G1B,adaptive,Nayuki,4,25,3.1549,198.755,0.336,17982368,662360
G1B,adaptive,Nayuki,4,26,2.9804,220.617,0.310,20565688,0
G1B,adaptive,Nayuki,4,27,3.1845,14.307,0.058,2592936,41656
G1B,adaptive,Nayuki,4,28,3.0388,455.955,0.634,32075808,646776
G1B,adaptive,Nayuki,4,29,3.2154,251.449,0.331,21185304,135720
G1B,adaptive,Nayuki,4,30,3.0899,61.076,0.175,8156760,123696
G1B,adaptive,Nayuki,4,31,3.2922,114.593,0.249,13215176,0
G1B,adaptive,Nayuki,4,32,3.1317,190.278,0.350,17778504,0
G1B,adaptive,Nayuki,4,33,3.3973,4.040,0.044,1232504,41032
G1B,adaptive,Nayuki,4,34,3.0029,338.605,0.479,26908280,0
G1B,adaptive,Nayuki,4,35,2.8718,232.082,0.292,21203504,120672
G1B,adaptive,Nayuki,4,36,3.0769,359.541,0.476,26842688,0
G1B,adaptive,Nayuki,4,37,3.1186,363.931,0.499,27497720,0
G1B,adaptive,Nayuki,4,38,3.0518,404.087,0.516,30055744,0
G1B,adaptive,Nayuki,5,1,3.5934,242.278,0.366,20685408,0
G1B,adaptive,Nayuki,5,2,3.1709,172.994,0.252,17011592,0
G1B,adaptive,Nayuki,5,3,3.0682,351.330,0.531,26840136,662760
G1B,adaptive,Nayuki,5,4,2.9419,232.637,0.348,21211296,0
G1B,adaptive,Nayuki,5,5,3.0324,488.205,0.612,34887152,663144
G1B,adaptive,Nayuki,5,6,3.0732,277.787,0.406,23821056,662264
G1B,adaptive,Nayuki,5,7,3.0316,190.876,0.321,17595824,0
G1B,adaptive,Nayuki,5,8,3.0112,354.179,0.453,27509176,106152
G1B,adaptive,Nayuki,5,9,3.0429,292.987,0.378,23312472,0
G1B,adaptive,Nayuki,5,10,2.9263,312.270,0.407,25400704,0
G1B,adaptive,Nayuki,5,11,3.0675,277.197,0.392,23511696,0
G1B,adaptive,Nayuki,5,12,3.0033,227.012,0.355,20100320,662240
G1B,adaptive,Nayuki,5,13,3.1579,341.919,0.426,25407912,108696
G1B,adaptive,Nayuki,5,14,2.8835,412.099,0.519,29406520,0
G1B,adaptive,Nayuki,5,15,2.9699,219.496,0.278,20087104,0
G1B,adaptive,Nayuki,5,16,3.3982,20.374,0.130,3058224,83120
G1B,adaptive,Nayuki,5,17,2.9660,232.623,0.364,18729920,0
G1B,adaptive,Nayuki,5,18,3.1818,351.848,0.514,27022608,654704
G1B,adaptive,Nayuki,5,19,3.0727,214.809,0.373,18650920,661232
G1B,adaptive,Nayuki,5,20,3.1000,274.362,0.471,22658984,0
G1B,adaptive,Nayuki,5,21,3.0270,305.063,0.436,24279088,662000
G1B,adaptive,Nayuki,5,22,3.1383,246.273,0.422,21214128,109728
G1B,adaptive,Nayuki,5,23,3.0788,280.560,0.482,24280112,0
G1B,adaptive,Nayuki,5,24,3.1034,114.789,0.236,12172032,0
G1B,adaptive,Nayuki,5,25,3.1549,192.907,0.334,17590224,661888
G1B,adaptive,Nayuki,5,26,2.9804,219.841,0.313,20553368,0
G1B,adaptive,Nayuki,5,27,3.1845,13.513,0.058,2594856,41592
G1B,adaptive,Nayuki,5,28,3.0388,462.007,0.630,32232296,646592
G1B,adaptive,Nayuki,5,29,3.2154,235.252,0.331,21418440,124800
G1B,adaptive,Nayuki,5,30,3.0899,66.671,0.178,8329528,124536
G1B,adaptive,Nayuki,5,31,3.2922,108.102,0.277,13417656,0
G1B,adaptive,Nayuki,5,32,3.1317,202.360,0.327,17777432,0
G1B,adaptive,Nayuki,5,33,3.3973,4.180,0.045,1232216,41032
G1B,adaptive,Nayuki,5,34,3.0029,357.668,0.486,26904632,0
G1B,adaptive,Nayuki,5,35,2.8718,279.673,0.286,21197824,120720
G1B,adaptive,Nayuki,5,36,3.0769,333.440,0.592,26852720,0
G1B,adaptive,Nayuki,5,37,3.1186,356.965,0.499,27881176,0
G1B,adaptive,Nayuki,5,38,3.0518,412.028,0.521,29596360,0
G2B,static,BigDecimal,1,1,3.2754,592.784,10.583,45046288,26216448
G2B,static,BigDecimal,1,2,3.0145,394.946,9.677,48191288,-12443416
G2B,static,BigDecimal,1,3,2.7273,799.729,12.259,96844272,27262976
G2B,static,BigDecimal,1,4,2.6419,498.280,9.443,13307200,15248584
G2B,static,BigDecimal,1,5,2.6434,1056.016,10.345,73015648,29360128
G2B,static,BigDecimal,1,6,2.7774,612.503,8.566,66719160,20971520
G2B,static,BigDecimal,1,7,2.6491,414.173,6.751,17034528,16777216
G2B,static,BigDecimal,1,8,2.7163,736.144,10.195,4887488,22022144
G2B,static,BigDecimal,1,9,2.6564,581.710,11.132,6774664,18874504
G2B,static,BigDecimal,1,10,2.6549,636.461,9.911,75135360,19924992
G2B,static,BigDecimal,1,11,2.7331,605.802,9.009,30894256,20971520
G2B,static,BigDecimal,1,12,2.6611,493.629,8.388,56114152,-14713192
G2B,static,BigDecimal,1,13,2.8333,678.449,10.431,34298488,-65959976
G2B,static,BigDecimal,1,14,2.5068,881.287,11.857,23648952,27262976
G2B,static,BigDecimal,1,15,2.7559,457.546,5.892,684296,14680064
G2B,static,BigDecimal,1,16,2.8673,57.148,1.895,9880536,4194304
G2B,static,BigDecimal,1,17,2.5850,522.254,7.869,13769848,19920896
G2B,static,BigDecimal,1,18,2.9574,807.029,10.872,25855960,31457280
G2B,static,BigDecimal,1,19,2.6367,491.384,8.502,40399488,20971520
G2B,static,BigDecimal,1,20,2.6188,634.158,9.945,4704984,24115200
G2B,static,BigDecimal,1,21,2.5405,646.127,8.454,84555536,20971520
G2B,static,BigDecimal,1,22,2.6334,573.945,8.803,58243872,23068672
G2B,static,BigDecimal,1,23,2.6212,651.276,10.411,5161968,25165824
G2B,static,BigDecimal,1,24,2.6078,273.776,4.571,25090520,12582832
G2B,static,BigDecimal,1,25,2.6479,445.456,8.328,20615648,15730688
G2B,static,BigDecimal,1,26,2.7908,482.802,10.462,33653288,-8181864
G2B,static,BigDecimal,1,27,2.8058,49.544,0.451,4255064,459056
G2B,static,BigDecimal,1,28,2.7132,1018.488,11.861,47675544,31457280
G2B,static,BigDecimal,1,29,3.0000,548.465,11.664,4845624,-71211824
G2B,static,BigDecimal,1,30,2.6243,172.129,4.283,34308864,10485760
G2B,static,BigDecimal,1,31,2.7695,308.261,6.097,14048904,13633536
G2B,static,BigDecimal,1,32,2.7509,462.157,8.576,36356296,16445544
G2B,static,BigDecimal,1,33,2.9315,18.856,0.206,6585232,291640
G2B,static,BigDecimal,1,34,2.5559,786.491,10.189,39493848,25165824
G2B,static,BigDecimal,1,35,2.6090,488.710,6.503,46658336,14680064
G2B,static,BigDecimal,1,36,2.7265,774.310,11.411,88447240,27262976
G2B,static,BigDecimal,1,37,2.7599,797.869,11.790,28965728,28309504
G2B,static,BigDecimal,1,38,2.6730,887.946,12.527,13241968,27262976
G2B,static,BigDecimal,2,1,3.2754,580.486,10.380,63431008,26216448
G2B,static,BigDecimal,2,2,3.0145,386.236,5.733,21541328,14679872
G2B,static,BigDecimal,2,3,2.7273,805.443,14.056,12282360,28313600
G2B,static,BigDecimal,2,4,2.6419,485.810,7.442,34103456,16777216
G2B,static,BigDecimal,2,5,2.6434,1021.040,12.104,59381032,-3083616
G2B,static,BigDecimal,2,6,2.7774,605.742,8.839,79281456,20971520
G2B,static,BigDecimal,2,7,2.6491,415.749,10.418,33931648,-58627072
G2B,static,BigDecimal,2,8,2.7163,743.159,11.107,110070040,22022144
G2B,static,BigDecimal,2,9,2.6564,579.854,7.869,30100296,18874368
G2B,static,BigDecimal,2,10,2.6549,665.644,9.058,41380352,19924992
G2B,static,BigDecimal,2,11,2.7331,591.965,9.787,12027920,20971520
G2B,static,BigDecimal,2,12,2.6611,475.216,7.509,27355424,16777216
G2B,static,BigDecimal,2,13,2.8333,678.251,13.939,34217024,67664
G2B,static,BigDecimal,2,14,2.5068,904.044,11.090,8973016,27262976
G2B,static,BigDecimal,2,15,2.7559,458.356,5.704,27712176,14680336
G2B,static,BigDecimal,2,16,2.8673,51.395,1.503,10169744,4194304
G2B,static,BigDecimal,2,17,2.5850,520.550,7.799,26953208,19920896
G2B,static,BigDecimal,2,18,2.9574,822.195,11.407,2748104,-61775896
G2B,static,BigDecimal,2,19,2.6367,489.124,8.031,34099536,20971520
G2B,static,BigDecimal,2,20,2.6188,605.978,10.022,565816,24115200
G2B,static,BigDecimal,2,21,2.5405,733.967,11.357,73982704,20971520
G2B,static,BigDecimal,2,22,2.6334,896.650,16.600,87780824,-684040
G2B,static,BigDecimal,2,23,2.6212,1015.240,12.405,17434944,25165824
G2B,static,BigDecimal,2,24,2.6078,374.315,5.420,47516288,12583400
G2B,static,BigDecimal,2,25,2.6479,577.627,10.300,16424880,-6189488
G2B,static,BigDecimal,2,26,2.7908,682.664,8.837,59540560,16777216
G2B,static,BigDecimal,2,27,2.8058,50.969,0.991,2106792,-9918640
G2B,static,BigDecimal,2,28,2.7132,1475.296,14.116,72841248,31457280
G2B,static,BigDecimal,2,29,3.0000,779.563,18.641,19526968,-8157568
G2B,static,BigDecimal,2,30,2.6243,234.117,4.812,27745912,9439232
G2B,static,BigDecimal,2,31,2.7695,434.291,10.258,13967232,13633536
G2B,static,BigDecimal,2,32,2.7509,623.679,8.443,42645968,19920896
G2B,static,BigDecimal,2,33,2.9315,17.959,0.312,6919312,334096
G2B,static,BigDecimal,2,34,2.5559,788.553,10.107,2752848,25165824
G2B,static,BigDecimal,2,35,2.6090,510.126,5.620,54249568,14680064
G2B,static,BigDecimal,2,36,2.7265,752.488,12.646,18981384,27262976
G2B,static,BigDecimal,2,37,2.7599,824.429,12.332,26868336,27262976
G2B,static,BigDecimal,2,38,2.6730,919.572,13.646,67602664,-64920056
G2B,static,BigDecimal,3,1,3.2754,592.360,11.173,40484384,-65965152
G2B,static,BigDecimal,3,2,3.0145,375.527,6.358,21977008,-62832152
G2B,static,BigDecimal,3,3,2.7273,786.800,12.126,22306832,28313600
G2B,static,BigDecimal,3,4,2.6419,487.815,10.245,31775032,-58630592
G2B,static,BigDecimal,3,5,2.6434,1041.493,12.651,147725936,-61779448
G2B,static,BigDecimal,3,6,2.7774,607.493,10.167,53956296,20971520
G2B,static,BigDecimal,3,7,2.6491,414.335,6.549,16997744,16777216
G2B,static,BigDecimal,3,8,2.7163,735.994,18.650,96568,1875432
G2B,static,BigDecimal,3,9,2.6564,584.907,8.825,48882768,18874368
G2B,static,BigDecimal,3,10,2.6549,642.397,9.693,73013416,19924992
G2B,static,BigDecimal,3,11,2.7331,601.747,10.489,62514616,20971520
G2B,static,BigDecimal,3,12,2.6611,520.857,6.726,28562416,16777216
G2B,static,BigDecimal,3,13,2.8333,670.966,10.178,8969856,23068672
G2B,static,BigDecimal,3,14,2.5068,874.332,12.011,16220792,23615488
G2B,static,BigDecimal,3,15,2.7559,468.059,6.148,28150496,15096208
G2B,static,BigDecimal,3,16,2.8673,51.215,1.521,10166952,4194304
G2B,static,BigDecimal,3,17,2.5850,515.664,7.760,66804112,19920896
G2B,static,BigDecimal,3,18,2.9574,857.309,13.869,2749856,-61774544
G2B,static,BigDecimal,3,19,2.6367,499.937,8.844,17623096,-69111936
G2B,static,BigDecimal,3,20,2.6188,613.934,10.509,25838744,-65961496
G2B,static,BigDecimal,3,21,2.5405,658.417,8.502,57110888,20971520
G2B,static,BigDecimal,3,22,2.6334,585.681,10.319,73007936,-677752
G2B,static,BigDecimal,3,23,2.6212,658.246,10.399,2771800,25165824
G2B,static,BigDecimal,3,24,2.6078,264.427,4.445,21424600,12582912
G2B,static,BigDecimal,3,25,2.6479,622.752,6.343,1675904,16321088
G2B,static,BigDecimal,3,26,2.7908,495.347,10.166,34975584,-8189432
G2B,static,BigDecimal,3,27,2.8058,46.937,0.291,4247352,460064
G2B,static,BigDecimal,3,28,2.7132,1027.162,12.308,87516496,31457280
G2B,static,BigDecimal,3,29,3.0000,601.935,7.860,48969480,18874368
G2B,static,BigDecimal,3,30,2.6243,197.002,4.164,27840832,9439232
G2B,static,BigDecimal,3,31,2.7695,288.898,5.778,12000472,13633536
G2B,static,BigDecimal,3,32,2.7509,461.748,7.529,36394624,19920896
G2B,static,BigDecimal,3,33,2.9315,19.628,0.310,6919376,334040
G2B,static,BigDecimal,3,34,2.5559,772.614,10.707,9904280,21615264
G2B,static,BigDecimal,3,35,2.6090,474.658,6.659,25287056,8566376
G2B,static,BigDecimal,3,36,2.7265,744.035,11.460,19628544,27262976
G2B,static,BigDecimal,3,37,2.7599,827.512,12.499,13567560,24024024
G2B,static,BigDecimal,3,38,2.6730,861.169,12.448,25317088,27262976
G2B,static,BigDecimal,4,1,3.2754,675.192,13.613,17271864,-65965152
G2B,static,BigDecimal,4,2,3.0145,475.749,7.771,32337648,14680064
G2B,static,BigDecimal,4,3,2.7273,1131.353,15.744,3417136,28313600
G2B,static,BigDecimal,4,4,2.6419,601.916,9.908,33596504,-3663536
G2B,static,BigDecimal,4,5,2.6434,1399.177,12.851,50025936,29360128
G2B,static,BigDecimal,4,6,2.7774,735.201,11.993,70926528,20971520
G2B,static,BigDecimal,4,7,2.6491,475.663,9.034,33848208,-58632896
G2B,static,BigDecimal,4,8,2.7163,944.722,11.945,9082824,22022144
G2B,static,BigDecimal,4,9,2.6564,738.617,9.344,17432440,18874368
G2B,static,BigDecimal,4,10,2.6549,838.396,11.207,68820464,-11443496
G2B,static,BigDecimal,4,11,2.7331,807.314,9.976,68813480,-16692768
G2B,static,BigDecimal,4,12,2.6611,655.131,10.489,3819680,17233992
G2B,static,BigDecimal,4,13,2.8333,890.685,13.722,28016120,-12484808
G2B,static,BigDecimal,4,14,2.5068,1196.012,13.078,5911912,-11523176
G2B,static,BigDecimal,4,15,2.7559,505.200,8.082,58861648,-14539856
G2B,static,BigDecimal,4,16,2.8673,55.390,1.836,5586424,4194304
G2B,static,BigDecimal,4,17,2.5850,579.316,10.297,75206824,-7215808
G2B,static,BigDecimal,4,18,2.9574,993.857,12.475,350536,-60725472
G2B,static,BigDecimal,4,19,2.6367,605.746,9.691,27759400,20971520
G2B,static,BigDecimal,4,20,2.6188,734.983,11.269,13151184,24115200
G2B,static,BigDecimal,4,21,2.5405,691.059,8.778,10387760,20971520
G2B,static,BigDecimal,4,22,2.6334,607.178,9.046,51861480,23068672
G2B,static,BigDecimal,4,23,2.6212,701.698,10.782,3063720,25165824
G2B,static,BigDecimal,4,24,2.6078,292.650,5.282,40422456,12582912
G2B,static,BigDecimal,4,25,2.6479,491.556,6.418,10132344,16777216
G2B,static,BigDecimal,4,26,2.7908,518.387,11.287,10074416,16777216
G2B,static,BigDecimal,4,27,2.8058,39.162,0.345,51056,415248
G2B,static,BigDecimal,4,28,2.7132,1163.221,14.340,98065592,-8301264
G2B,static,BigDecimal,4,29,3.0000,645.707,10.952,19494000,-4095888
G2B,static,BigDecimal,4,30,2.6243,193.113,4.750,16196896,-46933120
G2B,static,BigDecimal,4,31,2.7695,326.093,5.190,22759952,13499576
G2B,static,BigDecimal,4,32,2.7509,546.614,7.751,55277440,19920896
G2B,static,BigDecimal,4,33,2.9315,18.785,1.224,6960144,334072
G2B,static,BigDecimal,4,34,2.5559,869.762,10.797,29008480,25165824
G2B,static,BigDecimal,4,35,2.6090,540.267,6.258,30929080,14680472
G2B,static,BigDecimal,4,36,2.7265,815.954,12.934,11226928,25557136
G2B,static,BigDecimal,4,37,2.7599,903.700,12.541,37358688,27262976
G2B,static,BigDecimal,4,38,2.6730,961.048,13.615,38407608,-62826208
G2B,static,BigDecimal,5,1,3.2754,613.958,11.222,2443672,-65958304
G2B,static,BigDecimal,5,2,3.0145,407.772,7.147,21894168,-62814040
G2B,static,BigDecimal,5,3,2.7273,889.871,11.987,62527032,28313600
G2B,static,BigDecimal,5,4,2.6419,582.218,7.752,46832192,16777216
G2B,static,BigDecimal,5,5,2.6434,1123.637,11.018,18572936,-62820368
G2B,static,BigDecimal,5,6,2.7774,648.121,8.710,45563368,20971520
G2B,static,BigDecimal,5,7,2.6491,434.525,7.668,21193464,16777216
G2B,static,BigDecimal,5,8,2.7163,805.273,9.815,10668928,22022144
G2B,static,BigDecimal,5,9,2.6564,644.166,11.040,23610640,-3644224
G2B,static,BigDecimal,5,10,2.6549,683.907,8.642,79296984,19920896
G2B,static,BigDecimal,5,11,2.7331,649.628,10.401,64622424,20971520
G2B,static,BigDecimal,5,12,2.6611,505.390,6.899,45580616,16777216
G2B,static,BigDecimal,5,13,2.8333,770.818,11.435,143192,23068672
G2B,static,BigDecimal,5,14,2.5068,967.472,11.276,2582240,27262976
G2B,static,BigDecimal,5,15,2.7559,456.871,6.375,21194904,14680064
G2B,static,BigDecimal,5,16,2.8673,51.829,1.799,1560032,4194304
G2B,static,BigDecimal,5,17,2.5850,536.314,8.027,45833424,19920896
G2B,static,BigDecimal,5,18,2.9574,885.936,13.763,11150152,-61765984
G2B,static,BigDecimal,5,19,2.6367,568.744,8.819,27922976,20971520
G2B,static,BigDecimal,5,20,2.6188,641.623,9.926,25686888,24115200
G2B,static,BigDecimal,5,21,2.5405,689.017,9.223,80429048,-69112512
G2B,static,BigDecimal,5,22,2.6334,593.309,9.006,43477072,22022144
G2B,static,BigDecimal,5,23,2.6212,703.007,10.678,84371944,25165824
G2B,static,BigDecimal,5,24,2.6078,278.053,4.522,24820088,12582760
G2B,static,BigDecimal,5,25,2.6479,473.672,7.426,20622296,-6567400
G2B,static,BigDecimal,5,26,2.7908,542.488,7.419,11741952,16777216
G2B,static,BigDecimal,5,27,2.8058,40.301,0.290,4244704,459496
G2B,static,BigDecimal,5,28,2.7132,1143.680,13.642,85424432,-2283608
G2B,static,BigDecimal,5,29,3.0000,561.616,7.989,32113296,18874368
G2B,static,BigDecimal,5,30,2.6243,174.173,4.659,19318976,-39782336
G2B,static,BigDecimal,5,31,2.7695,294.189,5.002,14410456,13633536
G2B,static,BigDecimal,5,32,2.7509,481.539,10.126,59433072,-74357600
G2B,static,BigDecimal,5,33,2.9315,18.613,0.206,6964608,335096
G2B,static,BigDecimal,5,34,2.5559,813.551,11.738,77083296,-6788768
G2B,static,BigDecimal,5,35,2.6090,488.787,6.372,31037592,14680064
G2B,static,BigDecimal,5,36,2.7265,832.792,13.124,6430784,27262976
G2B,static,BigDecimal,5,37,2.7599,875.744,12.607,39453160,27262976
G2B,static,BigDecimal,5,38,2.6730,970.046,13.056,57287440,27262976
G2B,static,Nayuki,1,1,3.2787,430.700,0.199,48213736,0
G2B,static,Nayuki,1,2,3.0255,316.790,0.147,33638576,166648
G2B,static,Nayuki,1,3,2.7273,648.283,0.294,60159368,458808
G2B,static,Nayuki,1,4,2.6581,415.727,0.218,43707040,0
G2B,static,Nayuki,1,5,2.6534,752.209,0.334,71011720,0
G2B,static,Nayuki,1,6,2.7805,561.393,0.268,51224296,0
G2B,static,Nayuki,1,7,2.6386,329.839,0.185,37929944,0
G2B,static,Nayuki,1,8,2.7191,588.753,0.283,56471456,0
G2B,static,Nayuki,1,9,2.6748,485.358,0.217,46843280,0
G2B,static,Nayuki,1,10,2.6667,511.394,0.231,52599840,0
G2B,static,Nayuki,1,11,2.7485,472.978,0.228,47192320,0
G2B,static,Nayuki,1,12,2.6578,422.316,0.214,43161720,0
G2B,static,Nayuki,1,13,2.8304,514.677,0.249,52147656,265792
G2B,static,Nayuki,1,14,2.5149,685.237,0.296,68493680,0
G2B,static,Nayuki,1,15,2.7559,386.078,0.172,42826112,0
G2B,static,Nayuki,1,16,2.9027,52.037,0.050,5487800,41640
G2B,static,Nayuki,1,17,2.5850,410.379,0.316,41141096,0
G2B,static,Nayuki,1,18,2.9545,616.999,0.324,63658368,830600
G2B,static,Nayuki,1,19,2.6574,438.287,0.197,42621128,0
G2B,static,Nayuki,1,20,2.6250,468.556,0.256,47679944,125008
G2B,static,Nayuki,1,21,2.5465,499.221,0.279,54801512,345488
G2B,static,Nayuki,1,22,2.6495,440.076,0.367,46067416,0
G2B,static,Nayuki,1,23,2.6182,506.289,0.284,62361792,517632
G2B,static,Nayuki,1,24,2.6207,237.821,0.129,26558544,0
G2B,static,Nayuki,1,25,2.6479,337.036,0.180,37899352,83360
G2B,static,Nayuki,1,26,2.7974,419.006,0.204,42470896,581848
G2B,static,Nayuki,1,27,2.7961,36.735,0.035,4865512,0
G2B,static,Nayuki,1,28,2.7287,769.276,0.355,78601008,0
G2B,static,Nayuki,1,29,3.0096,410.509,0.209,44689368,0
G2B,static,Nayuki,1,30,2.6243,135.328,0.117,18810904,0
G2B,static,Nayuki,1,31,2.7654,263.912,0.151,27904176,0
G2B,static,Nayuki,1,32,2.7616,360.850,0.191,38242664,0
G2B,static,Nayuki,1,33,2.9589,15.832,0.026,2515824,0
G2B,static,Nayuki,1,34,2.5673,611.287,0.259,70625952,0
G2B,static,Nayuki,1,35,2.6154,455.297,0.157,43877576,83360
G2B,static,Nayuki,1,36,2.7350,594.577,0.272,61088768,0
G2B,static,Nayuki,1,37,2.7571,633.934,0.280,62966568,0
G2B,static,Nayuki,1,38,2.6812,669.015,0.339,74960192,918384
G2B,static,Nayuki,2,1,3.2787,417.671,0.203,41984784,0
G2B,static,Nayuki,2,2,3.0255,362.943,0.145,34816096,83496
G2B,static,Nayuki,2,3,2.7273,602.802,0.301,59968272,457984
G2B,static,Nayuki,2,4,2.6581,421.403,0.207,43706152,0
G2B,static,Nayuki,2,5,2.6534,775.625,0.337,72350704,0
G2B,static,Nayuki,2,6,2.7805,503.321,0.245,49914808,0
G2B,static,Nayuki,2,7,2.6386,378.322,0.225,37870840,0
G2B,static,Nayuki,2,8,2.7191,588.059,0.259,57189200,0
G2B,static,Nayuki,2,9,2.6748,456.092,0.212,48782000,0
G2B,static,Nayuki,2,10,2.6667,516.827,0.227,53023432,0
G2B,static,Nayuki,2,11,2.7485,508.165,0.248,51607576,471856
G2B,static,Nayuki,2,12,2.6578,406.673,0.203,40968904,661728
G2B,static,Nayuki,2,13,2.8304,515.768,0.248,52023992,0
G2B,static,Nayuki,2,14,2.5149,682.151,0.302,65160088,0
G2B,static,Nayuki,2,15,2.7559,348.248,0.156,38755264,0
G2B,static,Nayuki,2,16,2.9027,49.592,0.055,5509216,41552
G2B,static,Nayuki,2,17,2.5850,383.813,0.209,47991576,569112
G2B,static,Nayuki,2,18,2.9545,565.548,0.297,61981176,0
G2B,static,Nayuki,2,19,2.6574,411.638,0.206,42668168,166304
G2B,static,Nayuki,2,20,2.6250,496.113,0.266,49996608,124048
G2B,static,Nayuki,2,21,2.5465,489.912,0.235,55823952,357656
G2B,static,Nayuki,2,22,2.6495,452.550,0.231,44609304,0
G2B,static,Nayuki,2,23,2.6182,518.884,0.269,54992768,166616
G2B,static,Nayuki,2,24,2.6207,216.925,0.131,25282744,0
G2B,static,Nayuki,2,25,2.6479,387.203,0.179,36903384,124488
G2B,static,Nayuki,2,26,2.7974,400.637,0.187,42172888,579752
G2B,static,Nayuki,2,27,2.7961,36.581,0.035,4697168,0
G2B,static,Nayuki,2,28,2.7287,774.079,0.352,68087832,0
G2B,static,Nayuki,2,29,3.0096,408.582,0.193,42082304,0
G2B,static,Nayuki,2,30,2.6243,146.339,0.115,18431552,704056
G2B,static,Nayuki,2,31,2.7654,274.880,0.142,27748536,0
G2B,static,Nayuki,2,32,2.7616,369.261,0.194,41027136,0
G2B,static,Nayuki,2,33,2.9589,20.224,0.034,2293056,41704
G2B,static,Nayuki,2,34,2.5673,585.523,0.298,69571776,0
G2B,static,Nayuki,2,35,2.6154,459.381,0.163,44614640,83176
G2B,static,Nayuki,2,36,2.7350,602.992,0.283,65637056,0
G2B,static,Nayuki,2,37,2.7571,645.374,0.281,61028792,0
G2B,static,Nayuki,2,38,2.6812,712.416,0.340,75664176,876736
G2B,static,Nayuki,3,1,3.2787,431.452,0.201,45357824,0
G2B,static,Nayuki,3,2,3.0255,308.228,0.146,35140144,0
G2B,static,Nayuki,3,3,2.7273,636.010,0.304,57463760,417104
G2B,static,Nayuki,3,4,2.6581,421.018,0.314,45266368,0
G2B,static,Nayuki,3,5,2.6534,797.318,0.335,71014864,0
G2B,static,Nayuki,3,6,2.7805,495.893,0.363,48316488,460528
G2B,static,Nayuki,3,7,2.6386,361.041,0.179,37495640,166440
G2B,static,Nayuki,3,8,2.7191,598.616,0.257,56619864,0
G2B,static,Nayuki,3,9,2.6748,472.434,0.216,48481576,0
G2B,static,Nayuki,3,10,2.6667,501.202,0.227,51925424,0
G2B,static,Nayuki,3,11,2.7485,462.247,0.227,48140312,0
G2B,static,Nayuki,3,12,2.6578,436.757,0.259,41585104,665688
G2B,static,Nayuki,3,13,2.8304,531.020,0.249,52653432,0
G2B,static,Nayuki,3,14,2.5149,675.832,0.302,68497632,0
G2B,static,Nayuki,3,15,2.7559,374.083,0.158,40552272,82280
G2B,static,Nayuki,3,16,2.9027,45.787,0.055,6019840,83056
G2B,static,Nayuki,3,17,2.5850,397.775,0.204,48009128,0
G2B,static,Nayuki,3,18,2.9545,566.724,0.297,61474720,416104
G2B,static,Nayuki,3,19,2.6574,387.250,0.198,42428296,0
G2B,static,Nayuki,3,20,2.6250,495.692,0.254,47362744,124928
G2B,static,Nayuki,3,21,2.5465,503.339,0.365,56325664,345368
G2B,static,Nayuki,3,22,2.6495,440.884,0.231,44523064,0
G2B,static,Nayuki,3,23,2.6182,504.623,0.265,51454024,167024
G2B,static,Nayuki,3,24,2.6207,201.123,0.130,25282160,0
G2B,static,Nayuki,3,25,2.6479,346.127,0.180,37095488,82944
G2B,static,Nayuki,3,26,2.7974,410.272,0.180,42415472,83024
G2B,static,Nayuki,3,27,2.7961,36.724,0.038,5123624,0
G2B,static,Nayuki,3,28,2.7287,777.719,2.455,81392872,-13455272
G2B,static,Nayuki,3,29,3.0096,414.588,0.197,44179896,0
G2B,static,Nayuki,3,30,2.6243,151.666,0.112,18695160,666856
G2B,static,Nayuki,3,31,2.7654,241.927,0.142,27502776,0
G2B,static,Nayuki,3,32,2.7616,369.531,0.184,35201776,124640
G2B,static,Nayuki,3,33,2.9589,19.253,0.026,2993080,0
G2B,static,Nayuki,3,34,2.5673,599.325,0.285,55520952,597032
G2B,static,Nayuki,3,35,2.6154,413.231,0.166,42305320,126968
G2B,static,Nayuki,3,36,2.7350,620.010,0.281,65723256,0
G2B,static,Nayuki,3,37,2.7571,648.454,0.279,61031480,0
G2B,static,Nayuki,3,38,2.6812,665.004,0.491,67235632,428480
G2B,static,Nayuki,4,1,3.2787,421.869,0.201,48992560,208120
G2B,static,Nayuki,4,2,3.0255,320.260,0.148,32904456,164520
G2B,static,Nayuki,4,3,2.7273,610.881,0.282,60588664,0
G2B,static,Nayuki,4,4,2.6581,430.552,0.204,44965672,83280
G2B,static,Nayuki,4,5,2.6534,763.136,0.406,73577800,373144
G2B,static,Nayuki,4,6,2.7805,475.179,0.243,48088168,428720
G2B,static,Nayuki,4,7,2.6386,378.899,0.179,36563832,83440
G2B,static,Nayuki,4,8,2.7191,586.405,0.265,57510952,0
G2B,static,Nayuki,4,9,2.6748,456.543,0.207,47667160,0
G2B,static,Nayuki,4,10,2.6667,503.311,0.228,52259352,0
G2B,static,Nayuki,4,11,2.7485,476.069,0.230,46941488,0
G2B,static,Nayuki,4,12,2.6578,412.960,0.202,41076256,83312
G2B,static,Nayuki,4,13,2.8304,537.192,0.253,54038744,0
G2B,static,Nayuki,4,14,2.5149,669.766,0.299,65153880,0
G2B,static,Nayuki,4,15,2.7559,354.554,0.157,38754912,0
G2B,static,Nayuki,4,16,2.9027,47.276,0.051,5487432,83200
G2B,static,Nayuki,4,17,2.5850,395.094,0.209,47195848,0
G2B,static,Nayuki,4,18,2.9545,560.101,0.325,61117040,0
G2B,static,Nayuki,4,19,2.6574,391.262,0.204,38439832,166592
G2B,static,Nayuki,4,20,2.6250,500.262,0.260,52742360,0
G2B,static,Nayuki,4,21,2.5465,514.707,0.239,53116064,268184
G2B,static,Nayuki,4,22,2.6495,485.331,0.247,50094912,208016
G2B,static,Nayuki,4,23,2.6182,509.409,0.264,60717256,0
G2B,static,Nayuki,4,24,2.6207,248.688,0.132,26224248,0
G2B,static,Nayuki,4,25,2.6479,366.648,0.183,37952240,166448
G2B,static,Nayuki,4,26,2.7974,446.548,0.179,42329872,166272
G2B,static,Nayuki,4,27,2.7961,39.148,0.052,4808368,79224
G2B,static,Nayuki,4,28,2.7287,778.303,0.351,68510944,0
G2B,static,Nayuki,4,29,3.0096,421.729,0.236,40725448,125240
G2B,static,Nayuki,4,30,2.6243,143.632,0.118,19897288,579152
G2B,static,Nayuki,4,31,2.7654,240.349,0.139,27546480,0
G2B,static,Nayuki,4,32,2.7616,405.935,0.191,35076896,124376
G2B,static,Nayuki,4,33,2.9589,21.373,0.026,3006264,0
G2B,static,Nayuki,4,34,2.5673,595.998,4.999,70887872,-16244416
G2B,static,Nayuki,4,35,2.6154,439.091,0.155,45507384,0
G2B,static,Nayuki,4,36,2.7350,622.241,0.287,63575888,416720
G2B,static,Nayuki,4,37,2.7571,614.584,0.286,61029968,0
G2B,static,Nayuki,4,38,2.6812,657.015,0.314,67638432,461008
G2B,static,Nayuki,5,1,3.2787,427.066,0.200,47703024,0
G2B,static,Nayuki,5,2,3.0255,300.306,0.146,35141744,0
G2B,static,Nayuki,5,3,2.7273,625.077,0.295,55367024,417488
G2B,static,Nayuki,5,4,2.6581,420.148,0.197,42059000,167320
G2B,static,Nayuki,5,5,2.6534,766.765,0.344,74481192,375296
G2B,static,Nayuki,5,6,2.7805,484.384,0.250,48887840,427232
G2B,static,Nayuki,5,7,2.6386,371.878,0.181,38076112,0
G2B,static,Nayuki,5,8,2.7191,598.666,0.263,56675368,0
G2B,static,Nayuki,5,9,2.6748,503.822,0.341,48985872,0
G2B,static,Nayuki,5,10,2.6667,503.039,0.228,51439160,0
G2B,static,Nayuki,5,11,2.7485,464.813,0.232,48730568,0
G2B,static,Nayuki,5,12,2.6578,393.286,0.231,41183952,666464
G2B,static,Nayuki,5,13,2.8304,525.482,0.246,52487240,263496
G2B,static,Nayuki,5,14,2.5149,712.733,0.296,67446592,0
G2B,static,Nayuki,5,15,2.7559,357.684,0.158,38752712,0
G2B,static,Nayuki,5,16,2.9027,47.270,0.051,5478680,41584
G2B,static,Nayuki,5,17,2.5850,386.727,0.202,39250280,0
G2B,static,Nayuki,5,18,2.9545,626.494,0.318,63919016,0
G2B,static,Nayuki,5,19,2.6574,416.358,0.301,40676008,0
G2B,static,Nayuki,5,20,2.6250,480.799,0.258,47757144,166624
G2B,static,Nayuki,5,21,2.5465,494.352,0.240,55435120,345472
G2B,static,Nayuki,5,22,2.6495,436.342,0.226,44458904,0
G2B,static,Nayuki,5,23,2.6182,539.600,0.279,51574584,0
G2B,static,Nayuki,5,24,2.6207,240.021,0.131,26171096,0
G2B,static,Nayuki,5,25,2.6479,392.465,0.180,35853472,124928
G2B,static,Nayuki,5,26,2.7974,393.163,0.191,43267792,580264
G2B,static,Nayuki,5,27,2.7961,36.243,0.035,4698496,0
G2B,static,Nayuki,5,28,2.7287,808.558,0.340,74077392,0
G2B,static,Nayuki,5,29,3.0096,518.656,0.193,44153464,0
G2B,static,Nayuki,5,30,2.6243,160.215,0.099,18429080,0
G2B,static,Nayuki,5,31,2.7654,283.820,0.143,27701456,0
G2B,static,Nayuki,5,32,2.7616,393.371,0.183,37289512,82952
G2B,static,Nayuki,5,33,2.9589,20.959,0.026,2837968,0
G2B,static,Nayuki,5,34,2.5673,619.667,3.240,71681320,-15901672
G2B,static,Nayuki,5,35,2.6154,402.962,0.178,42164768,0
G2B,static,Nayuki,5,36,2.7350,588.251,0.272,64399448,0
G2B,static,Nayuki,5,37,2.7571,626.257,0.314,61031616,0
G2B,static,Nayuki,5,38,2.6812,662.899,0.330,76908376,960400
G2B,semi-adaptive,BigDecimal,1,1,2.7213,536.967,7.890,76955760,19920896
G2B,semi-adaptive,BigDecimal,1,2,2.5782,358.172,6.829,30603376,-26956584
G2B,semi-adaptive,BigDecimal,1,3,2.4602,737.699,11.557,-41718240,-68133944
G2B,semi-adaptive,BigDecimal,1,4,2.2452,514.621,7.089,-33163296,14680064
G2B,semi-adaptive,BigDecimal,1,5,2.3242,922.867,10.392,-67260888,25165824
G2B,semi-adaptive,BigDecimal,1,6,2.3567,577.593,9.737,26679248,-73365648
G2B,semi-adaptive,BigDecimal,1,7,2.3088,430.738,4.969,80534360,13629440
G2B,semi-adaptive,BigDecimal,1,8,2.3399,688.553,8.081,-54541776,19924992
G2B,semi-adaptive,BigDecimal,1,9,2.2362,557.022,6.480,-4483040,17823744
G2B,semi-adaptive,BigDecimal,1,10,2.2478,602.064,7.764,-38862712,17827840
G2B,semi-adaptive,BigDecimal,1,11,2.2822,566.122,7.780,-5510952,17823744
G2B,semi-adaptive,BigDecimal,1,12,2.3256,442.185,6.237,18687856,16777296
G2B,semi-adaptive,BigDecimal,1,13,2.3421,636.618,8.601,-43384568,17823744
G2B,semi-adaptive,BigDecimal,1,14,2.1816,781.697,8.491,1163528,20971520
G2B,semi-adaptive,BigDecimal,1,15,2.3077,439.133,6.878,25596984,-49254016
G2B,semi-adaptive,BigDecimal,1,16,2.4071,48.590,0.429,9653664,745656
G2B,semi-adaptive,BigDecimal,1,17,2.2041,481.880,5.353,-7223192,13629440
G2B,semi-adaptive,BigDecimal,1,18,2.6506,776.641,10.729,2220648,25165824
G2B,semi-adaptive,BigDecimal,1,19,2.3599,470.971,6.137,18582032,16776032
G2B,semi-adaptive,BigDecimal,1,20,2.2531,574.908,7.052,-27360936,17874736
G2B,semi-adaptive,BigDecimal,1,21,2.2342,612.723,7.417,-22750704,16777216
G2B,semi-adaptive,BigDecimal,1,22,2.2154,532.126,5.504,-39149824,14680064
G2B,semi-adaptive,BigDecimal,1,23,2.2606,619.854,5.559,20152504,11536384
G2B,semi-adaptive,BigDecimal,1,24,2.2629,246.239,6.747,16408896,-46107368
G2B,semi-adaptive,BigDecimal,1,25,2.3204,428.854,5.476,12558888,12582912
G2B,semi-adaptive,BigDecimal,1,26,2.3758,514.123,5.776,-24102752,14680064
G2B,semi-adaptive,BigDecimal,1,27,2.0874,39.157,0.256,280896,913568
G2B,semi-adaptive,BigDecimal,1,28,2.4367,1025.950,11.801,-36469240,-67069936
G2B,semi-adaptive,BigDecimal,1,29,2.4920,525.636,6.490,-35600392,15730688
G2B,semi-adaptive,BigDecimal,1,30,2.1799,130.558,2.538,33554528,7392088
G2B,semi-adaptive,BigDecimal,1,31,2.2634,277.671,4.105,17963064,9439232
G2B,semi-adaptive,BigDecimal,1,32,2.4021,439.182,6.946,-30978928,15903064
G2B,semi-adaptive,BigDecimal,1,33,2.1096,17.826,0.180,-913888,262104
G2B,semi-adaptive,BigDecimal,1,34,2.2436,708.667,18.860,-9967512,1023848
G2B,semi-adaptive,BigDecimal,1,35,2.1667,499.812,4.779,-7664672,12582912
G2B,semi-adaptive,BigDecimal,1,36,2.4160,752.484,10.200,-1580744,20971520
G2B,semi-adaptive,BigDecimal,1,37,2.4972,807.575,10.441,-31430512,18874368
G2B,semi-adaptive,BigDecimal,1,38,2.3515,849.390,10.508,-52328712,22022144
G2B,semi-adaptive,BigDecimal,2,1,2.7213,549.595,10.450,14073144,-70199704
G2B,semi-adaptive,BigDecimal,2,2,2.5782,361.446,5.894,15380216,14680064
G2B,semi-adaptive,BigDecimal,2,3,2.4602,722.633,9.195,-49933552,22018048
G2B,semi-adaptive,BigDecimal,2,4,2.2452,507.253,6.056,7349248,14680064
G2B,semi-adaptive,BigDecimal,2,5,2.3242,915.729,22.212,-37654776,-6160120
G2B,semi-adaptive,BigDecimal,2,6,2.3567,597.850,10.327,-12792152,-71258728
G2B,semi-adaptive,BigDecimal,2,7,2.3088,426.763,5.835,-21435304,13497488
G2B,semi-adaptive,BigDecimal,2,8,2.3399,689.232,8.613,-2008640,19924992
G2B,semi-adaptive,BigDecimal,2,9,2.2362,575.570,7.784,-17049688,18874368
G2B,semi-adaptive,BigDecimal,2,10,2.2478,638.288,7.066,16962312,17827840
G2B,semi-adaptive,BigDecimal,2,11,2.2822,567.444,9.537,9508432,-72305608
G2B,semi-adaptive,BigDecimal,2,12,2.3256,453.884,6.965,29878520,16777216
G2B,semi-adaptive,BigDecimal,2,13,2.3421,631.977,8.634,-35237272,17823744
G2B,semi-adaptive,BigDecimal,2,14,2.1816,778.268,10.868,-47516160,-69177032
G2B,semi-adaptive,BigDecimal,2,15,2.3077,435.054,5.835,91172800,13629440
G2B,semi-adaptive,BigDecimal,2,16,2.4071,49.341,0.407,-2420352,1046528
G2B,semi-adaptive,BigDecimal,2,17,2.2041,470.030,6.192,11432504,13629440
G2B,semi-adaptive,BigDecimal,2,18,2.6506,795.696,14.001,-41753640,-64986456
G2B,semi-adaptive,BigDecimal,2,19,2.3599,494.861,6.125,-28449072,16777216
G2B,semi-adaptive,BigDecimal,2,20,2.2531,566.212,7.067,20614304,17827840
G2B,semi-adaptive,BigDecimal,2,21,2.2342,620.313,6.621,-4173656,16777208
G2B,semi-adaptive,BigDecimal,2,22,2.2154,525.548,6.374,-25975888,14680064
G2B,semi-adaptive,BigDecimal,2,23,2.2606,630.331,5.569,32379224,11532288
G2B,semi-adaptive,BigDecimal,2,24,2.2629,223.432,4.648,-1678256,11536384
G2B,semi-adaptive,BigDecimal,2,25,2.3204,431.754,5.550,-32187120,12582912
G2B,semi-adaptive,BigDecimal,2,26,2.3758,499.117,6.877,-4774840,14680064
G2B,semi-adaptive,BigDecimal,2,27,2.0874,41.905,0.260,-1932984,1050624
G2B,semi-adaptive,BigDecimal,2,28,2.4367,1012.258,13.723,-5177176,-66036504
G2B,semi-adaptive,BigDecimal,2,29,2.4920,524.156,6.531,18443592,16777304
G2B,semi-adaptive,BigDecimal,2,30,2.1799,136.339,2.856,9841464,7342080
G2B,semi-adaptive,BigDecimal,2,31,2.2634,280.605,3.868,41951328,10057464
G2B,semi-adaptive,BigDecimal,2,32,2.4021,445.735,7.608,-30669632,-76511888
G2B,semi-adaptive,BigDecimal,2,33,2.1096,17.445,0.696,4946584,-12203720
G2B,semi-adaptive,BigDecimal,2,34,2.2436,706.959,7.462,32223688,17827840
G2B,semi-adaptive,BigDecimal,2,35,2.1667,497.911,5.765,-35449896,-79668072
G2B,semi-adaptive,BigDecimal,2,36,2.4160,730.397,8.954,-42890432,20971520
G2B,semi-adaptive,BigDecimal,2,37,2.4972,782.120,9.012,-43422400,18874368
G2B,semi-adaptive,BigDecimal,2,38,2.3515,841.354,10.184,-57131064,22022144
G2B,semi-adaptive,BigDecimal,3,1,2.7213,531.297,8.345,20217392,19875472
G2B,semi-adaptive,BigDecimal,3,2,2.5782,366.914,7.136,40281888,-46132864
G2B,semi-adaptive,BigDecimal,3,3,2.4602,745.875,10.943,-43473288,22018048
G2B,semi-adaptive,BigDecimal,3,4,2.2452,519.140,6.617,-24391280,14680064
G2B,semi-adaptive,BigDecimal,3,5,2.3242,919.442,10.439,-58839184,25165824
G2B,semi-adaptive,BigDecimal,3,6,2.3567,573.307,7.293,-46649280,18874368
G2B,semi-adaptive,BigDecimal,3,7,2.3088,413.430,5.012,-7555272,13629440
G2B,semi-adaptive,BigDecimal,3,8,2.3399,701.804,9.113,-36962704,-70216592
G2B,semi-adaptive,BigDecimal,3,9,2.2362,592.981,9.091,17580664,-72302592
G2B,semi-adaptive,BigDecimal,3,10,2.2478,618.606,7.026,-40973544,17827840
G2B,semi-adaptive,BigDecimal,3,11,2.2822,576.268,8.694,-26703072,17823744
G2B,semi-adaptive,BigDecimal,3,12,2.3256,455.280,8.267,38252792,-41919736
G2B,semi-adaptive,BigDecimal,3,13,2.3421,662.317,7.446,-48473504,16777216
G2B,semi-adaptive,BigDecimal,3,14,2.1816,780.188,8.771,-9940984,-55809512
G2B,semi-adaptive,BigDecimal,3,15,2.3077,432.767,5.758,-28263928,13498400
G2B,semi-adaptive,BigDecimal,3,16,2.4071,51.412,0.406,8013728,829072
G2B,semi-adaptive,BigDecimal,3,17,2.2041,466.995,6.254,3913480,13629440
G2B,semi-adaptive,BigDecimal,3,18,2.6506,788.195,12.008,-19754352,25165824
G2B,semi-adaptive,BigDecimal,3,19,2.3599,473.840,7.096,8283176,16777216
G2B,semi-adaptive,BigDecimal,3,20,2.2531,593.457,7.039,13494632,17827840
G2B,semi-adaptive,BigDecimal,3,21,2.2342,613.962,6.487,-31783112,16777216
G2B,semi-adaptive,BigDecimal,3,22,2.2154,555.351,6.485,-41362024,14680064
G2B,semi-adaptive,BigDecimal,3,23,2.2606,648.504,5.343,20487552,11532288
G2B,semi-adaptive,BigDecimal,3,24,2.2629,227.192,5.828,77096,-59748704
G2B,semi-adaptive,BigDecimal,3,25,2.3204,432.261,5.409,-31579464,12582912
G2B,semi-adaptive,BigDecimal,3,26,2.3758,498.073,6.576,-4779408,14680064
G2B,semi-adaptive,BigDecimal,3,27,2.0874,40.875,0.258,-682632,1050624
G2B,semi-adaptive,BigDecimal,3,28,2.4367,1006.501,20.648,3324032,3158248
G2B,semi-adaptive,BigDecimal,3,29,2.4920,517.639,6.639,-36828256,16777144
G2B,semi-adaptive,BigDecimal,3,30,2.1799,142.318,4.125,34371456,-34287064
G2B,semi-adaptive,BigDecimal,3,31,2.2634,276.893,4.045,-3533024,9439232
G2B,semi-adaptive,BigDecimal,3,32,2.4021,439.774,7.252,-34674696,16777216
G2B,semi-adaptive,BigDecimal,3,33,2.1096,17.073,0.181,4857848,266664
G2B,semi-adaptive,BigDecimal,3,34,2.2436,699.730,7.455,-4547064,18874368
G2B,semi-adaptive,BigDecimal,3,35,2.1667,512.613,5.225,-35697776,12582912
G2B,semi-adaptive,BigDecimal,3,36,2.4160,732.487,9.671,-44012248,20971520
G2B,semi-adaptive,BigDecimal,3,37,2.4972,803.602,11.099,-9445584,-71287104
G2B,semi-adaptive,BigDecimal,3,38,2.3515,800.062,8.932,-30912976,22022144
G2B,semi-adaptive,BigDecimal,4,1,2.7213,543.322,7.885,-33587240,19920896
G2B,semi-adaptive,BigDecimal,4,2,2.5782,363.818,5.555,20385616,14680064
G2B,semi-adaptive,BigDecimal,4,3,2.4602,739.866,11.328,-49674512,-68132128
G2B,semi-adaptive,BigDecimal,4,4,2.2452,503.208,9.084,-24165648,-77556440
G2B,semi-adaptive,BigDecimal,4,5,2.3242,949.987,10.383,-63038864,25166208
G2B,semi-adaptive,BigDecimal,4,6,2.3567,570.418,10.547,11658288,-71259048
G2B,semi-adaptive,BigDecimal,4,7,2.3088,415.771,5.183,-33595992,13629440
G2B,semi-adaptive,BigDecimal,4,8,2.3399,704.862,9.274,-55364392,19924992
G2B,semi-adaptive,BigDecimal,4,9,2.2362,552.344,6.503,-41949160,18874368
G2B,semi-adaptive,BigDecimal,4,10,2.2478,631.421,7.070,-13760224,17827840
G2B,semi-adaptive,BigDecimal,4,11,2.2822,586.115,7.004,-19675000,17045080
G2B,semi-adaptive,BigDecimal,4,12,2.3256,439.071,6.755,73610152,17652632
G2B,semi-adaptive,BigDecimal,4,13,2.3421,645.815,8.099,19004704,17827840
G2B,semi-adaptive,BigDecimal,4,14,2.1816,780.990,9.993,-36931048,-69190048
G2B,semi-adaptive,BigDecimal,4,15,2.3077,439.008,5.170,91175928,13629440
G2B,semi-adaptive,BigDecimal,4,16,2.4071,50.772,0.447,10391528,870520
G2B,semi-adaptive,BigDecimal,4,17,2.2041,470.520,6.247,-13365184,13629440
G2B,semi-adaptive,BigDecimal,4,18,2.6506,784.306,10.798,-27963152,25165824
G2B,semi-adaptive,BigDecimal,4,19,2.3599,467.498,6.129,20019408,16777160
G2B,semi-adaptive,BigDecimal,4,20,2.2531,557.610,7.076,81114096,17827840
G2B,semi-adaptive,BigDecimal,4,21,2.2342,693.807,7.939,-9624200,16777216
G2B,semi-adaptive,BigDecimal,4,22,2.2154,601.440,5.587,-29753328,13633536
G2B,semi-adaptive,BigDecimal,4,23,2.2606,649.862,5.382,-30614936,12582912
G2B,semi-adaptive,BigDecimal,4,24,2.2629,218.835,9.878,25021888,6797440
G2B,semi-adaptive,BigDecimal,4,25,2.3204,453.298,6.854,-12840288,12582912
G2B,semi-adaptive,BigDecimal,4,26,2.3758,519.450,6.344,-25707656,14680064
G2B,semi-adaptive,BigDecimal,4,27,2.0874,40.775,0.265,-2446752,1050624
G2B,semi-adaptive,BigDecimal,4,28,2.4367,1049.234,10.719,-51071456,23068672
G2B,semi-adaptive,BigDecimal,4,29,2.4920,534.644,6.754,71959816,15730688
G2B,semi-adaptive,BigDecimal,4,30,2.1799,139.609,2.786,8094728,7348712
G2B,semi-adaptive,BigDecimal,4,31,2.2634,280.561,4.295,14537456,9439232
G2B,semi-adaptive,BigDecimal,4,32,2.4021,459.992,6.629,-12861096,16777216
G2B,semi-adaptive,BigDecimal,4,33,2.1096,17.776,0.719,-862560,-6420672
G2B,semi-adaptive,BigDecimal,4,34,2.2436,690.855,7.910,-44768880,18874368
G2B,semi-adaptive,BigDecimal,4,35,2.1667,520.187,4.849,-40616912,12582912
G2B,semi-adaptive,BigDecimal,4,36,2.4160,737.920,10.268,123571104,20971520
G2B,semi-adaptive,BigDecimal,4,37,2.4972,830.888,8.885,-37234344,19580792
G2B,semi-adaptive,BigDecimal,4,38,2.3515,837.671,9.014,-39277536,23068672
G2B,semi-adaptive,BigDecimal,5,1,2.7213,564.679,9.717,-7543720,-70197784
G2B,semi-adaptive,BigDecimal,5,2,2.5782,369.419,6.981,17920800,-50300696
G2B,semi-adaptive,BigDecimal,5,3,2.4602,775.313,9.327,-6095296,22018048
G2B,semi-adaptive,BigDecimal,5,4,2.2452,556.166,6.506,-38332272,14680064
G2B,semi-adaptive,BigDecimal,5,5,2.3242,1100.215,14.519,19112208,-64977416
G2B,semi-adaptive,BigDecimal,5,6,2.3567,623.369,7.845,-31478960,18874368
G2B,semi-adaptive,BigDecimal,5,7,2.3088,468.476,5.040,60008928,13629440
G2B,semi-adaptive,BigDecimal,5,8,2.3399,762.290,8.267,-29891368,19924992
G2B,semi-adaptive,BigDecimal,5,9,2.2362,603.644,8.405,-21620368,17823744
G2B,semi-adaptive,BigDecimal,5,10,2.2478,685.331,7.193,-45511696,17827840
G2B,semi-adaptive,BigDecimal,5,11,2.2822,637.078,9.287,-15980992,17823744
G2B,semi-adaptive,BigDecimal,5,12,2.3256,460.714,7.143,21898464,16777216
G2B,semi-adaptive,BigDecimal,5,13,2.3421,725.029,7.707,-49220176,17827840
G2B,semi-adaptive,BigDecimal,5,14,2.1816,885.934,8.485,-51618176,20971520
G2B,semi-adaptive,BigDecimal,5,15,2.3077,447.012,6.236,-7913480,13629440
G2B,semi-adaptive,BigDecimal,5,16,2.4071,55.050,0.413,1540840,662912
G2B,semi-adaptive,BigDecimal,5,17,2.2041,511.821,5.969,33656016,13629440
G2B,semi-adaptive,BigDecimal,5,18,2.6506,823.144,10.985,-21039744,25166200
G2B,semi-adaptive,BigDecimal,5,19,2.3599,496.527,9.489,-35926048,-75474416
G2B,semi-adaptive,BigDecimal,5,20,2.2531,614.000,7.118,20745976,17916192
G2B,semi-adaptive,BigDecimal,5,21,2.2342,649.709,7.140,-17240264,16777280
G2B,semi-adaptive,BigDecimal,5,22,2.2154,528.660,6.350,-38529472,14680064
G2B,semi-adaptive,BigDecimal,5,23,2.2606,660.253,5.304,17189296,11532288
G2B,semi-adaptive,BigDecimal,5,24,2.2629,245.141,4.112,12846664,11536384
G2B,semi-adaptive,BigDecimal,5,25,2.3204,432.239,5.763,-2198960,12582912
G2B,semi-adaptive,BigDecimal,5,26,2.3758,502.416,6.626,-4404408,14680064
G2B,semi-adaptive,BigDecimal,5,27,2.0874,41.181,0.260,-674808,1050624
G2B,semi-adaptive,BigDecimal,5,28,2.4367,988.541,18.479,-54485384,13010848
G2B,semi-adaptive,BigDecimal,5,29,2.4920,521.532,7.487,-6377432,15730688
G2B,semi-adaptive,BigDecimal,5,30,2.1799,130.760,2.540,33554528,7431416
G2B,semi-adaptive,BigDecimal,5,31,2.2634,278.914,4.757,5100776,-47124000
G2B,semi-adaptive,BigDecimal,5,32,2.4021,433.021,6.193,-26475496,16777216
G2B,semi-adaptive,BigDecimal,5,33,2.1096,17.826,1.312,461072,-7469264
G2B,semi-adaptive,BigDecimal,5,34,2.2436,694.888,7.554,-4715352,17827840
G2B,semi-adaptive,BigDecimal,5,35,2.1667,491.226,6.377,-31319976,12582912
G2B,semi-adaptive,BigDecimal,5,36,2.4160,727.077,8.909,-42791464,20971520
G2B,semi-adaptive,BigDecimal,5,37,2.4972,777.173,8.596,-42134112,18874368
G2B,semi-adaptive,BigDecimal,5,38,2.3515,806.125,20.719,-44183984,5409200
G2B,semi-adaptive,Nayuki,1,1,3.1475,362.194,0.200,39845888,0
G2B,semi-adaptive,Nayuki,1,2,2.9091,293.663,0.172,20849696,1050624
G2B,semi-adaptive,Nayuki,1,3,2.6818,551.540,0.287,49937536,0
G2B,semi-adaptive,Nayuki,1,4,2.5290,393.794,0.198,28563912,0
G2B,semi-adaptive,Nayuki,1,5,2.5935,755.290,0.350,31035368,1050624
G2B,semi-adaptive,Nayuki,1,6,2.6829,435.456,0.237,46348496,1046528
G2B,semi-adaptive,Nayuki,1,7,2.5825,329.889,0.179,-11098880,0
G2B,semi-adaptive,Nayuki,1,8,2.6067,491.364,0.260,53479424,0
G2B,semi-adaptive,Nayuki,1,9,2.5767,463.371,0.224,29696112,1046528
G2B,semi-adaptive,Nayuki,1,10,2.5015,440.639,0.232,48234496,0
G2B,semi-adaptive,Nayuki,1,11,2.6012,409.094,0.237,45090816,1046528
G2B,semi-adaptive,Nayuki,1,12,2.5781,334.976,0.200,37748736,0
G2B,semi-adaptive,Nayuki,1,13,2.6901,452.226,0.387,49281024,1050624
G2B,semi-adaptive,Nayuki,1,14,2.4065,606.800,0.296,799232,0
G2B,semi-adaptive,Nayuki,1,15,2.6221,368.869,0.197,10797512,1050624
G2B,semi-adaptive,Nayuki,1,16,3.0442,44.277,0.057,1316440,683872
G2B,semi-adaptive,Nayuki,1,17,2.4762,370.893,0.205,8707584,0
G2B,semi-adaptive,Nayuki,1,18,2.8864,491.241,0.307,52428800,1046528
G2B,semi-adaptive,Nayuki,1,19,2.6298,357.344,0.207,11764296,0
G2B,semi-adaptive,Nayuki,1,20,2.5750,427.664,0.253,-20549432,0
G2B,semi-adaptive,Nayuki,1,21,2.5225,430.598,0.234,46137344,0
G2B,semi-adaptive,Nayuki,1,22,2.5723,400.995,0.299,22405816,0
G2B,semi-adaptive,Nayuki,1,23,2.5697,426.223,0.280,46137344,0
G2B,semi-adaptive,Nayuki,1,24,2.6207,197.278,0.139,-16462520,207896
G2B,semi-adaptive,Nayuki,1,25,2.6761,331.632,0.204,7654832,0
G2B,semi-adaptive,Nayuki,1,26,2.6405,377.982,0.187,40546888,0
G2B,semi-adaptive,Nayuki,1,27,2.7961,35.818,0.035,4686344,0
G2B,semi-adaptive,Nayuki,1,28,2.6667,717.031,0.358,64100560,0
G2B,semi-adaptive,Nayuki,1,29,2.8553,409.197,0.191,-18518144,0
G2B,semi-adaptive,Nayuki,1,30,2.5820,135.242,0.109,1326440,166952
G2B,semi-adaptive,Nayuki,1,31,2.7325,209.886,0.154,25165824,208736
G2B,semi-adaptive,Nayuki,1,32,2.7046,319.707,0.191,-31479680,0
G2B,semi-adaptive,Nayuki,1,33,2.9589,17.287,0.029,-1945000,0
G2B,semi-adaptive,Nayuki,1,34,2.4986,550.956,0.262,51513760,0
G2B,semi-adaptive,Nayuki,1,35,2.4615,388.451,0.158,41301984,0
G2B,semi-adaptive,Nayuki,1,36,2.6667,534.614,0.307,-7698720,377592
G2B,semi-adaptive,Nayuki,1,37,2.7345,566.668,0.278,35540352,0
G2B,semi-adaptive,Nayuki,1,38,2.5940,623.309,0.295,-8723024,0
G2B,semi-adaptive,Nayuki,2,1,3.1475,384.669,0.207,40815448,0
G2B,semi-adaptive,Nayuki,2,2,2.9091,302.725,0.145,21777184,0
G2B,semi-adaptive,Nayuki,2,3,2.6818,506.185,0.290,52428800,1046528
G2B,semi-adaptive,Nayuki,2,4,2.5290,401.086,0.199,-14479760,0
G2B,semi-adaptive,Nayuki,2,5,2.5935,763.089,0.345,-2178456,796904
G2B,semi-adaptive,Nayuki,2,6,2.6829,449.394,0.228,-1803760,0
G2B,semi-adaptive,Nayuki,2,7,2.5825,349.852,0.194,-6910984,0
G2B,semi-adaptive,Nayuki,2,8,2.6067,498.483,0.256,53479424,0
G2B,semi-adaptive,Nayuki,2,9,2.5767,448.919,0.226,31725440,1046528
G2B,semi-adaptive,Nayuki,2,10,2.5015,475.229,0.239,48448912,0
G2B,semi-adaptive,Nayuki,2,11,2.6012,435.102,0.229,28431064,0
G2B,semi-adaptive,Nayuki,2,12,2.5781,335.478,0.204,37748736,0
G2B,semi-adaptive,Nayuki,2,13,2.6901,478.946,0.283,49700752,1050624
G2B,semi-adaptive,Nayuki,2,14,2.4065,630.659,0.393,-456192,0
G2B,semi-adaptive,Nayuki,2,15,2.6221,328.794,0.173,36698112,543872
G2B,semi-adaptive,Nayuki,2,16,3.0442,42.060,0.051,5662320,0
G2B,semi-adaptive,Nayuki,2,17,2.4762,366.057,0.208,12440064,0
G2B,semi-adaptive,Nayuki,2,18,2.8864,498.292,0.297,52428800,0
G2B,semi-adaptive,Nayuki,2,19,2.6298,360.394,0.207,10675408,0
G2B,semi-adaptive,Nayuki,2,20,2.5750,435.186,0.255,16691328,0
G2B,semi-adaptive,Nayuki,2,21,2.5225,429.040,0.228,46137344,0
G2B,semi-adaptive,Nayuki,2,22,2.5723,402.644,0.236,26600704,0
G2B,semi-adaptive,Nayuki,2,23,2.5697,472.244,0.271,-11534336,0
G2B,semi-adaptive,Nayuki,2,24,2.6207,209.803,0.135,4479848,0
G2B,semi-adaptive,Nayuki,2,25,2.6761,333.066,0.183,14687416,0
G2B,semi-adaptive,Nayuki,2,26,2.6405,384.955,0.185,10144792,0
G2B,semi-adaptive,Nayuki,2,27,2.7961,35.037,0.036,4603720,0
G2B,semi-adaptive,Nayuki,2,28,2.6667,709.928,0.353,64741376,0
G2B,semi-adaptive,Nayuki,2,29,2.8553,385.350,0.192,28073792,0
G2B,semi-adaptive,Nayuki,2,30,2.5820,131.754,0.104,1030288,0
G2B,semi-adaptive,Nayuki,2,31,2.7325,209.523,0.147,24899392,415464
G2B,semi-adaptive,Nayuki,2,32,2.7046,339.481,0.192,12470664,0
G2B,semi-adaptive,Nayuki,2,33,2.9589,15.944,0.029,2348448,41808
G2B,semi-adaptive,Nayuki,2,34,2.4986,493.299,0.264,51382272,0
G2B,semi-adaptive,Nayuki,2,35,2.4615,396.016,0.166,30334480,0
G2B,semi-adaptive,Nayuki,2,36,2.6667,489.946,0.282,51382272,1050056
G2B,semi-adaptive,Nayuki,2,37,2.7345,560.298,0.286,53833344,668560
G2B,semi-adaptive,Nayuki,2,38,2.5940,617.345,0.298,-49314608,0
G2B,semi-adaptive,Nayuki,3,1,3.1475,356.876,0.199,38799360,0
G2B,semi-adaptive,Nayuki,3,2,2.9091,298.765,0.154,26133976,919816
G2B,semi-adaptive,Nayuki,3,3,2.6818,498.284,0.295,52428800,1046528
G2B,semi-adaptive,Nayuki,3,4,2.5290,397.291,0.199,1693760,0
G2B,semi-adaptive,Nayuki,3,5,2.5935,723.629,3.663,-16391912,2122632
G2B,semi-adaptive,Nayuki,3,6,2.6829,407.239,0.237,45086720,1046528
G2B,semi-adaptive,Nayuki,3,7,2.5825,324.909,0.185,-9007296,0
G2B,semi-adaptive,Nayuki,3,8,2.6067,514.299,0.265,53479424,0
G2B,semi-adaptive,Nayuki,3,9,2.5767,442.597,0.226,32801344,1046528
G2B,semi-adaptive,Nayuki,3,10,2.5015,441.515,0.230,48234496,0
G2B,semi-adaptive,Nayuki,3,11,2.6012,538.046,0.227,30510632,0
G2B,semi-adaptive,Nayuki,3,12,2.5781,349.970,0.199,37748736,0
G2B,semi-adaptive,Nayuki,3,13,2.6901,462.685,0.259,49281024,1050624
G2B,semi-adaptive,Nayuki,3,14,2.4065,668.217,0.311,12406272,0
G2B,semi-adaptive,Nayuki,3,15,2.6221,367.978,0.199,-20466584,1050624
G2B,semi-adaptive,Nayuki,3,16,3.0442,42.306,0.055,-363664,0
G2B,semi-adaptive,Nayuki,3,17,2.4762,334.459,0.202,36702208,679008
G2B,semi-adaptive,Nayuki,3,18,2.8864,500.419,0.319,52428800,1046528
G2B,semi-adaptive,Nayuki,3,19,2.6298,358.507,0.202,-8133248,0
G2B,semi-adaptive,Nayuki,3,20,2.5750,430.736,0.254,35381080,0
G2B,semi-adaptive,Nayuki,3,21,2.5225,438.895,0.229,46137344,0
G2B,semi-adaptive,Nayuki,3,22,2.5723,422.465,0.228,23900160,0
G2B,semi-adaptive,Nayuki,3,23,2.5697,447.244,0.270,46137344,125504
G2B,semi-adaptive,Nayuki,3,24,2.6207,200.436,0.138,1401616,416616
G2B,semi-adaptive,Nayuki,3,25,2.6761,335.565,0.197,13813448,0
G2B,semi-adaptive,Nayuki,3,26,2.6405,395.866,0.185,19119368,0
G2B,semi-adaptive,Nayuki,3,27,2.7961,35.252,0.037,314928,0
G2B,semi-adaptive,Nayuki,3,28,2.6667,638.677,0.358,62914560,0
G2B,semi-adaptive,Nayuki,3,29,2.8553,367.663,0.190,40896512,0
G2B,semi-adaptive,Nayuki,3,30,2.5820,121.503,0.100,15303864,0
G2B,semi-adaptive,Nayuki,3,31,2.7325,236.394,0.153,-6901240,166328
G2B,semi-adaptive,Nayuki,3,32,2.7046,341.937,0.260,14833152,0
G2B,semi-adaptive,Nayuki,3,33,2.9589,17.053,0.027,-2126728,0
G2B,semi-adaptive,Nayuki,3,34,2.4986,567.328,0.269,-17782848,0
G2B,semi-adaptive,Nayuki,3,35,2.4615,417.062,0.160,-14534600,0
G2B,semi-adaptive,Nayuki,3,36,2.6667,557.000,0.283,-32957568,0
G2B,semi-adaptive,Nayuki,3,37,2.7345,554.909,0.459,53475328,0
G2B,semi-adaptive,Nayuki,3,38,2.5940,577.756,0.301,56623104,0
G2B,semi-adaptive,Nayuki,4,1,3.1475,369.577,0.201,38799360,0
G2B,semi-adaptive,Nayuki,4,2,2.9091,302.756,0.162,14959392,1050624
G2B,semi-adaptive,Nayuki,4,3,2.6818,587.234,0.301,20719104,0
G2B,semi-adaptive,Nayuki,4,4,2.5290,369.260,0.230,40896512,375624
G2B,semi-adaptive,Nayuki,4,5,2.5935,803.964,0.379,20523064,1050624
G2B,semi-adaptive,Nayuki,4,6,2.6829,477.041,0.279,-10522920,1046528
G2B,semi-adaptive,Nayuki,4,7,2.5825,350.604,0.177,-15294656,0
G2B,semi-adaptive,Nayuki,4,8,2.6067,514.256,0.286,53479424,0
G2B,semi-adaptive,Nayuki,4,9,2.5767,480.339,0.235,-18491352,1046528
G2B,semi-adaptive,Nayuki,4,10,2.5015,479.769,0.238,46517360,0
G2B,semi-adaptive,Nayuki,4,11,2.6012,416.439,0.244,46356296,1046528
G2B,semi-adaptive,Nayuki,4,12,2.5781,372.579,0.209,24700512,0
G2B,semi-adaptive,Nayuki,4,13,2.6901,459.821,0.266,49281024,1050624
G2B,semi-adaptive,Nayuki,4,14,2.4065,649.032,0.295,-1246720,0
G2B,semi-adaptive,Nayuki,4,15,2.6221,327.458,0.171,36698112,543904
G2B,semi-adaptive,Nayuki,4,16,3.0442,41.603,0.051,2925672,0
G2B,semi-adaptive,Nayuki,4,17,2.4762,363.712,0.210,11632128,0
G2B,semi-adaptive,Nayuki,4,18,2.8864,490.346,0.308,52428800,1046528
G2B,semi-adaptive,Nayuki,4,19,2.6298,354.750,0.206,-3764408,0
G2B,semi-adaptive,Nayuki,4,20,2.5750,427.039,0.257,25336048,0
G2B,semi-adaptive,Nayuki,4,21,2.5225,431.414,0.229,46137344,0
G2B,semi-adaptive,Nayuki,4,22,2.5723,407.144,0.237,35877760,0
G2B,semi-adaptive,Nayuki,4,23,2.5697,474.572,0.277,35160376,0
G2B,semi-adaptive,Nayuki,4,24,2.6207,199.075,0.141,748184,416240
G2B,semi-adaptive,Nayuki,4,25,2.6761,333.898,0.184,13951472,0
G2B,semi-adaptive,Nayuki,4,26,2.6405,350.582,0.182,39845888,0
G2B,semi-adaptive,Nayuki,4,27,2.7961,35.222,0.049,113560,0
G2B,semi-adaptive,Nayuki,4,28,2.6667,700.360,0.381,32318976,0
G2B,semi-adaptive,Nayuki,4,29,2.8553,379.143,0.201,42993664,0
G2B,semi-adaptive,Nayuki,4,30,2.5820,120.512,0.099,15305768,0
G2B,semi-adaptive,Nayuki,4,31,2.7325,223.628,0.148,11496480,0
G2B,semi-adaptive,Nayuki,4,32,2.7046,327.787,0.194,32374376,0
G2B,semi-adaptive,Nayuki,4,33,2.9589,15.830,0.033,2347360,41624
G2B,semi-adaptive,Nayuki,4,34,2.4986,537.272,0.260,40568888,0
G2B,semi-adaptive,Nayuki,4,35,2.4615,401.706,0.155,-3885024,0
G2B,semi-adaptive,Nayuki,4,36,2.6667,560.179,0.293,52307312,796600
G2B,semi-adaptive,Nayuki,4,37,2.7345,512.089,0.283,52428800,0
G2B,semi-adaptive,Nayuki,4,38,2.5940,547.409,0.299,56623104,0
G2B,semi-adaptive,Nayuki,5,1,3.1475,356.900,0.206,38799360,214904
G2B,semi-adaptive,Nayuki,5,2,2.9091,273.301,0.155,31456256,336032
G2B,semi-adaptive,Nayuki,5,3,2.6818,558.879,0.291,-30751648,0
G2B,semi-adaptive,Nayuki,5,4,2.5290,396.016,0.211,-23641008,0
G2B,semi-adaptive,Nayuki,5,5,2.5935,660.701,0.336,67108864,0
G2B,semi-adaptive,Nayuki,5,6,2.6829,411.474,0.249,45086720,1046528
G2B,semi-adaptive,Nayuki,5,7,2.5825,321.842,0.185,-18444384,0
G2B,semi-adaptive,Nayuki,5,8,2.6067,551.505,0.265,27391896,0
G2B,semi-adaptive,Nayuki,5,9,2.5767,456.795,0.228,44821472,1046528
G2B,semi-adaptive,Nayuki,5,10,2.5015,481.455,0.243,48700448,0
G2B,semi-adaptive,Nayuki,5,11,2.6012,471.811,0.236,23926784,0
G2B,semi-adaptive,Nayuki,5,12,2.5781,360.750,0.207,39639664,0
G2B,semi-adaptive,Nayuki,5,13,2.6901,452.159,0.260,49281024,711344
G2B,semi-adaptive,Nayuki,5,14,2.4065,555.553,0.304,56623104,0
G2B,semi-adaptive,Nayuki,5,15,2.6221,326.369,0.176,36698112,585768
G2B,semi-adaptive,Nayuki,5,16,3.0442,43.176,0.051,887768,0
G2B,semi-adaptive,Nayuki,5,17,2.4762,360.756,0.203,-8191944,0
G2B,semi-adaptive,Nayuki,5,18,2.8864,493.635,0.304,52428800,0
G2B,semi-adaptive,Nayuki,5,19,2.6298,348.627,0.198,-11104768,0
G2B,semi-adaptive,Nayuki,5,20,2.5750,427.395,0.256,44335552,0
G2B,semi-adaptive,Nayuki,5,21,2.5225,458.179,0.238,47005024,0
G2B,semi-adaptive,Nayuki,5,22,2.5723,407.596,0.227,-18990608,0
G2B,semi-adaptive,Nayuki,5,23,2.5697,471.998,0.276,23405056,0
G2B,semi-adaptive,Nayuki,5,24,2.6207,203.405,0.140,383280,584688
G2B,semi-adaptive,Nayuki,5,25,2.6761,335.140,0.191,13943424,0
G2B,semi-adaptive,Nayuki,5,26,2.6405,371.278,0.187,38737248,0
G2B,semi-adaptive,Nayuki,5,27,2.7961,34.472,0.040,502632,0
G2B,semi-adaptive,Nayuki,5,28,2.6667,684.205,0.351,-2537400,0
G2B,semi-adaptive,Nayuki,5,29,2.8553,356.613,0.191,40896512,0
G2B,semi-adaptive,Nayuki,5,30,2.5820,122.511,0.098,15346968,0
G2B,semi-adaptive,Nayuki,5,31,2.7325,218.592,0.151,3045192,0
G2B,semi-adaptive,Nayuki,5,32,2.7046,327.177,0.190,827904,167112
G2B,semi-adaptive,Nayuki,5,33,2.9589,16.835,0.027,-1238432,0
G2B,semi-adaptive,Nayuki,5,34,2.4986,533.297,0.265,52253696,0
G2B,semi-adaptive,Nayuki,5,35,2.4615,394.360,0.165,-1859040,709816
G2B,semi-adaptive,Nayuki,5,36,2.6667,530.383,0.294,51950664,838656
G2B,semi-adaptive,Nayuki,5,37,2.7345,505.830,0.281,52428800,0
G2B,semi-adaptive,Nayuki,5,38,2.5940,550.912,0.299,56623104,0
G2B,adaptive,BigDecimal,1,1,3.4262,530.464,44.027,8189240,-8365104
G2B,adaptive,BigDecimal,1,2,3.2545,387.368,29.382,35487944,-19844056
G2B,adaptive,BigDecimal,1,3,2.9830,750.924,47.018,1894024,-82777824
G2B,adaptive,BigDecimal,1,4,2.8710,498.638,37.893,11576344,21492264
G2B,adaptive,BigDecimal,1,5,2.8853,967.467,54.573,75836432,-209160072
G2B,adaptive,BigDecimal,1,6,2.9909,579.694,43.080,85673072,14764800
G2B,adaptive,BigDecimal,1,7,2.9404,423.593,34.418,80634176,66062336
G2B,adaptive,BigDecimal,1,8,2.9101,693.080,49.484,35484936,-23023736
G2B,adaptive,BigDecimal,1,9,2.8957,570.177,38.357,32371608,-15670680
G2B,adaptive,BigDecimal,1,10,2.8378,609.906,42.316,11403256,-14655032
G2B,adaptive,BigDecimal,1,11,2.9325,582.088,38.938,8194496,75497472
G2B,adaptive,BigDecimal,1,12,2.9236,482.240,39.412,18925992,19223288
G2B,adaptive,BigDecimal,1,13,2.9912,635.509,44.363,2359096,-10429848
G2B,adaptive,BigDecimal,1,14,2.7127,778.218,46.836,17637744,3211136
G2B,adaptive,BigDecimal,1,15,2.9599,447.359,30.113,36596688,-21949144
G2B,adaptive,BigDecimal,1,16,3.4425,73.664,15.074,6692680,-16697912
G2B,adaptive,BigDecimal,1,17,2.7959,477.176,40.033,95142832,-10418688
G2B,adaptive,BigDecimal,1,18,3.1705,763.443,49.425,79548080,11594832
G2B,adaptive,BigDecimal,1,19,2.9481,465.208,43.539,41738504,-8333296
G2B,adaptive,BigDecimal,1,20,2.8625,571.317,46.148,21328992,55574624
G2B,adaptive,BigDecimal,1,21,2.8348,631.513,57.647,13421880,-60733848
G2B,adaptive,BigDecimal,1,22,2.8650,544.348,46.609,15402432,80738304
G2B,adaptive,BigDecimal,1,23,2.8485,632.574,52.182,148710392,39607808
G2B,adaptive,BigDecimal,1,24,2.9828,293.612,28.118,21557840,-21941832
G2B,adaptive,BigDecimal,1,25,2.9930,423.777,38.232,84319232,-9361704
G2B,adaptive,BigDecimal,1,26,2.9902,493.945,38.215,47826776,15155384
G2B,adaptive,BigDecimal,1,27,3.2136,48.247,8.991,10169544,15730688
G2B,adaptive,BigDecimal,1,28,2.9380,983.725,54.775,19782696,20012176
G2B,adaptive,BigDecimal,1,29,3.1801,505.169,36.920,32399520,42557000
G2B,adaptive,BigDecimal,1,30,2.9524,181.184,23.318,17264664,40314088
G2B,adaptive,BigDecimal,1,31,3.0700,300.542,31.960,7241760,-39852864
G2B,adaptive,BigDecimal,1,32,3.0214,452.814,38.185,84812200,-13590168
G2B,adaptive,BigDecimal,1,33,3.4384,42.169,6.276,3309768,10485760
G2B,adaptive,BigDecimal,1,34,2.8052,703.842,48.651,106303200,12656064
G2B,adaptive,BigDecimal,1,35,2.8013,495.450,28.991,30201776,59770880
G2B,adaptive,BigDecimal,1,36,2.9715,757.090,49.952,51232712,40505904
G2B,adaptive,BigDecimal,1,37,3.0311,751.700,49.612,113696320,-12153048
G2B,adaptive,BigDecimal,1,38,2.8937,845.142,50.297,44921488,58795968
G2B,adaptive,BigDecimal,2,1,3.4262,550.005,43.537,24856280,-8348264
G2B,adaptive,BigDecimal,2,2,3.2545,392.336,31.550,12355168,22025760
G2B,adaptive,BigDecimal,2,3,2.9830,772.919,53.569,17643568,-997680
G2B,adaptive,BigDecimal,2,4,2.8710,501.885,38.766,95395032,-18796608
G2B,adaptive,BigDecimal,2,5,2.8853,981.792,54.298,160861936,-166250872
G2B,adaptive,BigDecimal,2,6,2.9909,576.227,40.730,13401456,-14656848
G2B,adaptive,BigDecimal,2,7,2.9404,416.417,32.433,23954776,66062336
G2B,adaptive,BigDecimal,2,8,2.9101,718.167,39.288,27113184,-10411584
G2B,adaptive,BigDecimal,2,9,2.8957,578.805,36.423,65919848,-24091592
G2B,adaptive,BigDecimal,2,10,2.8378,628.312,49.510,22928648,-7776280
G2B,adaptive,BigDecimal,2,11,2.9325,595.991,43.280,77986120,-4196072
G2B,adaptive,BigDecimal,2,12,2.9236,471.462,39.571,106879992,-48666208
G2B,adaptive,BigDecimal,2,13,2.9912,632.154,42.517,14992168,-10413280
G2B,adaptive,BigDecimal,2,14,2.7127,796.200,46.946,30224440,-1011504
G2B,adaptive,BigDecimal,2,15,2.9599,448.194,29.037,34433968,59770880
G2B,adaptive,BigDecimal,2,16,3.4425,65.010,11.985,22417024,25165824
G2B,adaptive,BigDecimal,2,17,2.7959,456.771,41.692,75735720,-4127480
G2B,adaptive,BigDecimal,2,18,3.1705,777.627,50.018,60629432,13664216
G2B,adaptive,BigDecimal,2,19,2.9481,457.499,43.796,21731360,27002952
G2B,adaptive,BigDecimal,2,20,2.8625,569.086,48.782,14904728,-1030272
G2B,adaptive,BigDecimal,2,21,2.8348,602.592,44.932,28127680,52765928
G2B,adaptive,BigDecimal,2,22,2.8650,527.355,52.112,2817048,53675480
G2B,adaptive,BigDecimal,2,23,2.8485,620.332,56.526,54295232,-50297104
G2B,adaptive,BigDecimal,2,24,2.9828,284.110,31.073,29851456,-19861792
G2B,adaptive,BigDecimal,2,25,2.9930,422.872,37.999,14444992,19770336
G2B,adaptive,BigDecimal,2,26,2.9902,493.113,33.495,41787168,-18798752
G2B,adaptive,BigDecimal,2,27,3.2136,49.232,9.861,19335288,-20094648
G2B,adaptive,BigDecimal,2,28,2.9380,975.933,53.699,270368,-70199496
G2B,adaptive,BigDecimal,2,29,3.1801,506.768,39.818,117368728,-123740504
G2B,adaptive,BigDecimal,2,30,2.9524,177.375,25.385,33674152,16218160
G2B,adaptive,BigDecimal,2,31,3.0700,303.358,32.618,7234936,-39843200
G2B,adaptive,BigDecimal,2,32,3.0214,466.950,36.408,86914768,-17776696
G2B,adaptive,BigDecimal,2,33,3.4384,24.967,7.575,2061296,-5684016
G2B,adaptive,BigDecimal,2,34,2.8052,684.255,49.383,101341376,8441832
G2B,adaptive,BigDecimal,2,35,2.8013,494.015,33.450,60194976,-5171128
G2B,adaptive,BigDecimal,2,36,2.9715,708.405,48.371,17640856,-31379016
G2B,adaptive,BigDecimal,2,37,3.0311,743.885,47.605,27074880,-36643072
G2B,adaptive,BigDecimal,2,38,2.8937,844.071,50.371,38609272,-25101000
G2B,adaptive,BigDecimal,3,1,3.4262,521.759,38.458,12291136,-8363568
G2B,adaptive,BigDecimal,3,2,3.2545,383.635,30.831,22903400,28352168
G2B,adaptive,BigDecimal,3,3,2.9830,771.127,50.741,14536040,-38755984
G2B,adaptive,BigDecimal,3,4,2.8710,514.912,39.068,17847224,21501232
G2B,adaptive,BigDecimal,3,5,2.8853,928.594,48.105,137025096,-37684824
G2B,adaptive,BigDecimal,3,6,2.9909,581.477,44.992,2904376,-23004392
G2B,adaptive,BigDecimal,3,7,2.9404,410.951,33.263,19855936,-15692872
G2B,adaptive,BigDecimal,3,8,2.9101,702.692,44.266,103194408,4234688
G2B,adaptive,BigDecimal,3,9,2.8957,561.571,42.340,50448816,22232992
G2B,adaptive,BigDecimal,3,10,2.8378,606.804,41.230,18091648,-51344624
G2B,adaptive,BigDecimal,3,11,2.9325,566.513,40.643,16522080,-46070416
G2B,adaptive,BigDecimal,3,12,2.9236,485.813,36.370,41777960,-14654872
G2B,adaptive,BigDecimal,3,13,2.9912,648.495,43.316,92664936,18957168
G2B,adaptive,BigDecimal,3,14,2.7127,798.269,53.357,120465064,45804936
G2B,adaptive,BigDecimal,3,15,2.9599,453.852,31.681,21852664,30400376
G2B,adaptive,BigDecimal,3,16,3.4425,68.565,12.389,24728848,25165824
G2B,adaptive,BigDecimal,3,17,2.7959,456.074,41.207,73640896,-4158624
G2B,adaptive,BigDecimal,3,18,3.1705,764.981,56.330,73259000,52147768
G2B,adaptive,BigDecimal,3,19,2.9481,475.018,43.205,19784456,27022648
G2B,adaptive,BigDecimal,3,20,2.8625,565.182,48.237,21832080,60395456
G2B,adaptive,BigDecimal,3,21,2.8348,601.665,44.261,2950776,79691776
G2B,adaptive,BigDecimal,3,22,2.8650,541.018,44.994,15403544,80738304
G2B,adaptive,BigDecimal,3,23,2.8485,613.919,49.013,88032064,-88399600
G2B,adaptive,BigDecimal,3,24,2.9828,272.210,28.579,7111840,-15664704
G2B,adaptive,BigDecimal,3,25,2.9930,423.921,39.272,99741896,-9366440
G2B,adaptive,BigDecimal,3,26,2.9902,492.029,36.951,21986904,14866048
G2B,adaptive,BigDecimal,3,27,3.2136,61.037,8.276,15130984,15730688
G2B,adaptive,BigDecimal,3,28,2.9380,1010.137,53.886,72218272,-70209104
G2B,adaptive,BigDecimal,3,29,3.1801,508.182,35.259,315088,-23023128
G2B,adaptive,BigDecimal,3,30,2.9524,177.176,22.933,32256896,-5212120
G2B,adaptive,BigDecimal,3,31,3.0700,299.707,29.081,59494528,-6227568
G2B,adaptive,BigDecimal,3,32,3.0214,425.394,40.778,99970456,-7249848
G2B,adaptive,BigDecimal,3,33,3.4384,27.430,7.466,563088,-1645320
G2B,adaptive,BigDecimal,3,34,2.8052,705.688,43.299,18730904,-4173600
G2B,adaptive,BigDecimal,3,35,2.8013,481.031,33.041,64067448,-3581016
G2B,adaptive,BigDecimal,3,36,2.9715,690.712,43.711,9291528,72408
G2B,adaptive,BigDecimal,3,37,3.0311,732.953,55.817,107463584,41255304
G2B,adaptive,BigDecimal,3,38,2.8937,806.745,47.685,10799024,8447992
G2B,adaptive,BigDecimal,4,1,3.4262,529.956,38.955,12293840,-8362832
G2B,adaptive,BigDecimal,4,2,3.2545,380.021,29.241,25031936,57673728
G2B,adaptive,BigDecimal,4,3,2.9830,759.012,50.643,40752104,-28246520
G2B,adaptive,BigDecimal,4,4,2.8710,506.826,38.500,24085176,17122920
G2B,adaptive,BigDecimal,4,5,2.8853,959.077,54.710,11302120,-31378048
G2B,adaptive,BigDecimal,4,6,2.9909,619.351,49.896,124728136,-48178336
G2B,adaptive,BigDecimal,4,7,2.9404,417.310,32.782,36637800,66062336
G2B,adaptive,BigDecimal,4,8,2.9101,683.792,49.518,113542320,-48149544
G2B,adaptive,BigDecimal,4,9,2.8957,567.326,43.221,77059632,-6880512
G2B,adaptive,BigDecimal,4,10,2.8378,604.379,39.616,2865472,72316312
G2B,adaptive,BigDecimal,4,11,2.9325,572.671,42.487,23154680,47954544
G2B,adaptive,BigDecimal,4,12,2.9236,473.924,38.656,71066048,27933536
G2B,adaptive,BigDecimal,4,13,2.9912,629.454,46.007,102478328,29737664
G2B,adaptive,BigDecimal,4,14,2.7127,790.784,53.117,13446032,-30335328
G2B,adaptive,BigDecimal,4,15,2.9599,475.720,31.363,15512568,30421016
G2B,adaptive,BigDecimal,4,16,3.4425,64.109,12.217,18205960,25165824
G2B,adaptive,BigDecimal,4,17,2.7959,466.304,42.175,18638704,25864872
G2B,adaptive,BigDecimal,4,18,3.1705,764.965,50.297,52241176,-82804368
G2B,adaptive,BigDecimal,4,19,2.9481,462.318,40.588,4940232,52288960
G2B,adaptive,BigDecimal,4,20,2.8625,566.607,50.826,118758856,-26411664
G2B,adaptive,BigDecimal,4,21,2.8348,593.607,46.980,17687328,52762504
G2B,adaptive,BigDecimal,4,22,2.8650,526.433,42.049,106733256,-21947840
G2B,adaptive,BigDecimal,4,23,2.8485,608.779,51.840,26050736,2191696
G2B,adaptive,BigDecimal,4,24,2.9828,271.264,29.958,4444256,-17800352
G2B,adaptive,BigDecimal,4,25,2.9930,416.298,36.164,94187328,-11470296
G2B,adaptive,BigDecimal,4,26,2.9902,493.239,37.237,43631096,-12492360
G2B,adaptive,BigDecimal,4,27,3.2136,50.687,8.881,10904112,15730688
G2B,adaptive,BigDecimal,4,28,2.9380,998.887,54.995,312056,-70172224
G2B,adaptive,BigDecimal,4,29,3.1801,507.571,38.192,34566560,32171904
G2B,adaptive,BigDecimal,4,30,2.9524,184.393,25.387,11120328,26572912
G2B,adaptive,BigDecimal,4,31,3.0700,327.008,33.535,60905160,4947736
G2B,adaptive,BigDecimal,4,32,3.0214,423.642,40.966,99989256,-9354304
G2B,adaptive,BigDecimal,4,33,3.4384,25.661,7.764,6640464,4690824
G2B,adaptive,BigDecimal,4,34,2.8052,709.067,48.570,120212792,67112696
G2B,adaptive,BigDecimal,4,35,2.8013,482.317,30.347,980040,58720256
G2B,adaptive,BigDecimal,4,36,2.9715,722.874,50.168,122285576,63514040
G2B,adaptive,BigDecimal,4,37,3.0311,761.918,47.372,3147848,-28284504
G2B,adaptive,BigDecimal,4,38,2.8937,827.703,46.673,42810896,6326360
G2B,adaptive,BigDecimal,5,1,3.4262,536.034,44.178,1899424,-8316368
G2B,adaptive,BigDecimal,5,2,3.2545,384.288,37.626,8178104,17817512
G2B,adaptive,BigDecimal,5,3,2.9830,772.451,56.117,15544360,-966384
G2B,adaptive,BigDecimal,5,4,2.8710,500.018,39.609,42345928,-10407296
G2B,adaptive,BigDecimal,5,5,2.8853,948.253,49.569,129758744,-37691472
G2B,adaptive,BigDecimal,5,6,2.9909,591.635,43.506,30172128,-8337576
G2B,adaptive,BigDecimal,5,7,2.9404,416.897,34.133,78613392,66062336
G2B,adaptive,BigDecimal,5,8,2.9101,687.895,45.450,117960896,34023880
G2B,adaptive,BigDecimal,5,9,2.8957,563.775,39.817,28397408,45265376
G2B,adaptive,BigDecimal,5,10,2.8378,627.687,40.312,21837952,49032448
G2B,adaptive,BigDecimal,5,11,2.9325,573.984,38.761,1905672,71419496
G2B,adaptive,BigDecimal,5,12,2.9236,484.654,39.740,41780080,-14637256
G2B,adaptive,BigDecimal,5,13,2.9912,632.859,45.269,97904576,2154832
G2B,adaptive,BigDecimal,5,14,2.7127,790.086,55.265,108833184,13707104
G2B,adaptive,BigDecimal,5,15,2.9599,451.894,34.568,62385176,4512776
G2B,adaptive,BigDecimal,5,16,3.4425,63.365,15.485,6752192,-19045632
G2B,adaptive,BigDecimal,5,17,2.7959,468.839,38.539,56398920,73400320
G2B,adaptive,BigDecimal,5,18,3.1705,766.152,55.791,43811336,17908440
G2B,adaptive,BigDecimal,5,19,2.9481,475.847,42.481,21732056,26995392
G2B,adaptive,BigDecimal,5,20,2.8625,577.473,48.483,14948496,-1011408
G2B,adaptive,BigDecimal,5,21,2.8348,618.959,48.212,88794216,-96268216
G2B,adaptive,BigDecimal,5,22,2.8650,543.958,45.788,11254768,80738304
G2B,adaptive,BigDecimal,5,23,2.8485,615.712,46.273,6099136,28624
G2B,adaptive,BigDecimal,5,24,2.9828,273.305,29.102,23656280,55576576
G2B,adaptive,BigDecimal,5,25,2.9930,434.753,34.483,86360168,-11474960
G2B,adaptive,BigDecimal,5,26,2.9902,485.652,35.075,97964976,-14630288
G2B,adaptive,BigDecimal,5,27,3.2136,65.222,10.022,19499536,-13515072
G2B,adaptive,BigDecimal,5,28,2.9380,984.625,52.434,25996040,17897768
G2B,adaptive,BigDecimal,5,29,3.1801,524.293,36.123,8701176,69206016
G2B,adaptive,BigDecimal,5,30,2.9524,176.604,23.337,34245456,-5251744
G2B,adaptive,BigDecimal,5,31,3.0700,294.542,27.797,26041272,56623104
G2B,adaptive,BigDecimal,5,32,3.0214,430.119,41.080,106275168,-7305584
G2B,adaptive,BigDecimal,5,33,3.4384,29.933,7.542,652128,307992
G2B,adaptive,BigDecimal,5,34,2.8052,708.190,50.032,118114448,39702920
G2B,adaptive,BigDecimal,5,35,2.8013,484.042,30.346,90070328,17448896
G2B,adaptive,BigDecimal,5,36,2.9715,712.204,51.282,109355568,42589136
G2B,adaptive,BigDecimal,5,37,3.0311,749.494,48.447,20785464,-36643080
G2B,adaptive,BigDecimal,5,38,2.8937,826.517,47.138,36516216,8454976
G2B,adaptive,Nayuki,1,1,3.4361,395.788,0.212,40411416,218880
G2B,adaptive,Nayuki,1,2,3.2582,318.947,0.145,33368256,0
G2B,adaptive,Nayuki,1,3,2.9773,575.653,0.291,53114608,0
G2B,adaptive,Nayuki,1,4,2.8645,405.136,0.204,41775144,0
G2B,adaptive,Nayuki,1,5,2.8928,862.055,0.514,68784120,458200
G2B,adaptive,Nayuki,1,6,3.0000,460.799,0.237,47558568,0
G2B,adaptive,Nayuki,1,7,2.9474,329.237,0.182,35184432,0
G2B,adaptive,Nayuki,1,8,2.9213,565.900,0.264,54462464,0
G2B,adaptive,Nayuki,1,9,2.8957,461.727,0.216,45463624,0
G2B,adaptive,Nayuki,1,10,2.8319,504.739,0.245,49217080,623008
G2B,adaptive,Nayuki,1,11,2.9448,449.638,0.231,45434824,0
G2B,adaptive,Nayuki,1,12,2.9236,387.313,0.205,39821040,0
G2B,adaptive,Nayuki,1,13,2.9942,501.247,0.246,49876840,0
G2B,adaptive,Nayuki,1,14,2.7100,628.236,0.305,59849256,0
G2B,adaptive,Nayuki,1,15,2.9699,405.051,0.161,40374968,165720
G2B,adaptive,Nayuki,1,16,3.3982,44.211,0.058,7011712,75288
G2B,adaptive,Nayuki,1,17,2.8027,375.083,0.209,39525088,0
G2B,adaptive,Nayuki,1,18,3.1818,560.175,0.307,53421000,0
G2B,adaptive,Nayuki,1,19,2.9343,350.936,0.218,37498632,668376
G2B,adaptive,Nayuki,1,20,2.8750,462.393,0.258,44724968,0
G2B,adaptive,Nayuki,1,21,2.8348,488.764,0.234,48012984,0
G2B,adaptive,Nayuki,1,22,2.8810,405.557,0.244,41775744,666512
G2B,adaptive,Nayuki,1,23,2.8364,490.366,0.269,47723000,0
G2B,adaptive,Nayuki,1,24,3.0000,214.577,0.136,24233832,0
G2B,adaptive,Nayuki,1,25,2.9859,359.785,0.215,35127304,0
G2B,adaptive,Nayuki,1,26,3.0065,401.964,0.182,41526208,83160
G2B,adaptive,Nayuki,1,27,3.2621,35.949,0.036,4586888,0
G2B,adaptive,Nayuki,1,28,2.9354,731.188,0.358,63890304,0
G2B,adaptive,Nayuki,1,29,3.1897,429.671,0.195,45445920,83064
G2B,adaptive,Nayuki,1,30,2.9630,129.297,0.102,15811464,0
G2B,adaptive,Nayuki,1,31,3.0617,252.158,0.154,26066176,0
G2B,adaptive,Nayuki,1,32,3.0178,357.777,0.193,33822928,124600
G2B,adaptive,Nayuki,1,33,3.5068,18.855,0.032,3416096,33352
G2B,adaptive,Nayuki,1,34,2.7966,564.027,0.313,53895768,0
G2B,adaptive,Nayuki,1,35,2.8205,422.065,0.163,42461816,0
G2B,adaptive,Nayuki,1,36,2.9630,561.361,0.301,52913120,430000
G2B,adaptive,Nayuki,1,37,3.0282,573.893,0.299,55195832,0
G2B,adaptive,Nayuki,1,38,2.8992,654.401,0.313,59822536,0
G2B,adaptive,Nayuki,2,1,3.4361,405.543,0.204,39944944,0
G2B,adaptive,Nayuki,2,2,3.2582,304.840,0.143,33277992,0
G2B,adaptive,Nayuki,2,3,2.9773,601.213,0.291,53157400,0
G2B,adaptive,Nayuki,2,4,2.8645,403.150,0.199,43027160,0
G2B,adaptive,Nayuki,2,5,2.8928,724.880,0.353,68760832,457664
G2B,adaptive,Nayuki,2,6,3.0000,438.487,0.231,47445936,0
G2B,adaptive,Nayuki,2,7,2.9474,327.041,0.183,35275696,0
G2B,adaptive,Nayuki,2,8,2.9213,567.924,0.291,54616712,0
G2B,adaptive,Nayuki,2,9,2.8957,460.491,0.259,47135928,0
G2B,adaptive,Nayuki,2,10,2.8319,495.757,0.233,49651136,0
G2B,adaptive,Nayuki,2,11,2.9448,448.300,0.231,45973504,0
G2B,adaptive,Nayuki,2,12,2.9236,382.384,0.202,39937200,0
G2B,adaptive,Nayuki,2,13,2.9942,518.980,0.246,51162232,0
G2B,adaptive,Nayuki,2,14,2.7100,624.540,0.342,59119872,0
G2B,adaptive,Nayuki,2,15,2.9699,356.659,0.163,40540096,167240
G2B,adaptive,Nayuki,2,16,3.3982,42.791,0.057,5568128,75576
G2B,adaptive,Nayuki,2,17,2.8027,374.415,0.220,38485456,617304
G2B,adaptive,Nayuki,2,18,3.1818,600.718,0.305,53348584,0
G2B,adaptive,Nayuki,2,19,2.9343,387.306,7.552,37281472,90968
G2B,adaptive,Nayuki,2,20,2.8750,488.335,0.272,46865768,376048
G2B,adaptive,Nayuki,2,21,2.8348,481.996,0.240,48289872,0
G2B,adaptive,Nayuki,2,22,2.8810,417.132,0.232,41323832,0
G2B,adaptive,Nayuki,2,23,2.8364,483.425,0.270,47299232,0
G2B,adaptive,Nayuki,2,24,3.0000,236.393,0.134,23726176,0
G2B,adaptive,Nayuki,2,25,2.9859,377.999,0.188,35270184,82976
G2B,adaptive,Nayuki,2,26,3.0065,407.855,0.206,41716736,0
G2B,adaptive,Nayuki,2,27,3.2621,35.922,0.036,4613520,0
G2B,adaptive,Nayuki,2,28,2.9354,723.218,0.360,66464080,0
G2B,adaptive,Nayuki,2,29,3.1897,397.002,0.206,41302664,658632
G2B,adaptive,Nayuki,2,30,2.9630,150.577,0.104,16530752,83008
G2B,adaptive,Nayuki,2,31,3.0617,231.437,0.150,24952096,80120
G2B,adaptive,Nayuki,2,32,3.0178,339.885,0.192,35231440,154120
G2B,adaptive,Nayuki,2,33,3.5068,18.880,0.027,3422480,0
G2B,adaptive,Nayuki,2,34,2.7966,547.792,0.276,53724568,0
G2B,adaptive,Nayuki,2,35,2.8205,408.152,0.162,43656176,0
G2B,adaptive,Nayuki,2,36,2.9630,560.385,0.296,53460824,431296
G2B,adaptive,Nayuki,2,37,3.0282,579.350,0.294,53860464,416872
G2B,adaptive,Nayuki,2,38,2.8992,635.683,0.305,58385288,0
G2B,adaptive,Nayuki,3,1,3.4361,420.810,0.214,40614088,125184
G2B,adaptive,Nayuki,3,2,3.2582,316.450,0.144,32953608,0
G2B,adaptive,Nayuki,3,3,2.9773,631.865,0.289,52905192,0
G2B,adaptive,Nayuki,3,4,2.8645,408.796,0.206,42809168,0
G2B,adaptive,Nayuki,3,5,2.8928,776.469,0.369,69938448,0
G2B,adaptive,Nayuki,3,6,3.0000,497.226,0.244,49337352,0
G2B,adaptive,Nayuki,3,7,2.9474,322.737,0.187,35281440,0
G2B,adaptive,Nayuki,3,8,2.9213,588.653,0.267,54889216,0
G2B,adaptive,Nayuki,3,9,2.8957,492.807,0.237,48402344,583120
G2B,adaptive,Nayuki,3,10,2.8319,509.200,0.241,49207208,624496
G2B,adaptive,Nayuki,3,11,2.9448,450.475,0.229,45435568,0
G2B,adaptive,Nayuki,3,12,2.9236,391.554,0.204,39646384,0
G2B,adaptive,Nayuki,3,13,2.9942,527.591,0.245,50372128,0
G2B,adaptive,Nayuki,3,14,2.7100,618.466,0.306,59494960,0
G2B,adaptive,Nayuki,3,15,2.9699,375.120,0.159,39861528,0
G2B,adaptive,Nayuki,3,16,3.3982,42.921,0.053,5592504,81840
G2B,adaptive,Nayuki,3,17,2.8027,413.102,0.199,37706728,82816
G2B,adaptive,Nayuki,3,18,3.1818,634.008,0.314,54874992,0
G2B,adaptive,Nayuki,3,19,2.9343,378.224,0.216,36242000,0
G2B,adaptive,Nayuki,3,20,2.8750,442.219,0.262,43959888,0
G2B,adaptive,Nayuki,3,21,2.8348,488.145,0.238,47779000,0
G2B,adaptive,Nayuki,3,22,2.8810,420.564,0.239,43991560,0
G2B,adaptive,Nayuki,3,23,2.8364,461.071,0.271,48376208,0
G2B,adaptive,Nayuki,3,24,3.0000,218.005,0.138,24233952,0
G2B,adaptive,Nayuki,3,25,2.9859,345.604,0.187,34616720,83456
G2B,adaptive,Nayuki,3,26,3.0065,408.205,0.196,42649408,166600
G2B,adaptive,Nayuki,3,27,3.2621,35.776,0.036,4583600,0
G2B,adaptive,Nayuki,3,28,2.9354,718.257,0.359,64526776,0
G2B,adaptive,Nayuki,3,29,3.1897,394.136,0.202,42697256,657752
G2B,adaptive,Nayuki,3,30,2.9630,149.728,0.103,16531000,83136
G2B,adaptive,Nayuki,3,31,3.0617,235.141,0.145,25773104,83480
G2B,adaptive,Nayuki,3,32,3.0178,334.331,0.187,34476696,166848
G2B,adaptive,Nayuki,3,33,3.5068,18.521,0.026,2412512,0
G2B,adaptive,Nayuki,3,34,2.7966,539.773,0.279,53762032,0
G2B,adaptive,Nayuki,3,35,2.8205,417.700,0.164,42498632,0
G2B,adaptive,Nayuki,3,36,2.9630,556.248,7.662,52897848,295760
G2B,adaptive,Nayuki,3,37,3.0282,578.477,0.293,56095776,250144
G2B,adaptive,Nayuki,3,38,2.8992,644.299,0.320,61138200,580248
G2B,adaptive,Nayuki,4,1,3.4361,405.341,0.228,40580912,109656
G2B,adaptive,Nayuki,4,2,3.2582,309.029,0.144,33184816,0
G2B,adaptive,Nayuki,4,3,2.9773,575.432,0.294,53640256,0
G2B,adaptive,Nayuki,4,4,2.8645,400.554,0.226,42705064,0
G2B,adaptive,Nayuki,4,5,2.8928,729.363,0.343,69103472,0
G2B,adaptive,Nayuki,4,6,3.0000,471.610,0.238,45909256,0
G2B,adaptive,Nayuki,4,7,2.9474,331.338,0.188,36331016,0
G2B,adaptive,Nayuki,4,8,2.9213,586.836,0.265,54931360,457240
G2B,adaptive,Nayuki,4,9,2.8957,460.235,0.234,48602416,583168
G2B,adaptive,Nayuki,4,10,2.8319,490.601,0.241,49220336,624632
G2B,adaptive,Nayuki,4,11,2.9448,443.573,0.232,46304448,0
G2B,adaptive,Nayuki,4,12,2.9236,379.232,0.210,40070352,0
G2B,adaptive,Nayuki,4,13,2.9942,500.813,0.257,50567112,0
G2B,adaptive,Nayuki,4,14,2.7100,652.989,0.306,59004976,0
G2B,adaptive,Nayuki,4,15,2.9699,375.346,0.164,39854600,0
G2B,adaptive,Nayuki,4,16,3.3982,43.100,0.056,6009440,81888
G2B,adaptive,Nayuki,4,17,2.8027,398.082,0.205,36659184,82808
G2B,adaptive,Nayuki,4,18,3.1818,575.358,0.311,56470856,0
G2B,adaptive,Nayuki,4,19,2.9343,378.212,0.239,36068248,659136
G2B,adaptive,Nayuki,4,20,2.8750,477.685,0.257,45368752,166176
G2B,adaptive,Nayuki,4,21,2.8348,493.925,0.241,49143096,0
G2B,adaptive,Nayuki,4,22,2.8810,397.415,0.246,42606752,0
G2B,adaptive,Nayuki,4,23,2.8364,465.916,0.270,47330672,0
G2B,adaptive,Nayuki,4,24,3.0000,213.873,0.159,24794384,0
G2B,adaptive,Nayuki,4,25,2.9859,367.534,0.193,34701336,166416
G2B,adaptive,Nayuki,4,26,3.0065,379.245,0.186,43188552,166464
G2B,adaptive,Nayuki,4,27,3.2621,34.033,0.036,4613144,0
G2B,adaptive,Nayuki,4,28,2.9354,763.482,0.356,65252144,165200
G2B,adaptive,Nayuki,4,29,3.1897,394.559,0.192,43980904,0
G2B,adaptive,Nayuki,4,30,2.9630,138.178,0.102,16528696,82808
G2B,adaptive,Nayuki,4,31,3.0617,231.584,0.146,24987384,80048
G2B,adaptive,Nayuki,4,32,3.0178,340.331,0.188,34966072,154144
G2B,adaptive,Nayuki,4,33,3.5068,18.594,0.027,2373456,0
G2B,adaptive,Nayuki,4,34,2.7966,561.140,0.279,54144656,0
G2B,adaptive,Nayuki,4,35,2.8205,409.287,0.158,42289152,0
G2B,adaptive,Nayuki,4,36,2.9630,562.695,0.296,53908208,431360
G2B,adaptive,Nayuki,4,37,3.0282,590.921,0.296,57464992,0
G2B,adaptive,Nayuki,4,38,2.8992,640.038,0.310,58464384,0
G2B,adaptive,Nayuki,5,1,3.4361,412.735,0.220,40206808,168392
G2B,adaptive,Nayuki,5,2,3.2582,313.256,0.156,34498264,166328
G2B,adaptive,Nayuki,5,3,2.9773,577.344,0.288,54754680,0
G2B,adaptive,Nayuki,5,4,2.8645,401.046,0.212,42679704,0
G2B,adaptive,Nayuki,5,5,2.8928,738.110,0.345,69144840,0
G2B,adaptive,Nayuki,5,6,3.0000,471.326,0.236,47318208,0
G2B,adaptive,Nayuki,5,7,2.9474,375.620,0.183,36187352,166760
G2B,adaptive,Nayuki,5,8,2.9213,565.554,0.270,57414720,0
G2B,adaptive,Nayuki,5,9,2.8957,460.234,0.235,45834952,622920
G2B,adaptive,Nayuki,5,10,2.8319,501.027,0.234,49341216,0
G2B,adaptive,Nayuki,5,11,2.9448,447.891,0.231,47225232,0
G2B,adaptive,Nayuki,5,12,2.9236,381.809,0.213,40404624,0
G2B,adaptive,Nayuki,5,13,2.9942,505.482,0.241,50169360,0
G2B,adaptive,Nayuki,5,14,2.7100,637.240,0.303,59956784,0
G2B,adaptive,Nayuki,5,15,2.9699,392.885,0.167,40354120,167960
G2B,adaptive,Nayuki,5,16,3.3982,45.802,0.056,6861616,75608
G2B,adaptive,Nayuki,5,17,2.8027,375.243,0.212,39514728,0
G2B,adaptive,Nayuki,5,18,3.1818,563.676,0.307,54415880,0
G2B,adaptive,Nayuki,5,19,2.9343,359.780,7.653,37175048,169232
G2B,adaptive,Nayuki,5,20,2.8750,476.550,0.269,47233008,347136
G2B,adaptive,Nayuki,5,21,2.8348,471.606,0.243,49246792,0
G2B,adaptive,Nayuki,5,22,2.8810,402.049,0.262,41863168,0
G2B,adaptive,Nayuki,5,23,2.8364,480.618,0.386,47254264,0
G2B,adaptive,Nayuki,5,24,3.0000,226.570,0.135,24275056,0
G2B,adaptive,Nayuki,5,25,2.9859,348.758,0.189,35021552,0
G2B,adaptive,Nayuki,5,26,3.0065,398.980,0.209,40006568,701304
G2B,adaptive,Nayuki,5,27,3.2621,35.875,0.036,4610264,0
G2B,adaptive,Nayuki,5,28,2.9354,732.066,0.474,65419688,0
G2B,adaptive,Nayuki,5,29,3.1897,572.102,0.228,41898496,165984
G2B,adaptive,Nayuki,5,30,2.9630,135.599,0.105,16132552,0
G2B,adaptive,Nayuki,5,31,3.0617,262.091,0.148,26061800,0
G2B,adaptive,Nayuki,5,32,3.0178,363.405,0.241,33668056,124920
G2B,adaptive,Nayuki,5,33,3.5068,21.511,0.032,2364104,33424
G2B,adaptive,Nayuki,5,34,2.7966,649.332,0.281,53576760,0
G2B,adaptive,Nayuki,5,35,2.8205,434.254,0.166,42606208,0
G2B,adaptive,Nayuki,5,36,2.9630,599.437,0.337,52939984,430264
G2B,adaptive,Nayuki,5,37,3.0282,645.647,0.297,55953248,0
G2B,adaptive,Nayuki,5,38,2.8992,659.833,0.311,58988960,0
G3B,static,BigDecimal,1,1,3.1934,407.659,5.340,70082144,10485760
G3B,static,BigDecimal,1,2,2.7127,266.422,3.784,59925848,8388608
G3B,static,BigDecimal,1,3,2.4773,500.381,6.646,100641200,12582912
G3B,static,BigDecimal,1,4,2.4548,323.954,4.770,26405216,11532288
G3B,static,BigDecimal,1,5,2.4613,705.745,8.562,84760904,-73397664
G3B,static,BigDecimal,1,6,2.5640,389.074,5.175,32368944,10485760
G3B,static,BigDecimal,1,7,2.4491,279.057,4.120,107995872,9435136
G3B,static,BigDecimal,1,8,2.5365,517.770,6.651,17690048,13633536
G3B,static,BigDecimal,1,9,2.4877,390.675,5.926,25019536,-84937440
G3B,static,BigDecimal,1,10,2.4395,452.223,5.509,107479480,12582912
G3B,static,BigDecimal,1,11,2.5307,397.593,6.588,10301224,-88077960
G3B,static,BigDecimal,1,12,2.4551,329.521,4.642,85809968,10485760
G3B,static,BigDecimal,1,13,2.7105,521.438,5.966,4003248,11532288
G3B,static,BigDecimal,1,14,2.2873,534.232,5.927,68951536,13629440
G3B,static,BigDecimal,1,15,2.4950,298.873,5.894,20743152,10485760
G3B,static,BigDecimal,1,16,2.6195,23.192,0.333,5800408,1046528
G3B,static,BigDecimal,1,17,2.4014,329.204,3.753,6178824,8388608
G3B,static,BigDecimal,1,18,2.6932,516.834,6.355,79588688,13633536
G3B,static,BigDecimal,1,19,2.4291,295.207,3.712,20511312,8388608
G3B,static,BigDecimal,1,20,2.5125,385.177,4.658,78495352,10485760
G3B,static,BigDecimal,1,21,2.3514,427.295,4.669,30220528,10485760
G3B,static,BigDecimal,1,22,2.5627,393.609,4.443,32283960,9439232
G3B,static,BigDecimal,1,23,2.5121,440.596,4.701,38539496,10485760
G3B,static,BigDecimal,1,24,2.3707,146.468,2.442,24945776,6291456
G3B,static,BigDecimal,1,25,2.4613,274.066,3.808,29193888,9435136
G3B,static,BigDecimal,1,26,2.5033,322.415,5.214,16670536,11532288
G3B,static,BigDecimal,1,27,2.4757,13.884,0.256,10488104,417816
G3B,static,BigDecimal,1,28,2.4832,711.065,6.665,17756136,13629440
G3B,static,BigDecimal,1,29,2.7846,374.693,5.580,21839576,-20884696
G3B,static,BigDecimal,1,30,2.4762,79.885,2.119,8654984,5240832
G3B,static,BigDecimal,1,31,2.6831,202.815,3.106,75236704,7342080
G3B,static,BigDecimal,1,32,2.5160,273.326,3.947,29215672,9439232
G3B,static,BigDecimal,1,33,2.5753,7.489,0.162,5937816,248272
G3B,static,BigDecimal,1,34,2.3496,441.736,6.351,45072064,11536384
G3B,static,BigDecimal,1,35,2.3878,332.595,4.491,72232064,10485760
G3B,static,BigDecimal,1,36,2.4701,473.019,5.819,56393552,11536384
G3B,static,BigDecimal,1,37,2.5480,508.330,5.689,26032488,12582912
G3B,static,BigDecimal,1,38,2.4414,545.984,6.906,78191344,13629440
G3B,static,BigDecimal,2,1,3.1934,391.758,5.494,29161632,10485760
G3B,static,BigDecimal,2,2,2.7127,260.202,4.067,13443568,8388608
G3B,static,BigDecimal,2,3,2.4773,471.791,6.967,44990408,-77595704
G3B,static,BigDecimal,2,4,2.4548,364.050,6.824,25999352,10485760
G3B,static,BigDecimal,2,5,2.4613,715.361,7.826,17720848,16777216
G3B,static,BigDecimal,2,6,2.5640,418.155,5.233,11291120,10485760
G3B,static,BigDecimal,2,7,2.4491,257.191,4.783,17946128,-82844056
G3B,static,BigDecimal,2,8,2.5365,489.426,6.285,7187904,13633536
G3B,static,BigDecimal,2,9,2.4877,375.352,5.970,54273264,-78647392
G3B,static,BigDecimal,2,10,2.4395,453.028,5.791,11376648,11532288
G3B,static,BigDecimal,2,11,2.5307,398.831,4.925,39693384,12582912
G3B,static,BigDecimal,2,12,2.4551,312.557,4.223,26041480,10485760
G3B,static,BigDecimal,2,13,2.7105,459.470,6.163,82674336,11532288
G3B,static,BigDecimal,2,14,2.2873,503.553,5.832,12448328,13629440
G3B,static,BigDecimal,2,15,2.4950,289.001,4.371,22841368,10485760
G3B,static,BigDecimal,2,16,2.6195,21.127,0.327,3992776,0
G3B,static,BigDecimal,2,17,2.4014,304.381,6.176,37368016,-81797200
G3B,static,BigDecimal,2,18,2.6932,484.792,6.255,77487976,13633536
G3B,static,BigDecimal,2,19,2.4291,287.295,3.651,45927200,8388608
G3B,static,BigDecimal,2,20,2.5125,360.005,4.492,11510168,9435136
G3B,static,BigDecimal,2,21,2.3514,401.899,4.358,2897552,10485760
G3B,static,BigDecimal,2,22,2.5627,362.981,4.207,9225720,10485760
G3B,static,BigDecimal,2,23,2.5121,429.810,5.629,5129360,10485760
G3B,static,BigDecimal,2,24,2.3707,157.986,2.450,37562960,6291456
G3B,static,BigDecimal,2,25,2.4613,276.841,5.289,60705512,-84933304
G3B,static,BigDecimal,2,26,2.5033,317.160,4.747,4073880,11532288
G3B,static,BigDecimal,2,27,2.4757,14.486,0.255,10488368,418208
G3B,static,BigDecimal,2,28,2.4832,723.250,6.903,162445384,13629440
G3B,static,BigDecimal,2,29,2.7846,363.027,5.344,69135216,10485760
G3B,static,BigDecimal,2,30,2.4762,89.728,2.058,28128864,5240832
G3B,static,BigDecimal,2,31,2.6831,182.592,3.675,52827784,7342080
G3B,static,BigDecimal,2,32,2.5160,271.546,3.742,28869760,8388608
G3B,static,BigDecimal,2,33,2.5753,6.026,0.164,5952968,250648
G3B,static,BigDecimal,2,34,2.3496,427.828,5.069,49238976,11536384
G3B,static,BigDecimal,2,35,2.3878,329.273,4.743,63848688,10485760
G3B,static,BigDecimal,2,36,2.4701,463.909,5.686,56519872,11536384
G3B,static,BigDecimal,2,37,2.5480,482.495,5.661,53358576,12582912
G3B,static,BigDecimal,2,38,2.4414,522.072,6.474,79471616,12582912
G3B,static,BigDecimal,3,1,3.1934,388.328,5.041,12420664,10485760
G3B,static,BigDecimal,3,2,2.7127,257.377,3.849,25952664,8388608
G3B,static,BigDecimal,3,3,2.4773,459.519,6.493,23892880,12582912
G3B,static,BigDecimal,3,4,2.4548,317.582,6.049,68051160,-79682120
G3B,static,BigDecimal,3,5,2.4613,651.492,7.616,72183464,16777216
G3B,static,BigDecimal,3,6,2.5640,389.018,5.353,47038512,10485760
G3B,static,BigDecimal,3,7,2.4491,262.169,3.789,3968464,9435136
G3B,static,BigDecimal,3,8,2.5365,489.829,6.383,24041952,13633536
G3B,static,BigDecimal,3,9,2.4877,376.190,4.900,60385104,11532288
G3B,static,BigDecimal,3,10,2.4395,416.389,5.301,46978272,12582912
G3B,static,BigDecimal,3,11,2.5307,378.700,5.063,50184472,12582912
G3B,static,BigDecimal,3,12,2.4551,303.952,6.338,32294184,-16180520
G3B,static,BigDecimal,3,13,2.7105,447.013,5.753,55350200,11532288
G3B,static,BigDecimal,3,14,2.2873,523.746,7.571,62696128,-15738368
G3B,static,BigDecimal,3,15,2.4950,301.056,4.264,6146416,10485760
G3B,static,BigDecimal,3,16,2.6195,21.277,0.330,5876328,1046528
G3B,static,BigDecimal,3,17,2.4014,306.382,3.765,15327904,8388608
G3B,static,BigDecimal,3,18,2.6932,487.384,6.706,77488960,13633536
G3B,static,BigDecimal,3,19,2.4291,292.355,3.876,20484024,8388608
G3B,static,BigDecimal,3,20,2.5125,365.485,4.736,2989824,10485760
G3B,static,BigDecimal,3,21,2.3514,429.253,4.396,15531960,10485760
G3B,static,BigDecimal,3,22,2.5627,362.256,4.209,9222144,9439232
G3B,static,BigDecimal,3,23,2.5121,429.256,4.624,5116256,10485760
G3B,static,BigDecimal,3,24,2.3707,151.849,2.519,29173680,6291456
G3B,static,BigDecimal,3,25,2.4613,276.114,3.675,32922296,9435136
G3B,static,BigDecimal,3,26,2.5033,323.364,6.608,41897440,-84945728
G3B,static,BigDecimal,3,27,2.4757,14.008,0.254,2273632,334920
G3B,static,BigDecimal,3,28,2.4832,749.685,7.180,15581032,13629440
G3B,static,BigDecimal,3,29,2.7846,353.556,5.600,39582424,-79683208
G3B,static,BigDecimal,3,30,2.4762,79.732,2.105,23888776,5240832
G3B,static,BigDecimal,3,31,2.6831,185.532,3.555,52824544,7342080
G3B,static,BigDecimal,3,32,2.5160,286.810,3.755,62874216,8388608
G3B,static,BigDecimal,3,33,2.5753,5.888,0.188,6082168,209512
G3B,static,BigDecimal,3,34,2.3496,447.824,5.083,71234232,11536384
G3B,static,BigDecimal,3,35,2.3878,316.133,5.186,3053520,8819264
G3B,static,BigDecimal,3,36,2.4701,470.546,5.619,50205768,11536384
G3B,static,BigDecimal,3,37,2.5480,481.979,5.656,17673528,12582912
G3B,static,BigDecimal,3,38,2.4414,554.130,7.117,50226648,-74441944
G3B,static,BigDecimal,4,1,3.1934,385.105,5.133,20815872,10485760
G3B,static,BigDecimal,4,2,2.7127,245.063,3.738,38538640,8388608
G3B,static,BigDecimal,4,3,2.4773,512.371,5.767,65873904,12582912
G3B,static,BigDecimal,4,4,2.4548,320.638,4.725,10711552,10485760
G3B,static,BigDecimal,4,5,2.4613,718.966,10.163,8301832,-75503808
G3B,static,BigDecimal,4,6,2.5640,409.495,5.208,44938896,10485760
G3B,static,BigDecimal,4,7,2.4491,260.060,5.043,18103296,-82838344
G3B,static,BigDecimal,4,8,2.5365,523.551,7.070,5096824,-22611480
G3B,static,BigDecimal,4,9,2.4877,379.602,5.419,81609024,11532288
G3B,static,BigDecimal,4,10,2.4395,490.839,7.097,44965384,-10479896
G3B,static,BigDecimal,4,11,2.5307,392.018,6.425,8194936,12582912
G3B,static,BigDecimal,4,12,2.4551,316.629,5.393,55420688,10485760
G3B,static,BigDecimal,4,13,2.7105,457.250,5.810,26111920,11532288
G3B,static,BigDecimal,4,14,2.2873,549.547,6.565,58467160,-14352392
G3B,static,BigDecimal,4,15,2.4950,292.927,4.431,62840504,10485760
G3B,static,BigDecimal,4,16,2.6195,21.016,0.332,5874096,1046528
G3B,static,BigDecimal,4,17,2.4014,306.767,3.697,50147352,8388608
G3B,static,BigDecimal,4,18,2.6932,489.689,6.276,79618976,13633536
G3B,static,BigDecimal,4,19,2.4291,304.109,3.675,56448536,8388608
G3B,static,BigDecimal,4,20,2.5125,374.460,4.531,19895600,10485760
G3B,static,BigDecimal,4,21,2.3514,399.456,5.499,21834096,10485760
G3B,static,BigDecimal,4,22,2.5627,371.059,4.359,15534912,10485760
G3B,static,BigDecimal,4,23,2.5121,440.659,4.659,59575488,10485760
G3B,static,BigDecimal,4,24,2.3707,156.002,2.547,37567864,6291456
G3B,static,BigDecimal,4,25,2.4613,274.694,3.754,37584680,9435136
G3B,static,BigDecimal,4,26,2.5033,312.867,4.784,29172664,11532288
G3B,static,BigDecimal,4,27,2.4757,14.714,0.413,133712,417872
G3B,static,BigDecimal,4,28,2.4832,712.945,6.654,144009704,13629440
G3B,static,BigDecimal,4,29,2.7846,344.901,4.967,85182224,10485760
G3B,static,BigDecimal,4,30,2.4762,79.950,2.048,23888176,5240832
G3B,static,BigDecimal,4,31,2.6831,208.790,3.791,54961112,7342080
G3B,static,BigDecimal,4,32,2.5160,261.716,4.340,83091864,8388608
G3B,static,BigDecimal,4,33,2.5753,6.886,0.215,6040016,334912
G3B,static,BigDecimal,4,34,2.3496,444.658,5.055,72312072,11536384
G3B,static,BigDecimal,4,35,2.3878,325.140,4.649,61778208,10485760
G3B,static,BigDecimal,4,36,2.4701,468.071,5.589,27421024,11536384
G3B,static,BigDecimal,4,37,2.5480,464.253,6.005,63866480,12582912
G3B,static,BigDecimal,4,38,2.4414,512.646,6.275,22103904,12582912
G3B,static,BigDecimal,5,1,3.1934,387.303,5.535,60601344,10485760
G3B,static,BigDecimal,5,2,2.7127,265.451,4.268,44916800,8388608
G3B,static,BigDecimal,5,3,2.4773,461.619,6.633,27644280,-79685248
G3B,static,BigDecimal,5,4,2.4548,323.605,4.972,63811872,11532288
G3B,static,BigDecimal,5,5,2.4613,642.745,7.674,24025328,16777216
G3B,static,BigDecimal,5,6,2.5640,394.159,5.236,11380088,10485760
G3B,static,BigDecimal,5,7,2.4491,275.623,3.782,39722056,9435136
G3B,static,BigDecimal,5,8,2.5365,488.481,6.363,13491672,13633536
G3B,static,BigDecimal,5,9,2.4877,381.628,4.945,14500984,11532288
G3B,static,BigDecimal,5,10,2.4395,417.248,5.721,63832880,12582912
G3B,static,BigDecimal,5,11,2.5307,399.115,5.327,39703768,12582912
G3B,static,BigDecimal,5,12,2.4551,310.066,4.645,72246176,10485760
G3B,static,BigDecimal,5,13,2.7105,459.653,7.024,42780536,11532288
G3B,static,BigDecimal,5,14,2.2873,519.155,6.022,20869984,13629440
G3B,static,BigDecimal,5,15,2.4950,287.592,4.394,22844312,10485760
G3B,static,BigDecimal,5,16,2.6195,21.859,0.324,6131384,0
G3B,static,BigDecimal,5,17,2.4014,302.646,4.458,31069992,-81789784
G3B,static,BigDecimal,5,18,2.6932,482.952,6.253,79591864,13633536
G3B,static,BigDecimal,5,19,2.4291,286.792,3.680,20483576,8388608
G3B,static,BigDecimal,5,20,2.5125,377.461,4.523,5062552,10485760
G3B,static,BigDecimal,5,21,2.3514,412.733,4.484,53367184,10485760
G3B,static,BigDecimal,5,22,2.5627,365.652,4.207,13431160,10485760
G3B,static,BigDecimal,5,23,2.5121,445.252,4.605,59575336,10485760
G3B,static,BigDecimal,5,24,2.3707,141.012,2.411,22848144,6291456
G3B,static,BigDecimal,5,25,2.4613,266.946,4.335,39692832,9435136
G3B,static,BigDecimal,5,26,2.5033,346.377,4.765,66911056,11532288
G3B,static,BigDecimal,5,27,2.4757,13.854,0.461,241504,376752
G3B,static,BigDecimal,5,28,2.4832,687.931,6.597,50074040,13629440
G3B,static,BigDecimal,5,29,2.7846,354.110,6.824,22839280,-19930264
G3B,static,BigDecimal,5,30,2.4762,79.176,1.856,21748472,5240832
G3B,static,BigDecimal,5,31,2.6831,195.492,3.092,64789504,7342080
G3B,static,BigDecimal,5,32,2.5160,277.040,3.981,58596984,9439232
G3B,static,BigDecimal,5,33,2.5753,6.095,0.243,5950512,250072
G3B,static,BigDecimal,5,34,2.3496,457.809,5.098,49227272,11536384
G3B,static,BigDecimal,5,35,2.3878,319.757,4.633,61759240,10485760
G3B,static,BigDecimal,5,36,2.4701,451.697,6.503,34736896,-82833464
G3B,static,BigDecimal,5,37,2.5480,491.178,5.774,51224200,12582912
G3B,static,BigDecimal,5,38,2.4414,525.827,7.401,12313792,-76546448
G3B,static,Nayuki,1,1,3.2000,218.210,0.215,18659496,604592
G3B,static,Nayuki,1,2,2.7345,154.041,0.160,15174232,0
G3B,static,Nayuki,1,3,2.4773,286.294,0.314,24744656,0
G3B,static,Nayuki,1,4,2.4516,194.869,0.214,19114568,0
G3B,static,Nayuki,1,5,2.4738,412.045,0.378,31203072,0
G3B,static,Nayuki,1,6,2.5610,241.825,0.248,21212344,0
G3B,static,Nayuki,1,7,2.4421,151.820,0.189,16157888,0
G3B,static,Nayuki,1,8,2.5393,291.320,0.281,24743376,0
G3B,static,Nayuki,1,9,2.5031,238.766,0.254,20548816,662120
G3B,static,Nayuki,1,10,2.4543,265.809,0.254,22645952,0
G3B,static,Nayuki,1,11,2.5276,241.427,0.261,20552504,662128
G3B,static,Nayuki,1,12,2.4718,193.441,0.211,17790528,0
G3B,static,Nayuki,1,13,2.7135,264.237,0.299,22694752,664832
G3B,static,Nayuki,1,14,2.2764,347.056,0.317,26418872,124720
G3B,static,Nayuki,1,15,2.5151,177.545,0.174,18658944,0
G3B,static,Nayuki,1,16,2.6195,14.102,0.055,2750464,40216
G3B,static,Nayuki,1,17,2.3946,171.027,0.216,16717664,646872
G3B,static,Nayuki,1,18,2.7045,304.364,0.311,24076872,651384
G3B,static,Nayuki,1,19,2.4360,182.663,0.201,17197024,0
G3B,static,Nayuki,1,20,2.5250,219.642,0.255,20739736,0
G3B,static,Nayuki,1,21,2.3544,242.292,0.296,21997584,0
G3B,static,Nayuki,1,22,2.5723,197.818,0.241,19111312,107712
G3B,static,Nayuki,1,23,2.5212,246.694,0.274,22187696,0
G3B,static,Nayuki,1,24,2.3793,88.312,0.146,10643560,664176
G3B,static,Nayuki,1,25,2.4507,150.721,0.190,16158008,0
G3B,static,Nayuki,1,26,2.5098,187.528,0.192,18447080,0
G3B,static,Nayuki,1,27,2.4854,9.887,0.054,2099448,41512
G3B,static,Nayuki,1,28,2.4806,388.158,0.373,29736376,119616
G3B,static,Nayuki,1,29,2.8039,201.832,0.199,18910552,0
G3B,static,Nayuki,1,30,2.4974,68.485,0.099,7237264,40896
G3B,static,Nayuki,1,31,2.6996,93.346,0.146,11633160,0
G3B,static,Nayuki,1,32,2.5338,177.418,0.208,15446992,645096
G3B,static,Nayuki,1,33,2.6301,3.748,0.031,1090800,40352
G3B,static,Nayuki,1,34,2.3610,288.150,0.284,24224928,0
G3B,static,Nayuki,1,35,2.3846,209.858,0.181,19108560,0
G3B,static,Nayuki,1,36,2.4843,282.981,0.282,24390072,0
G3B,static,Nayuki,1,37,2.5537,300.252,0.300,25060744,0
G3B,static,Nayuki,1,38,2.4414,321.769,0.327,26236464,661504
G3B,static,Nayuki,2,1,3.2000,186.727,0.202,19442680,0
G3B,static,Nayuki,2,2,2.7345,135.857,0.251,14730392,0
G3B,static,Nayuki,2,3,2.4773,284.729,0.296,24550368,0
G3B,static,Nayuki,2,4,2.4516,194.825,0.220,19313184,0
G3B,static,Nayuki,2,5,2.4738,411.627,0.377,31057264,0
G3B,static,Nayuki,2,6,2.5610,233.307,0.273,21413432,0
G3B,static,Nayuki,2,7,2.4421,172.363,0.187,16347664,0
G3B,static,Nayuki,2,8,2.5393,304.364,0.288,24549864,0
G3B,static,Nayuki,2,9,2.5031,251.480,0.253,20360400,662120
G3B,static,Nayuki,2,10,2.4543,264.868,0.253,22647488,0
G3B,static,Nayuki,2,11,2.5276,236.264,0.255,20564280,662128
G3B,static,Nayuki,2,12,2.4718,181.195,0.209,17781824,0
G3B,static,Nayuki,2,13,2.7135,262.019,0.265,22842552,0
G3B,static,Nayuki,2,14,2.2764,322.147,0.319,27034296,0
G3B,static,Nayuki,2,15,2.5151,191.395,0.174,17795312,0
G3B,static,Nayuki,2,16,2.6195,14.228,0.055,2556496,41512
G3B,static,Nayuki,2,17,2.3946,169.288,0.215,16716320,653512
G3B,static,Nayuki,2,18,2.7045,307.578,0.316,24082216,653024
G3B,static,Nayuki,2,19,2.4360,172.046,0.200,17011952,0
G3B,static,Nayuki,2,20,2.5250,230.784,0.444,20353192,0
G3B,static,Nayuki,2,21,2.3544,257.361,0.249,22181928,0
G3B,static,Nayuki,2,22,2.5723,208.632,0.247,19122912,108912
G3B,static,Nayuki,2,23,2.5212,270.863,0.265,21788792,0
G3B,static,Nayuki,2,24,2.3793,102.940,0.191,10845800,664120
G3B,static,Nayuki,2,25,2.4507,164.354,0.192,16369296,0
G3B,static,Nayuki,2,26,2.5098,210.718,0.198,18455048,0
G3B,static,Nayuki,2,27,2.4854,10.457,0.054,2099496,41520
G3B,static,Nayuki,2,28,2.4806,401.347,0.362,29946504,119096
G3B,static,Nayuki,2,29,2.8039,184.306,0.202,19013360,0
G3B,static,Nayuki,2,30,2.4974,65.551,0.101,7386336,81960
G3B,static,Nayuki,2,31,2.6996,90.863,0.144,11626648,0
G3B,static,Nayuki,2,32,2.5338,175.242,0.198,15640440,644640
G3B,static,Nayuki,2,33,2.6301,3.764,0.028,1089568,40328
G3B,static,Nayuki,2,34,2.3610,282.594,0.282,23838944,0
G3B,static,Nayuki,2,35,2.3846,212.530,0.177,19124944,0
G3B,static,Nayuki,2,36,2.4843,283.839,0.286,24277744,0
G3B,static,Nayuki,2,37,2.5537,297.821,0.294,24741056,0
G3B,static,Nayuki,2,38,2.4414,328.786,0.309,26234280,663104
G3B,static,Nayuki,3,1,3.2000,210.318,0.209,19081456,0
G3B,static,Nayuki,3,2,2.7345,149.674,0.153,15109008,0
G3B,static,Nayuki,3,3,2.4773,288.619,0.305,24741848,0
G3B,static,Nayuki,3,4,2.4516,195.138,0.214,19120048,0
G3B,static,Nayuki,3,5,2.4738,410.270,0.400,31052472,0
G3B,static,Nayuki,3,6,2.5610,238.998,0.245,21415728,0
G3B,static,Nayuki,3,7,2.4421,164.210,0.190,16536224,0
G3B,static,Nayuki,3,8,2.5393,302.089,0.283,24549832,0
G3B,static,Nayuki,3,9,2.5031,227.808,0.278,20558032,662120
G3B,static,Nayuki,3,10,2.4543,257.543,0.252,22451904,0
G3B,static,Nayuki,3,11,2.5276,228.119,0.261,20547384,662128
G3B,static,Nayuki,3,12,2.4718,186.196,0.208,17595456,0
G3B,static,Nayuki,3,13,2.7135,270.010,0.276,22560072,664832
G3B,static,Nayuki,3,14,2.2764,331.431,0.315,26884856,0
G3B,static,Nayuki,3,15,2.5151,174.711,0.173,17782656,0
G3B,static,Nayuki,3,16,2.6195,13.985,0.050,2557576,41616
G3B,static,Nayuki,3,17,2.3946,184.500,0.217,16716240,653560
G3B,static,Nayuki,3,18,2.7045,311.100,0.318,23878912,652984
G3B,static,Nayuki,3,19,2.4360,157.687,0.203,17391320,0
G3B,static,Nayuki,3,20,2.5250,237.006,0.253,20744872,0
G3B,static,Nayuki,3,21,2.3544,239.549,0.249,21994024,0
G3B,static,Nayuki,3,22,2.5723,211.268,0.245,19116256,108912
G3B,static,Nayuki,3,23,2.5212,257.259,0.265,22180472,0
G3B,static,Nayuki,3,24,2.3793,105.566,0.146,11045480,664120
G3B,static,Nayuki,3,25,2.4507,149.831,0.188,16343184,0
G3B,static,Nayuki,3,26,2.5098,202.327,0.191,18448904,0
G3B,static,Nayuki,3,27,2.4854,9.941,0.046,2099496,41520
G3B,static,Nayuki,3,28,2.4806,387.383,0.362,29944744,119096
G3B,static,Nayuki,3,29,2.8039,184.303,0.201,19018480,0
G3B,static,Nayuki,3,30,2.4974,53.571,0.101,7068896,81960
G3B,static,Nayuki,3,31,2.6996,92.911,0.144,11585736,0
G3B,static,Nayuki,3,32,2.5338,169.288,0.198,15636856,644640
G3B,static,Nayuki,3,33,2.6301,3.569,0.029,1089568,40328
G3B,static,Nayuki,3,34,2.3610,289.946,0.277,24274784,0
G3B,static,Nayuki,3,35,2.3846,201.102,0.182,18914512,0
G3B,static,Nayuki,3,36,2.4843,286.406,0.285,24091376,0
G3B,static,Nayuki,3,37,2.5537,293.709,0.297,24743616,0
G3B,static,Nayuki,3,38,2.4414,334.096,0.308,26352768,663104
G3B,static,Nayuki,4,1,3.2000,186.225,0.211,19413232,0
G3B,static,Nayuki,4,2,2.7345,147.214,0.160,15107472,0
G3B,static,Nayuki,4,3,2.4773,284.128,0.302,24557528,0
G3B,static,Nayuki,4,4,2.4516,197.550,0.214,19116976,0
G3B,static,Nayuki,4,5,2.4738,400.933,0.370,31240552,0
G3B,static,Nayuki,4,6,2.5610,244.475,0.245,21428280,0
G3B,static,Nayuki,4,7,2.4421,150.266,0.191,16362512,0
G3B,static,Nayuki,4,8,2.5393,289.483,0.287,24745960,0
G3B,static,Nayuki,4,9,2.5031,227.189,0.254,20548304,662120
G3B,static,Nayuki,4,10,2.4543,265.948,0.256,22449344,0
G3B,static,Nayuki,4,11,2.5276,240.184,0.245,21244744,0
G3B,static,Nayuki,4,12,2.4718,192.961,0.207,18124984,0
G3B,static,Nayuki,4,13,2.7135,262.447,0.270,22846400,0
G3B,static,Nayuki,4,14,2.2764,325.403,0.325,26841832,0
G3B,static,Nayuki,4,15,2.5151,187.862,0.172,17791688,0
G3B,static,Nayuki,4,16,2.6195,13.904,0.056,2767440,41512
G3B,static,Nayuki,4,17,2.3946,170.824,0.238,16878624,615184
G3B,static,Nayuki,4,18,2.7045,299.883,0.313,24122512,657480
G3B,static,Nayuki,4,19,2.4360,169.231,0.207,16809400,0
G3B,static,Nayuki,4,20,2.5250,228.909,0.260,20554848,0
G3B,static,Nayuki,4,21,2.3544,254.902,0.257,22147192,0
G3B,static,Nayuki,4,22,2.5723,198.333,0.237,19442232,0
G3B,static,Nayuki,4,23,2.5212,252.355,0.278,21984936,0
G3B,static,Nayuki,4,24,2.3793,87.882,0.147,10639912,664392
G3B,static,Nayuki,4,25,2.4507,171.413,0.271,16346888,0
G3B,static,Nayuki,4,26,2.5098,188.025,0.198,18651752,0
G3B,static,Nayuki,4,27,2.4854,10.196,0.044,2299176,41440
G3B,static,Nayuki,4,28,2.4806,385.150,0.370,29942912,119168
G3B,static,Nayuki,4,29,2.8039,193.321,0.203,18672880,0
G3B,static,Nayuki,4,30,2.4974,67.094,0.102,7228648,81960
G3B,static,Nayuki,4,31,2.6996,94.196,0.144,11626648,0
G3B,static,Nayuki,4,32,2.5338,164.184,0.198,15636344,644640
G3B,static,Nayuki,4,33,2.6301,3.803,0.028,1089568,40328
G3B,static,Nayuki,4,34,2.3610,282.334,0.282,23939248,0
G3B,static,Nayuki,4,35,2.3846,213.308,0.181,19250144,0
G3B,static,Nayuki,4,36,2.4843,297.024,0.290,24117424,0
G3B,static,Nayuki,4,37,2.5537,288.117,0.297,24972600,0
G3B,static,Nayuki,4,38,2.4414,332.648,0.309,26178928,659912
G3B,static,Nayuki,5,1,3.2000,215.934,0.204,18918824,0
G3B,static,Nayuki,5,2,2.7345,148.275,0.153,14725240,0
G3B,static,Nayuki,5,3,2.4773,308.422,0.286,24959944,0
G3B,static,Nayuki,5,4,2.4516,207.830,0.212,18923472,0
G3B,static,Nayuki,5,5,2.4738,399.141,0.377,31044456,0
G3B,static,Nayuki,5,6,2.5610,248.032,0.245,21415480,0
G3B,static,Nayuki,5,7,2.4421,149.000,0.189,16349200,0
G3B,static,Nayuki,5,8,2.5393,309.398,0.291,25186192,0
G3B,static,Nayuki,5,9,2.5031,238.021,0.239,20936160,0
G3B,static,Nayuki,5,10,2.4543,249.573,0.261,22649600,0
G3B,static,Nayuki,5,11,2.5276,253.197,0.248,20562696,662104
G3B,static,Nayuki,5,12,2.4718,180.789,0.209,17596480,0
G3B,static,Nayuki,5,13,2.7135,278.518,0.264,22846648,0
G3B,static,Nayuki,5,14,2.2764,325.663,0.322,26843832,0
G3B,static,Nayuki,5,15,2.5151,181.076,0.171,18285504,0
G3B,static,Nayuki,5,16,2.6195,13.959,0.056,2557656,41616
G3B,static,Nayuki,5,17,2.3946,168.055,0.233,16834992,626936
G3B,static,Nayuki,5,18,2.7045,297.679,0.324,24036936,648656
G3B,static,Nayuki,5,19,2.4360,172.577,0.199,16995240,0
G3B,static,Nayuki,5,20,2.5250,227.493,0.254,20749592,0
G3B,static,Nayuki,5,21,2.3544,253.071,0.251,21982256,0
G3B,static,Nayuki,5,22,2.5723,201.860,0.243,19548032,105048
G3B,static,Nayuki,5,23,2.5212,255.365,0.269,22123584,0
G3B,static,Nayuki,5,24,2.3793,103.543,0.155,10641416,664464
G3B,static,Nayuki,5,25,2.4507,152.720,0.192,16356696,0
G3B,static,Nayuki,5,26,2.5098,201.455,0.200,18447080,0
G3B,static,Nayuki,5,27,2.4854,10.089,0.045,2099448,41512
G3B,static,Nayuki,5,28,2.4806,390.365,0.374,29942504,119088
G3B,static,Nayuki,5,29,2.8039,185.853,0.202,19016264,0
G3B,static,Nayuki,5,30,2.4974,67.488,0.102,7388816,82472
G3B,static,Nayuki,5,31,2.6996,106.307,0.146,11816672,0
G3B,static,Nayuki,5,32,2.5338,152.849,0.195,15633552,644224
G3B,static,Nayuki,5,33,2.6301,3.817,0.031,1088608,40280
G3B,static,Nayuki,5,34,2.3610,289.276,0.277,24270128,0
G3B,static,Nayuki,5,35,2.3846,237.608,0.263,19111352,0
G3B,static,Nayuki,5,36,2.4843,278.800,0.286,24083760,0
G3B,static,Nayuki,5,37,2.5537,290.221,0.298,24744312,0
G3B,static,Nayuki,5,38,2.4414,326.644,0.324,26230000,663464
G3B,semi-adaptive,BigDecimal,1,1,2.7574,328.073,4.632,21775504,9439232
G3B,semi-adaptive,BigDecimal,1,2,2.5309,227.602,3.323,39304680,7342080
G3B,semi-adaptive,BigDecimal,1,3,2.3722,410.977,5.341,-2362968,11536384
G3B,semi-adaptive,BigDecimal,1,4,2.2452,315.337,5.179,83337816,-148893400
G3B,semi-adaptive,BigDecimal,1,5,2.3541,710.907,8.342,121230880,-75500008
G3B,semi-adaptive,BigDecimal,1,6,2.4024,358.397,4.797,56592024,9435136
G3B,semi-adaptive,BigDecimal,1,7,2.2667,242.968,3.680,42311896,8388608
G3B,semi-adaptive,BigDecimal,1,8,2.3146,447.088,5.539,65495480,13633536
G3B,semi-adaptive,BigDecimal,1,9,2.3589,353.055,5.697,-7963224,-26883704
G3B,semi-adaptive,BigDecimal,1,10,2.2419,383.247,5.126,43133144,11532288
G3B,semi-adaptive,BigDecimal,1,11,2.3773,351.820,5.032,4725136,11532288
G3B,semi-adaptive,BigDecimal,1,12,2.2591,220.830,11.740,51958688,8137096
G3B,semi-adaptive,BigDecimal,1,13,2.4942,402.048,5.360,21300296,13629440
G3B,semi-adaptive,BigDecimal,1,14,2.1518,556.669,5.176,69838824,10485760
G3B,semi-adaptive,BigDecimal,1,15,2.3177,216.814,4.042,45041768,10485728
G3B,semi-adaptive,BigDecimal,1,16,2.4071,22.277,0.336,5890824,0
G3B,semi-adaptive,BigDecimal,1,17,2.2075,279.207,3.121,-15497928,6291456
G3B,semi-adaptive,BigDecimal,1,18,2.5199,521.230,5.985,20945736,12582912
G3B,semi-adaptive,BigDecimal,1,19,2.3253,274.141,3.525,14827320,8388608
G3B,semi-adaptive,BigDecimal,1,20,2.3531,332.847,11.706,30888424,4278720
G3B,semi-adaptive,BigDecimal,1,21,2.2823,361.001,4.786,-9314416,10485760
G3B,semi-adaptive,BigDecimal,1,22,2.3762,309.573,4.323,57898624,10485760
G3B,semi-adaptive,BigDecimal,1,23,2.3394,360.208,4.560,-15437584,9435136
G3B,semi-adaptive,BigDecimal,1,24,2.2888,145.679,2.294,57005584,6291456
G3B,semi-adaptive,BigDecimal,1,25,2.4085,253.858,3.631,-5968312,8388608
G3B,semi-adaptive,BigDecimal,1,26,2.3039,283.819,6.757,49295384,-13030624
G3B,semi-adaptive,BigDecimal,1,27,2.2621,13.944,0.234,23160,0
G3B,semi-adaptive,BigDecimal,1,28,2.3618,533.452,6.545,10039904,11536384
G3B,semi-adaptive,BigDecimal,1,29,2.6109,299.140,4.592,39129856,10485760
G3B,semi-adaptive,BigDecimal,1,30,2.2169,73.942,1.569,44076152,4194464
G3B,semi-adaptive,BigDecimal,1,31,2.5350,177.603,3.220,57962400,7337984
G3B,semi-adaptive,BigDecimal,1,32,2.3737,240.008,3.655,48821480,8388608
G3B,semi-adaptive,BigDecimal,1,33,2.2877,5.050,0.150,4699040,336320
G3B,semi-adaptive,BigDecimal,1,34,2.2521,449.432,4.730,-5176336,10485760
G3B,semi-adaptive,BigDecimal,1,35,2.2244,294.266,3.981,-4408928,9435136
G3B,semi-adaptive,BigDecimal,1,36,2.3732,415.756,5.291,54868488,12582912
G3B,semi-adaptive,BigDecimal,1,37,2.4322,479.743,5.336,39858736,11532288
G3B,semi-adaptive,BigDecimal,1,38,2.3488,536.822,5.671,-1505368,12582912
G3B,semi-adaptive,BigDecimal,2,1,2.7574,350.015,4.705,11246968,10485760
G3B,semi-adaptive,BigDecimal,2,2,2.5309,223.778,3.428,17864512,8388608
G3B,semi-adaptive,BigDecimal,2,3,2.3722,413.332,7.272,-23226008,34603152
G3B,semi-adaptive,BigDecimal,2,4,2.2452,291.424,4.251,-16819280,10485760
G3B,semi-adaptive,BigDecimal,2,5,2.3541,719.351,7.176,-10261392,14680064
G3B,semi-adaptive,BigDecimal,2,6,2.4024,362.603,4.737,15906832,9435136
G3B,semi-adaptive,BigDecimal,2,7,2.2667,250.866,3.534,-14565792,8388608
G3B,semi-adaptive,BigDecimal,2,8,2.3146,407.473,5.516,64001112,13633536
G3B,semi-adaptive,BigDecimal,2,9,2.3589,345.186,5.028,65132896,11532288
G3B,semi-adaptive,BigDecimal,2,10,2.2419,377.129,5.142,3875400,11532288
G3B,semi-adaptive,BigDecimal,2,11,2.3773,351.889,5.201,38605832,11532288
G3B,semi-adaptive,BigDecimal,2,12,2.2591,218.493,3.918,-10962384,10485760
G3B,semi-adaptive,BigDecimal,2,13,2.4942,372.458,5.471,-12825432,12582912
G3B,semi-adaptive,BigDecimal,2,14,2.1518,531.555,5.533,40377112,10485760
G3B,semi-adaptive,BigDecimal,2,15,2.3177,220.859,3.803,46326776,10485760
G3B,semi-adaptive,BigDecimal,2,16,2.4071,21.647,0.346,5780424,0
G3B,semi-adaptive,BigDecimal,2,17,2.2075,273.093,4.449,33518672,-88083136
G3B,semi-adaptive,BigDecimal,2,18,2.5199,547.262,5.780,-10813368,11532288
G3B,semi-adaptive,BigDecimal,2,19,2.3253,284.932,3.528,62364304,8388608
G3B,semi-adaptive,BigDecimal,2,20,2.3531,330.288,6.256,-18361544,-19826552
G3B,semi-adaptive,BigDecimal,2,21,2.2823,385.245,4.708,56680080,9435136
G3B,semi-adaptive,BigDecimal,2,22,2.3762,311.520,4.253,7196792,10485760
G3B,semi-adaptive,BigDecimal,2,23,2.3394,371.252,4.556,15562456,10485760
G3B,semi-adaptive,BigDecimal,2,24,2.2888,154.505,2.919,11128824,6291456
G3B,semi-adaptive,BigDecimal,2,25,2.4085,319.542,4.538,-11766240,-81784872
G3B,semi-adaptive,BigDecimal,2,26,2.3039,344.057,4.386,-16203960,10485760
G3B,semi-adaptive,BigDecimal,2,27,2.2621,18.956,0.229,128096,0
G3B,semi-adaptive,BigDecimal,2,28,2.3618,662.689,6.023,14571160,11536384
G3B,semi-adaptive,BigDecimal,2,29,2.6109,362.525,5.291,31353752,10485760
G3B,semi-adaptive,BigDecimal,2,30,2.2169,79.905,1.993,6867624,4194304
G3B,semi-adaptive,BigDecimal,2,31,2.5350,193.613,2.844,4982720,7337984
G3B,semi-adaptive,BigDecimal,2,32,2.3737,262.299,3.567,16347016,8388608
G3B,semi-adaptive,BigDecimal,2,33,2.2877,5.248,0.155,4697480,335680
G3B,semi-adaptive,BigDecimal,2,34,2.2521,453.046,9.914,21566152,9072320
G3B,semi-adaptive,BigDecimal,2,35,2.2244,353.409,4.075,37100840,9435136
G3B,semi-adaptive,BigDecimal,2,36,2.3732,512.165,5.367,-491880,12582912
G3B,semi-adaptive,BigDecimal,2,37,2.4322,538.298,5.403,35912000,11532288
G3B,semi-adaptive,BigDecimal,2,38,2.3488,564.922,5.859,48288384,12582912
G3B,semi-adaptive,BigDecimal,3,1,2.7574,379.862,5.154,-720184,-79688928
G3B,semi-adaptive,BigDecimal,3,2,2.5309,252.273,4.714,14289528,8388608
G3B,semi-adaptive,BigDecimal,3,3,2.3722,427.365,6.753,-22470488,-78643056
G3B,semi-adaptive,BigDecimal,3,4,2.2452,300.627,6.851,43679464,-4569680
G3B,semi-adaptive,BigDecimal,3,5,2.3541,743.654,7.369,-2579664,14680064
G3B,semi-adaptive,BigDecimal,3,6,2.4024,366.867,4.939,42761568,9435136
G3B,semi-adaptive,BigDecimal,3,7,2.2667,262.751,3.587,-14581120,8388608
G3B,semi-adaptive,BigDecimal,3,8,2.3146,431.261,5.731,-7932896,13629440
G3B,semi-adaptive,BigDecimal,3,9,2.3589,356.848,5.760,27619304,-78634688
G3B,semi-adaptive,BigDecimal,3,10,2.2419,384.134,5.186,59318960,11532288
G3B,semi-adaptive,BigDecimal,3,11,2.3773,356.362,5.012,30059120,11532288
G3B,semi-adaptive,BigDecimal,3,12,2.2591,206.814,3.990,-7470024,10485760
G3B,semi-adaptive,BigDecimal,3,13,2.4942,372.292,6.177,1744928,-77595224
G3B,semi-adaptive,BigDecimal,3,14,2.1518,509.849,5.235,125103160,10485760
G3B,semi-adaptive,BigDecimal,3,15,2.3177,245.957,4.990,19861720,10485760
G3B,semi-adaptive,BigDecimal,3,16,2.4071,20.898,0.307,3824784,0
G3B,semi-adaptive,BigDecimal,3,17,2.2075,280.937,3.143,-8510368,6291456
G3B,semi-adaptive,BigDecimal,3,18,2.5199,525.417,6.430,-9915624,11532288
G3B,semi-adaptive,BigDecimal,3,19,2.3253,295.121,5.106,25283472,8388608
G3B,semi-adaptive,BigDecimal,3,20,2.3531,403.522,4.599,51541272,9439232
G3B,semi-adaptive,BigDecimal,3,21,2.2823,375.824,4.728,22699912,9435136
G3B,semi-adaptive,BigDecimal,3,22,2.3762,316.240,4.382,55358520,10485760
G3B,semi-adaptive,BigDecimal,3,23,2.3394,434.067,4.769,47339008,10485760
G3B,semi-adaptive,BigDecimal,3,24,2.2888,146.613,2.297,50490376,6291456
G3B,semi-adaptive,BigDecimal,3,25,2.4085,254.251,3.652,8668848,8388608
G3B,semi-adaptive,BigDecimal,3,26,2.3039,289.510,5.823,33236960,-2181120
G3B,semi-adaptive,BigDecimal,3,27,2.2621,15.866,0.251,-599424,0
G3B,semi-adaptive,BigDecimal,3,28,2.3618,711.968,7.236,-11505808,-23975344
G3B,semi-adaptive,BigDecimal,3,29,2.6109,325.864,6.457,22754616,10485760
G3B,semi-adaptive,BigDecimal,3,30,2.2169,80.867,1.649,29889064,4194304
G3B,semi-adaptive,BigDecimal,3,31,2.5350,203.829,2.849,4773736,7337984
G3B,semi-adaptive,BigDecimal,3,32,2.3737,255.333,4.326,37461824,8388608
G3B,semi-adaptive,BigDecimal,3,33,2.2877,5.247,0.159,4697352,335248
G3B,semi-adaptive,BigDecimal,3,34,2.2521,461.970,7.055,13182544,10485760
G3B,semi-adaptive,BigDecimal,3,35,2.2244,432.751,4.086,-2653816,9435136
G3B,semi-adaptive,BigDecimal,3,36,2.3732,459.019,5.399,22394384,12582912
G3B,semi-adaptive,BigDecimal,3,37,2.4322,499.867,7.347,33705680,-80746888
G3B,semi-adaptive,BigDecimal,3,38,2.3488,497.279,5.765,54704632,12582912
G3B,semi-adaptive,BigDecimal,4,1,2.7574,350.504,4.695,-8507528,10485760
G3B,semi-adaptive,BigDecimal,4,2,2.5309,224.240,3.376,47973560,8388608
G3B,semi-adaptive,BigDecimal,4,3,2.3722,421.727,5.429,-5531768,11536384
G3B,semi-adaptive,BigDecimal,4,4,2.2452,296.464,6.107,56284072,-5016800
G3B,semi-adaptive,BigDecimal,4,5,2.3541,730.265,7.282,117471528,14680064
G3B,semi-adaptive,BigDecimal,4,6,2.4024,394.668,4.741,-11176872,10485760
G3B,semi-adaptive,BigDecimal,4,7,2.2667,269.403,3.662,33876656,8388608
G3B,semi-adaptive,BigDecimal,4,8,2.3146,467.082,5.586,-7671536,13633536
G3B,semi-adaptive,BigDecimal,4,9,2.3589,383.997,5.209,10666736,11532288
G3B,semi-adaptive,BigDecimal,4,10,2.2419,408.450,5.275,19770128,11532288
G3B,semi-adaptive,BigDecimal,4,11,2.3773,349.661,5.166,226456,11533008
G3B,semi-adaptive,BigDecimal,4,12,2.2591,202.737,3.736,40164032,9970920
G3B,semi-adaptive,BigDecimal,4,13,2.4942,405.161,5.363,5164264,12582912
G3B,semi-adaptive,BigDecimal,4,14,2.1518,542.978,5.211,70717568,10485760
G3B,semi-adaptive,BigDecimal,4,15,2.3177,217.561,3.784,45041984,10486296
G3B,semi-adaptive,BigDecimal,4,16,2.4071,22.126,0.328,5732128,0
G3B,semi-adaptive,BigDecimal,4,17,2.2075,277.391,3.134,-9192152,6291456
G3B,semi-adaptive,BigDecimal,4,18,2.5199,512.299,5.766,-22511688,11532288
G3B,semi-adaptive,BigDecimal,4,19,2.3253,282.533,3.524,34626928,8388608
G3B,semi-adaptive,BigDecimal,4,20,2.3531,334.766,12.914,53526248,6017232
G3B,semi-adaptive,BigDecimal,4,21,2.2823,360.566,4.827,-2970032,9435136
G3B,semi-adaptive,BigDecimal,4,22,2.3762,313.927,4.293,-18029640,10485760
G3B,semi-adaptive,BigDecimal,4,23,2.3394,360.883,5.411,-10696464,-80740376
G3B,semi-adaptive,BigDecimal,4,24,2.2888,147.081,2.289,57001496,6291456
G3B,semi-adaptive,BigDecimal,4,25,2.4085,258.249,3.597,-5901336,8388608
G3B,semi-adaptive,BigDecimal,4,26,2.3039,288.962,4.307,-12279800,10485760
G3B,semi-adaptive,BigDecimal,4,27,2.2621,13.139,0.235,-736040,334472
G3B,semi-adaptive,BigDecimal,4,28,2.3618,538.806,5.877,3192984,11536384
G3B,semi-adaptive,BigDecimal,4,29,2.6109,298.702,4.602,-11011208,10485760
G3B,semi-adaptive,BigDecimal,4,30,2.2169,75.256,1.572,29908896,4194304
G3B,semi-adaptive,BigDecimal,4,31,2.5350,193.225,3.390,37102536,7337984
G3B,semi-adaptive,BigDecimal,4,32,2.3737,248.569,3.538,-15086600,8388608
G3B,semi-adaptive,BigDecimal,4,33,2.2877,5.335,0.144,4699952,252792
G3B,semi-adaptive,BigDecimal,4,34,2.2521,429.596,6.559,9600112,-79698176
G3B,semi-adaptive,BigDecimal,4,35,2.2244,292.772,3.963,58522016,9435136
G3B,semi-adaptive,BigDecimal,4,36,2.3732,442.772,5.261,77918232,12582912
G3B,semi-adaptive,BigDecimal,4,37,2.4322,523.911,5.734,134091328,11532288
G3B,semi-adaptive,BigDecimal,4,38,2.3488,517.748,5.788,64996136,12582912
G3B,semi-adaptive,BigDecimal,5,1,2.7574,339.881,4.641,37359680,10485760
G3B,semi-adaptive,BigDecimal,5,2,2.5309,237.234,3.323,61992728,8388608
G3B,semi-adaptive,BigDecimal,5,3,2.3722,414.219,5.417,12200984,11536384
G3B,semi-adaptive,BigDecimal,5,4,2.2452,285.237,4.247,17320328,9439232
G3B,semi-adaptive,BigDecimal,5,5,2.3541,714.911,7.231,-23808936,14680064
G3B,semi-adaptive,BigDecimal,5,6,2.4024,392.375,4.720,44434456,10485760
G3B,semi-adaptive,BigDecimal,5,7,2.2667,244.230,3.593,-9456784,8388608
G3B,semi-adaptive,BigDecimal,5,8,2.3146,447.334,5.552,36554640,13633536
G3B,semi-adaptive,BigDecimal,5,9,2.3589,357.128,5.710,-632800,11532288
G3B,semi-adaptive,BigDecimal,5,10,2.2419,407.521,5.109,26852168,11532288
G3B,semi-adaptive,BigDecimal,5,11,2.3773,351.396,5.072,21517168,11532288
G3B,semi-adaptive,BigDecimal,5,12,2.2591,205.991,4.356,-7376912,10485760
G3B,semi-adaptive,BigDecimal,5,13,2.4942,368.934,6.679,3825592,-77592376
G3B,semi-adaptive,BigDecimal,5,14,2.1518,500.844,5.293,131398256,10485760
G3B,semi-adaptive,BigDecimal,5,15,2.3177,231.335,3.766,28880400,10485760
G3B,semi-adaptive,BigDecimal,5,16,2.4071,19.583,0.307,5375872,0
G3B,semi-adaptive,BigDecimal,5,17,2.2075,274.568,3.148,1340112,6291456
G3B,semi-adaptive,BigDecimal,5,18,2.5199,497.585,5.813,-3759312,11536384
G3B,semi-adaptive,BigDecimal,5,19,2.3253,271.614,3.566,11372648,8388608
G3B,semi-adaptive,BigDecimal,5,20,2.3531,331.841,4.499,-15405968,9439232
G3B,semi-adaptive,BigDecimal,5,21,2.2823,352.877,4.755,-18375280,9435136
G3B,semi-adaptive,BigDecimal,5,22,2.3762,309.358,4.297,57298656,10485760
G3B,semi-adaptive,BigDecimal,5,23,2.3394,398.445,4.589,97395584,9435136
G3B,semi-adaptive,BigDecimal,5,24,2.2888,144.547,2.289,53905912,6291456
G3B,semi-adaptive,BigDecimal,5,25,2.4085,251.877,5.797,37467048,2210288
G3B,semi-adaptive,BigDecimal,5,26,2.3039,281.641,4.292,-11433400,9435136
G3B,semi-adaptive,BigDecimal,5,27,2.2621,13.967,0.231,-336976,334832
G3B,semi-adaptive,BigDecimal,5,28,2.3618,540.534,5.945,-5214328,11536384
G3B,semi-adaptive,BigDecimal,5,29,2.6109,298.246,5.295,11427848,-79685800
G3B,semi-adaptive,BigDecimal,5,30,2.2169,75.939,1.565,29947376,4194304
G3B,semi-adaptive,BigDecimal,5,31,2.5350,175.989,3.801,22453552,-78648784
G3B,semi-adaptive,BigDecimal,5,32,2.3737,233.366,3.483,27329288,8388608
G3B,semi-adaptive,BigDecimal,5,33,2.2877,5.329,0.148,4698024,252616
G3B,semi-adaptive,BigDecimal,5,34,2.2521,434.837,4.787,66995392,10485760
G3B,semi-adaptive,BigDecimal,5,35,2.2244,317.433,3.993,35560168,9435136
G3B,semi-adaptive,BigDecimal,5,36,2.3732,435.308,5.749,-22041032,12292464
G3B,semi-adaptive,BigDecimal,5,37,2.4322,528.640,5.340,838704,11532288
G3B,semi-adaptive,BigDecimal,5,38,2.3488,488.551,5.692,-12079096,12582912
G3B,semi-adaptive,Nayuki,1,1,2.7803,186.829,0.269,-5916768,0
G3B,semi-adaptive,Nayuki,1,2,2.5891,156.830,0.166,-1957792,0
G3B,semi-adaptive,Nayuki,1,3,2.4091,274.246,0.306,1335216,0
G3B,semi-adaptive,Nayuki,1,4,2.2968,188.246,0.219,129376,0
G3B,semi-adaptive,Nayuki,1,5,2.3741,406.307,0.375,11211576,0
G3B,semi-adaptive,Nayuki,1,6,2.4390,218.731,0.258,179584,375216
G3B,semi-adaptive,Nayuki,1,7,2.3298,146.697,0.191,-6142504,0
G3B,semi-adaptive,Nayuki,1,8,2.3371,295.097,0.289,-3455872,0
G3B,semi-adaptive,Nayuki,1,9,2.3804,230.548,0.260,411696,219224
G3B,semi-adaptive,Nayuki,1,10,2.2891,227.973,0.256,21591856,0
G3B,semi-adaptive,Nayuki,1,11,2.4049,203.668,0.261,20283520,227936
G3B,semi-adaptive,Nayuki,1,12,2.3123,175.513,0.214,1468248,0
G3B,semi-adaptive,Nayuki,1,13,2.5263,263.349,0.287,16099096,0
G3B,semi-adaptive,Nayuki,1,14,2.1897,318.449,0.448,-9483136,1046528
G3B,semi-adaptive,Nayuki,1,15,2.3813,179.911,0.175,-11171584,0
G3B,semi-adaptive,Nayuki,1,16,2.5487,13.264,0.072,12696,83032
G3B,semi-adaptive,Nayuki,1,17,2.2585,166.617,0.203,94488,0
G3B,semi-adaptive,Nayuki,1,18,2.5682,272.828,0.308,1631784,0
G3B,semi-adaptive,Nayuki,1,19,2.3806,152.857,0.224,601712,0
G3B,semi-adaptive,Nayuki,1,20,2.3750,210.171,0.259,383808,541976
G3B,semi-adaptive,Nayuki,1,21,2.3063,244.037,0.254,20486240,582360
G3B,semi-adaptive,Nayuki,1,22,2.3923,192.003,0.236,278984,0
G3B,semi-adaptive,Nayuki,1,23,2.3758,213.166,0.266,20308752,0
G3B,semi-adaptive,Nayuki,1,24,2.3448,85.647,0.229,562792,124880
G3B,semi-adaptive,Nayuki,1,25,2.4507,159.279,0.191,8721200,0
G3B,semi-adaptive,Nayuki,1,26,2.3529,180.023,0.196,45288,0
G3B,semi-adaptive,Nayuki,1,27,2.4078,9.286,0.045,-257200,41296
G3B,semi-adaptive,Nayuki,1,28,2.3979,374.656,0.369,-20368192,0
G3B,semi-adaptive,Nayuki,1,29,2.6238,195.556,0.203,-5939720,0
G3B,semi-adaptive,Nayuki,1,30,2.2857,44.042,0.105,6291456,165040
G3B,semi-adaptive,Nayuki,1,31,2.5679,95.703,0.159,296696,0
G3B,semi-adaptive,Nayuki,1,32,2.4199,143.087,0.188,7512,0
G3B,semi-adaptive,Nayuki,1,33,2.5205,3.871,0.038,1059960,40960
G3B,semi-adaptive,Nayuki,1,34,2.2923,279.363,0.279,-16952688,163264
G3B,semi-adaptive,Nayuki,1,35,2.2564,196.400,0.196,19583008,0
G3B,semi-adaptive,Nayuki,1,36,2.4160,266.618,0.304,-5744936,0
G3B,semi-adaptive,Nayuki,1,37,2.4859,283.621,0.302,2166192,0
G3B,semi-adaptive,Nayuki,1,38,2.3978,326.572,0.324,16048352,0
G3B,semi-adaptive,Nayuki,2,1,2.7803,189.745,0.201,159664,0
G3B,semi-adaptive,Nayuki,2,2,2.5891,143.720,0.160,-6560104,82896
G3B,semi-adaptive,Nayuki,2,3,2.4091,295.120,0.297,10801576,0
G3B,semi-adaptive,Nayuki,2,4,2.2968,178.026,0.217,17935408,0
G3B,semi-adaptive,Nayuki,2,5,2.3741,411.542,0.371,6354728,0
G3B,semi-adaptive,Nayuki,2,6,2.4390,206.829,0.267,20196352,0
G3B,semi-adaptive,Nayuki,2,7,2.3298,147.874,0.242,-2240224,750184
G3B,semi-adaptive,Nayuki,2,8,2.3371,283.003,0.287,-2445408,0
G3B,semi-adaptive,Nayuki,2,9,2.3804,221.099,0.246,1282608,215384
G3B,semi-adaptive,Nayuki,2,10,2.2891,250.281,0.262,22821344,0
G3B,semi-adaptive,Nayuki,2,11,2.4049,223.350,0.247,20120496,0
G3B,semi-adaptive,Nayuki,2,12,2.3123,163.526,0.212,16777216,0
G3B,semi-adaptive,Nayuki,2,13,2.5263,266.369,0.275,14535296,0
G3B,semi-adaptive,Nayuki,2,14,2.1897,323.060,0.313,-9477384,0
G3B,semi-adaptive,Nayuki,2,15,2.3813,173.724,0.175,1561960,0
G3B,semi-adaptive,Nayuki,2,16,2.5487,11.056,0.061,2097160,684968
G3B,semi-adaptive,Nayuki,2,17,2.2585,166.293,0.256,-90560,0
G3B,semi-adaptive,Nayuki,2,18,2.5682,277.251,0.314,7034576,0
G3B,semi-adaptive,Nayuki,2,19,2.3806,150.570,0.259,543400,347464
G3B,semi-adaptive,Nayuki,2,20,2.3750,195.161,0.257,18876912,0
G3B,semi-adaptive,Nayuki,2,21,2.3063,219.159,0.248,20971512,0
G3B,semi-adaptive,Nayuki,2,22,2.3923,179.343,0.237,18019688,0
G3B,semi-adaptive,Nayuki,2,23,2.3758,213.456,0.403,20351472,290368
G3B,semi-adaptive,Nayuki,2,24,2.3448,85.552,0.150,240488,665544
G3B,semi-adaptive,Nayuki,2,25,2.4507,147.215,0.198,50824,347624
G3B,semi-adaptive,Nayuki,2,26,2.3529,171.588,0.204,17633384,456352
G3B,semi-adaptive,Nayuki,2,27,2.4078,9.615,0.039,-162488,0
G3B,semi-adaptive,Nayuki,2,28,2.3979,365.651,0.366,6551720,540168
G3B,semi-adaptive,Nayuki,2,29,2.6238,212.078,0.204,-3916160,0
G3B,semi-adaptive,Nayuki,2,30,2.2857,43.646,0.101,6955528,41688
G3B,semi-adaptive,Nayuki,2,31,2.5679,94.633,0.150,299672,0
G3B,semi-adaptive,Nayuki,2,32,2.4199,141.289,0.188,-12272,0
G3B,semi-adaptive,Nayuki,2,33,2.5205,3.845,0.029,1062600,40936
G3B,semi-adaptive,Nayuki,2,34,2.2923,283.737,0.317,6993480,907432
G3B,semi-adaptive,Nayuki,2,35,2.2564,195.646,0.182,-5903824,0
G3B,semi-adaptive,Nayuki,2,36,2.4160,288.003,0.301,6362112,0
G3B,semi-adaptive,Nayuki,2,37,2.4859,283.104,0.323,992416,665000
G3B,semi-adaptive,Nayuki,2,38,2.3978,309.844,0.301,16300768,0
G3B,semi-adaptive,Nayuki,3,1,2.7803,183.246,0.202,363088,0
G3B,semi-adaptive,Nayuki,3,2,2.5891,146.257,0.174,-2992376,83128
G3B,semi-adaptive,Nayuki,3,3,2.4091,290.454,0.299,16538672,0
G3B,semi-adaptive,Nayuki,3,4,2.2968,192.502,0.224,803560,580864
G3B,semi-adaptive,Nayuki,3,5,2.3741,400.009,0.385,24660664,0
G3B,semi-adaptive,Nayuki,3,6,2.4390,237.470,0.268,-3890160,0
G3B,semi-adaptive,Nayuki,3,7,2.3298,149.290,0.208,4216,584040
G3B,semi-adaptive,Nayuki,3,8,2.3371,285.678,0.302,-704864,0
G3B,semi-adaptive,Nayuki,3,9,2.3804,216.499,0.245,615144,219184
G3B,semi-adaptive,Nayuki,3,10,2.2891,261.178,0.276,8344488,708264
G3B,semi-adaptive,Nayuki,3,11,2.4049,208.705,0.240,529080,0
G3B,semi-adaptive,Nayuki,3,12,2.3123,163.621,0.213,16777216,0
G3B,semi-adaptive,Nayuki,3,13,2.5263,253.585,0.276,23952616,458272
G3B,semi-adaptive,Nayuki,3,14,2.1897,319.791,0.302,-2340824,0
G3B,semi-adaptive,Nayuki,3,15,2.3813,173.059,0.193,11502344,0
G3B,semi-adaptive,Nayuki,3,16,2.5487,12.325,0.051,163536,0
G3B,semi-adaptive,Nayuki,3,17,2.2585,167.094,0.198,65832,0
G3B,semi-adaptive,Nayuki,3,18,2.5682,276.125,0.307,3596688,0
G3B,semi-adaptive,Nayuki,3,19,2.3806,154.556,0.203,181184,0
G3B,semi-adaptive,Nayuki,3,20,2.3750,193.172,0.253,19535424,0
G3B,semi-adaptive,Nayuki,3,21,2.3063,245.671,0.249,20973696,0
G3B,semi-adaptive,Nayuki,3,22,2.3923,196.714,0.254,19583696,0
G3B,semi-adaptive,Nayuki,3,23,2.3758,223.264,0.272,142840,346368
G3B,semi-adaptive,Nayuki,3,24,2.3448,85.688,0.159,217096,665672
G3B,semi-adaptive,Nayuki,3,25,2.4507,145.902,0.198,138864,347600
G3B,semi-adaptive,Nayuki,3,26,2.3529,170.224,0.196,17632000,456400
G3B,semi-adaptive,Nayuki,3,27,2.4078,9.955,0.039,-167560,0
G3B,semi-adaptive,Nayuki,3,28,2.3979,365.214,0.361,26086992,0
G3B,semi-adaptive,Nayuki,3,29,2.6238,191.510,0.200,2808,0
G3B,semi-adaptive,Nayuki,3,30,2.2857,43.818,0.100,6291456,0
G3B,semi-adaptive,Nayuki,3,31,2.5679,86.863,0.143,11146456,0
G3B,semi-adaptive,Nayuki,3,32,2.4199,143.333,0.200,1707280,0
G3B,semi-adaptive,Nayuki,3,33,2.5205,3.764,0.029,1063768,41032
G3B,semi-adaptive,Nayuki,3,34,2.2923,279.374,0.282,-2582536,0
G3B,semi-adaptive,Nayuki,3,35,2.2564,191.726,0.178,-22560,0
G3B,semi-adaptive,Nayuki,3,36,2.4160,283.237,0.288,17727648,0
G3B,semi-adaptive,Nayuki,3,37,2.4859,290.917,0.315,-2315624,665664
G3B,semi-adaptive,Nayuki,3,38,2.3978,311.995,0.325,5654096,98200
G3B,semi-adaptive,Nayuki,4,1,2.7803,190.748,0.221,13510896,0
G3B,semi-adaptive,Nayuki,4,2,2.5891,132.293,0.152,440104,0
G3B,semi-adaptive,Nayuki,4,3,2.4091,285.347,0.298,14266888,166568
G3B,semi-adaptive,Nayuki,4,4,2.2968,187.748,0.218,232744,0
G3B,semi-adaptive,Nayuki,4,5,2.3741,407.175,0.375,-9061976,0
G3B,semi-adaptive,Nayuki,4,6,2.4390,225.509,0.249,782208,0
G3B,semi-adaptive,Nayuki,4,7,2.3298,158.629,0.220,9060008,752520
G3B,semi-adaptive,Nayuki,4,8,2.3371,287.637,0.289,-2822552,0
G3B,semi-adaptive,Nayuki,4,9,2.3804,218.944,0.259,1389856,215344
G3B,semi-adaptive,Nayuki,4,10,2.2891,248.627,0.258,22573768,0
G3B,semi-adaptive,Nayuki,4,11,2.4049,204.004,0.254,20038840,0
G3B,semi-adaptive,Nayuki,4,12,2.3123,161.380,0.217,16777216,373480
G3B,semi-adaptive,Nayuki,4,13,2.5263,262.947,0.268,16584024,596632
G3B,semi-adaptive,Nayuki,4,14,2.1897,322.562,0.309,15641120,0
G3B,semi-adaptive,Nayuki,4,15,2.3813,172.810,0.178,149504,223056
G3B,semi-adaptive,Nayuki,4,16,2.5487,12.707,0.062,-67504,83016
G3B,semi-adaptive,Nayuki,4,17,2.2585,164.009,0.194,-110336,0
G3B,semi-adaptive,Nayuki,4,18,2.5682,275.477,0.304,3880992,0
G3B,semi-adaptive,Nayuki,4,19,2.3806,168.360,0.203,-3005776,0
G3B,semi-adaptive,Nayuki,4,20,2.3750,213.545,0.258,503776,541472
G3B,semi-adaptive,Nayuki,4,21,2.3063,248.120,0.272,8530200,0
G3B,semi-adaptive,Nayuki,4,22,2.3923,194.782,0.331,-5903272,0
G3B,semi-adaptive,Nayuki,4,23,2.3758,239.780,0.298,12724576,0
G3B,semi-adaptive,Nayuki,4,24,2.3448,78.116,0.159,9823208,662592
G3B,semi-adaptive,Nayuki,4,25,2.4507,143.886,0.195,26336,352176
G3B,semi-adaptive,Nayuki,4,26,2.3529,185.986,0.213,1824064,0
G3B,semi-adaptive,Nayuki,4,27,2.4078,10.235,0.038,-61848,0
G3B,semi-adaptive,Nayuki,4,28,2.3979,381.908,0.366,9305872,540064
G3B,semi-adaptive,Nayuki,4,29,2.6238,207.026,0.209,-5021584,207480
G3B,semi-adaptive,Nayuki,4,30,2.2857,43.888,0.103,6955528,41688
G3B,semi-adaptive,Nayuki,4,31,2.5679,94.891,0.149,171512,0
G3B,semi-adaptive,Nayuki,4,32,2.4199,143.550,0.186,-50160,0
G3B,semi-adaptive,Nayuki,4,33,2.5205,3.831,0.028,1062600,40936
G3B,semi-adaptive,Nayuki,4,34,2.2923,284.629,0.285,-19108824,122464
G3B,semi-adaptive,Nayuki,4,35,2.2564,195.704,0.196,19807080,0
G3B,semi-adaptive,Nayuki,4,36,2.4160,257.729,0.288,-5706664,0
G3B,semi-adaptive,Nayuki,4,37,2.4859,280.222,0.293,10779112,0
G3B,semi-adaptive,Nayuki,4,38,2.3978,318.400,0.312,7799960,0
G3B,semi-adaptive,Nayuki,5,1,2.7803,190.375,0.221,18312344,0
G3B,semi-adaptive,Nayuki,5,2,2.5891,133.800,0.155,558168,0
G3B,semi-adaptive,Nayuki,5,3,2.4091,276.424,0.287,3875944,0
G3B,semi-adaptive,Nayuki,5,4,2.2968,176.495,0.214,18019296,0
G3B,semi-adaptive,Nayuki,5,5,2.3741,410.375,0.380,-14680856,0
G3B,semi-adaptive,Nayuki,5,6,2.4390,229.257,0.293,-7926992,0
G3B,semi-adaptive,Nayuki,5,7,2.3298,147.279,0.191,-43976,0
G3B,semi-adaptive,Nayuki,5,8,2.3371,296.128,0.285,17952752,0
G3B,semi-adaptive,Nayuki,5,9,2.3804,219.350,0.243,472176,0
G3B,semi-adaptive,Nayuki,5,10,2.2891,259.146,0.284,14049328,98400
G3B,semi-adaptive,Nayuki,5,11,2.4049,219.331,0.255,572896,219064
G3B,semi-adaptive,Nayuki,5,12,2.3123,163.195,0.213,16777216,0
G3B,semi-adaptive,Nayuki,5,13,2.5263,266.718,0.274,5003872,0
G3B,semi-adaptive,Nayuki,5,14,2.1897,322.180,0.317,23862504,0
G3B,semi-adaptive,Nayuki,5,15,2.3813,172.043,0.173,0,0
G3B,semi-adaptive,Nayuki,5,16,2.5487,13.125,0.054,-60160,82928
G3B,semi-adaptive,Nayuki,5,17,2.2585,167.771,0.199,151264,0
G3B,semi-adaptive,Nayuki,5,18,2.5682,275.285,0.323,-1437704,0
G3B,semi-adaptive,Nayuki,5,19,2.3806,152.117,0.196,554208,0
G3B,semi-adaptive,Nayuki,5,20,2.3750,193.519,0.255,19534792,0
G3B,semi-adaptive,Nayuki,5,21,2.3063,217.162,0.247,20971504,0
G3B,semi-adaptive,Nayuki,5,22,2.3923,182.001,0.234,18252320,373624
G3B,semi-adaptive,Nayuki,5,23,2.3758,231.300,0.269,22000512,0
G3B,semi-adaptive,Nayuki,5,24,2.3448,85.873,0.151,681104,665584
G3B,semi-adaptive,Nayuki,5,25,2.4507,144.897,0.195,151168,347552
G3B,semi-adaptive,Nayuki,5,26,2.3529,169.800,0.195,17632000,0
G3B,semi-adaptive,Nayuki,5,27,2.4078,8.965,0.039,2097152,0
G3B,semi-adaptive,Nayuki,5,28,2.3979,375.932,0.367,24875312,0
G3B,semi-adaptive,Nayuki,5,29,2.6238,193.677,0.203,-7898912,0
G3B,semi-adaptive,Nayuki,5,30,2.2857,43.642,0.109,6291456,123800
G3B,semi-adaptive,Nayuki,5,31,2.5679,94.989,0.162,642632,0
G3B,semi-adaptive,Nayuki,5,32,2.4199,142.855,0.185,-44200,0
G3B,semi-adaptive,Nayuki,5,33,2.5205,3.654,0.029,1059744,40944
G3B,semi-adaptive,Nayuki,5,34,2.2923,276.554,0.300,1622952,912280
G3B,semi-adaptive,Nayuki,5,35,2.2564,194.372,0.179,36680,0
G3B,semi-adaptive,Nayuki,5,36,2.4160,290.508,0.295,8920576,0
G3B,semi-adaptive,Nayuki,5,37,2.4859,271.817,0.303,-6265968,0
G3B,semi-adaptive,Nayuki,5,38,2.3978,312.968,0.313,2271752,97848
G3B,adaptive,BigDecimal,1,1,2.9180,278.164,7.507,15573288,16777216
G3B,adaptive,BigDecimal,1,2,2.7745,202.442,7.660,22939344,-56619520
G3B,adaptive,BigDecimal,1,3,2.5653,437.129,8.478,15602952,18874368
G3B,adaptive,BigDecimal,1,4,2.4645,256.108,7.293,57457832,18874536
G3B,adaptive,BigDecimal,1,5,2.5287,577.494,11.371,53852784,25165824
G3B,adaptive,BigDecimal,1,6,2.6037,329.825,7.861,12384760,18874368
G3B,adaptive,BigDecimal,1,7,2.5123,230.105,7.749,21360776,-52420648
G3B,adaptive,BigDecimal,1,8,2.5140,427.287,9.153,34457008,20971520
G3B,adaptive,BigDecimal,1,9,2.5521,308.813,8.954,25214608,12016120
G3B,adaptive,BigDecimal,1,10,2.4543,332.030,9.430,24067904,-7696672
G3B,adaptive,BigDecimal,1,11,2.5675,307.701,7.816,22983872,18874368
G3B,adaptive,BigDecimal,1,12,2.4950,264.297,7.256,15688456,16777216
G3B,adaptive,BigDecimal,1,13,2.6725,358.486,8.780,55541888,20971520
G3B,adaptive,BigDecimal,1,14,2.3469,459.466,9.064,38728952,20971520
G3B,adaptive,BigDecimal,1,15,2.5585,260.382,7.503,14292728,15726592
G3B,adaptive,BigDecimal,1,16,2.8319,19.349,1.870,6130336,4194304
G3B,adaptive,BigDecimal,1,17,2.4286,253.699,7.092,51847792,14680056
G3B,adaptive,BigDecimal,1,18,2.7102,434.056,9.714,26115792,22018048
G3B,adaptive,BigDecimal,1,19,2.5363,238.088,7.364,22967408,-54527376
G3B,adaptive,BigDecimal,1,20,2.5344,336.422,9.654,15594216,-14732976
G3B,adaptive,BigDecimal,1,21,2.4775,370.325,8.916,39491168,17827840
G3B,adaptive,BigDecimal,1,22,2.5563,293.773,7.345,67285968,15726592
G3B,adaptive,BigDecimal,1,23,2.5152,361.347,9.253,30904080,17823744
G3B,adaptive,BigDecimal,1,24,2.5603,125.641,5.235,17534456,11532288
G3B,adaptive,BigDecimal,1,25,2.6197,228.964,6.230,10434664,14680064
G3B,adaptive,BigDecimal,1,26,2.5392,264.334,8.492,26481336,-52421480
G3B,adaptive,BigDecimal,1,27,2.7476,15.389,1.229,4073912,2097152
G3B,adaptive,BigDecimal,1,28,2.5401,566.222,13.231,11431592,-68161872
G3B,adaptive,BigDecimal,1,29,2.8006,269.000,7.092,11343792,16777216
G3B,adaptive,BigDecimal,1,30,2.5132,83.427,4.699,32041184,-46126688
G3B,adaptive,BigDecimal,1,31,2.7366,166.352,5.936,4147280,-55560544
G3B,adaptive,BigDecimal,1,32,2.6014,227.321,6.333,12521376,15726592
G3B,adaptive,BigDecimal,1,33,2.8630,6.110,1.728,6166376,1341608
G3B,adaptive,BigDecimal,1,34,2.4556,386.581,8.281,66013792,18874368
G3B,adaptive,BigDecimal,1,35,2.4551,265.738,7.466,3036096,16777216
G3B,adaptive,BigDecimal,1,36,2.5726,432.099,8.411,11389488,18874368
G3B,adaptive,BigDecimal,1,37,2.6243,448.244,8.713,76349280,19924992
G3B,adaptive,BigDecimal,1,38,2.5422,486.043,10.401,50216448,-70249520
G3B,adaptive,BigDecimal,2,1,2.9180,296.116,7.480,7131056,15726592
G3B,adaptive,BigDecimal,2,2,2.7745,212.160,6.065,18825728,14680064
G3B,adaptive,BigDecimal,2,3,2.5653,425.549,8.972,51357464,18874368
G3B,adaptive,BigDecimal,2,4,2.4645,265.935,7.371,9330072,17827840
G3B,adaptive,BigDecimal,2,5,2.5287,584.576,11.508,80602800,25165824
G3B,adaptive,BigDecimal,2,6,2.6037,317.210,7.988,6090568,18874368
G3B,adaptive,BigDecimal,2,7,2.5123,222.150,7.422,15153288,14680064
G3B,adaptive,BigDecimal,2,8,2.5140,411.477,9.186,49180800,20971520
G3B,adaptive,BigDecimal,2,9,2.5521,325.191,7.885,26094320,18874368
G3B,adaptive,BigDecimal,2,10,2.4543,348.703,8.143,7191176,19920896
G3B,adaptive,BigDecimal,2,11,2.5675,311.914,7.995,16630936,18874368
G3B,adaptive,BigDecimal,2,12,2.4950,242.576,6.870,15665168,16777216
G3B,adaptive,BigDecimal,2,13,2.6725,381.856,9.748,28150768,-52424704
G3B,adaptive,BigDecimal,2,14,2.3469,471.090,11.399,15585560,20971520
G3B,adaptive,BigDecimal,2,15,2.5585,245.944,7.516,16268560,15726592
G3B,adaptive,BigDecimal,2,16,2.8319,19.959,1.883,1975768,4194304
G3B,adaptive,BigDecimal,2,17,2.4286,233.605,6.182,51842504,14680064
G3B,adaptive,BigDecimal,2,18,2.7102,448.922,9.462,6553840,22018048
G3B,adaptive,BigDecimal,2,19,2.5363,235.644,6.734,1932488,14680064
G3B,adaptive,BigDecimal,2,20,2.5344,346.329,7.751,47150312,16777216
G3B,adaptive,BigDecimal,2,21,2.4775,350.686,7.842,13415952,17827840
G3B,adaptive,BigDecimal,2,22,2.5563,279.839,7.063,16697184,15726592
G3B,adaptive,BigDecimal,2,23,2.5152,371.216,7.893,51231840,16777216
G3B,adaptive,BigDecimal,2,24,2.5603,124.903,4.750,55327288,11536384
G3B,adaptive,BigDecimal,2,25,2.6197,212.948,7.688,53255360,14679896
G3B,adaptive,BigDecimal,2,26,2.5392,297.878,8.952,60439936,-12624944
G3B,adaptive,BigDecimal,2,27,2.7476,13.552,1.760,1937784,-35128
G3B,adaptive,BigDecimal,2,28,2.5401,543.781,9.863,64383584,22022144
G3B,adaptive,BigDecimal,2,29,2.8006,300.865,7.963,9289168,16777216
G3B,adaptive,BigDecimal,2,30,2.5132,84.612,3.452,28018536,8102584
G3B,adaptive,BigDecimal,2,31,2.7366,154.118,6.414,6005624,-51368328
G3B,adaptive,BigDecimal,2,32,2.6014,221.629,6.274,14586528,15726592
G3B,adaptive,BigDecimal,2,33,2.8630,6.335,1.730,6166576,1343336
G3B,adaptive,BigDecimal,2,34,2.4556,406.690,8.090,8320304,18874368
G3B,adaptive,BigDecimal,2,35,2.4551,261.231,7.057,5135200,16777216
G3B,adaptive,BigDecimal,2,36,2.5726,420.404,8.267,47130064,18874368
G3B,adaptive,BigDecimal,2,37,2.6243,429.680,9.276,38701040,19924992
G3B,adaptive,BigDecimal,2,38,2.5422,471.260,10.841,46040448,-70249912
G3B,adaptive,BigDecimal,3,1,2.9180,280.009,7.306,7130808,15728640
G3B,adaptive,BigDecimal,3,2,2.7745,222.228,8.401,22941792,-56615360
G3B,adaptive,BigDecimal,3,3,2.5653,425.508,8.443,15581000,18874368
G3B,adaptive,BigDecimal,3,4,2.4645,270.232,7.686,7232504,17827840
G3B,adaptive,BigDecimal,3,5,2.5287,608.617,11.618,74345176,25165824
G3B,adaptive,BigDecimal,3,6,2.6037,330.808,7.955,29197024,18874368
G3B,adaptive,BigDecimal,3,7,2.5123,236.370,6.332,7265296,14680064
G3B,adaptive,BigDecimal,3,8,2.5140,420.195,9.311,68133072,20971520
G3B,adaptive,BigDecimal,3,9,2.5521,305.351,9.761,70617696,300544
G3B,adaptive,BigDecimal,3,10,2.4543,315.740,10.984,59948504,1360744
G3B,adaptive,BigDecimal,3,11,2.5675,323.021,10.261,71315192,-34349776
G3B,adaptive,BigDecimal,3,12,2.4950,263.549,6.926,19841768,16777216
G3B,adaptive,BigDecimal,3,13,2.6725,384.522,9.457,23970192,-54517256
G3B,adaptive,BigDecimal,3,14,2.3469,465.473,9.453,32410968,20971520
G3B,adaptive,BigDecimal,3,15,2.5585,238.620,7.579,14296320,15726592
G3B,adaptive,BigDecimal,3,16,2.8319,19.450,1.870,6130328,4194304
G3B,adaptive,BigDecimal,3,17,2.4286,254.371,6.588,50541424,14680064
G3B,adaptive,BigDecimal,3,18,2.7102,444.237,10.387,44566432,-73399512
G3B,adaptive,BigDecimal,3,19,2.5363,238.056,6.983,6104224,14680064
G3B,adaptive,BigDecimal,3,20,2.5344,337.690,7.601,47122520,16777216
G3B,adaptive,BigDecimal,3,21,2.4775,360.596,8.572,32399624,13936664
G3B,adaptive,BigDecimal,3,22,2.5563,296.698,7.028,18761776,15726592
G3B,adaptive,BigDecimal,3,23,2.5152,370.385,7.758,53329984,16777216
G3B,adaptive,BigDecimal,3,24,2.5603,131.949,5.358,19781960,11532288
G3B,adaptive,BigDecimal,3,25,2.6197,216.115,6.395,10414488,14680064
G3B,adaptive,BigDecimal,3,26,2.5392,268.249,7.078,18809488,16777216
G3B,adaptive,BigDecimal,3,27,2.7476,13.087,1.720,10241024,-6450088
G3B,adaptive,BigDecimal,3,28,2.5401,550.203,10.150,61973752,22022144
G3B,adaptive,BigDecimal,3,29,2.8006,275.068,9.697,68241696,-36293480
G3B,adaptive,BigDecimal,3,30,2.5132,77.989,3.873,30402280,8388608
G3B,adaptive,BigDecimal,3,31,2.7366,150.238,6.094,34684920,11536384
G3B,adaptive,BigDecimal,3,32,2.6014,224.932,6.698,53157720,15427840
G3B,adaptive,BigDecimal,3,33,2.8630,6.145,9.106,6168128,-2771936
G3B,adaptive,BigDecimal,3,34,2.4556,410.665,8.117,33526656,18874368
G3B,adaptive,BigDecimal,3,35,2.4551,270.826,7.201,5126856,16777216
G3B,adaptive,BigDecimal,3,36,2.5726,435.952,8.376,47134176,18874368
G3B,adaptive,BigDecimal,3,37,2.6243,433.970,10.439,78461752,-70242336
G3B,adaptive,BigDecimal,3,38,2.5422,469.611,9.641,37600376,22022144
G3B,adaptive,BigDecimal,4,1,2.9180,288.532,8.901,42871504,-59769024
G3B,adaptive,BigDecimal,4,2,2.7745,212.576,6.233,46305936,14680064
G3B,adaptive,BigDecimal,4,3,2.5653,434.150,8.641,19239656,18874368
G3B,adaptive,BigDecimal,4,4,2.4645,265.617,7.272,7226568,17827840
G3B,adaptive,BigDecimal,4,5,2.5287,591.929,13.387,11484544,-67109464
G3B,adaptive,BigDecimal,4,6,2.6037,316.983,7.907,18720512,18874368
G3B,adaptive,BigDecimal,4,7,2.5123,213.268,7.248,17754672,14680064
G3B,adaptive,BigDecimal,4,8,2.5140,412.628,9.259,38681816,20971520
G3B,adaptive,BigDecimal,4,9,2.5521,320.594,10.014,68257272,-4251640
G3B,adaptive,BigDecimal,4,10,2.4543,335.016,8.346,59759304,19920896
G3B,adaptive,BigDecimal,4,11,2.5675,309.031,7.778,29257296,18874368
G3B,adaptive,BigDecimal,4,12,2.4950,248.509,8.089,4943616,-50331416
G3B,adaptive,BigDecimal,4,13,2.6725,369.885,8.861,55520624,20971520
G3B,adaptive,BigDecimal,4,14,2.3469,463.541,8.940,17684176,20971520
G3B,adaptive,BigDecimal,4,15,2.5585,263.012,6.558,12475296,15726592
G3B,adaptive,BigDecimal,4,16,2.8319,26.433,2.138,1979784,4194304
G3B,adaptive,BigDecimal,4,17,2.4286,260.257,6.874,1977320,14680064
G3B,adaptive,BigDecimal,4,18,2.7102,445.945,9.698,76519536,20971520
G3B,adaptive,BigDecimal,4,19,2.5363,247.811,6.932,17609008,14680064
G3B,adaptive,BigDecimal,4,20,2.5344,337.416,7.629,52363248,16777216
G3B,adaptive,BigDecimal,4,21,2.4775,347.135,9.662,30321664,-13689224
G3B,adaptive,BigDecimal,4,22,2.5563,301.355,7.610,24991040,-59773312
G3B,adaptive,BigDecimal,4,23,2.5152,371.392,9.220,5173232,-74447640
G3B,adaptive,BigDecimal,4,24,2.5603,125.123,6.054,13011264,-17862912
G3B,adaptive,BigDecimal,4,25,2.6197,235.241,6.289,34936280,14680064
G3B,adaptive,BigDecimal,4,26,2.5392,262.188,6.877,6217384,16777216
G3B,adaptive,BigDecimal,4,27,2.7476,12.779,8.159,10267288,-6494464
G3B,adaptive,BigDecimal,4,28,2.5401,549.747,9.931,56444672,22022144
G3B,adaptive,BigDecimal,4,29,2.8006,285.398,7.445,24028256,16777216
G3B,adaptive,BigDecimal,4,30,2.5132,71.868,3.407,27992864,8114728
G3B,adaptive,BigDecimal,4,31,2.7366,156.170,6.278,4126176,-53469904
G3B,adaptive,BigDecimal,4,32,2.6014,224.970,6.454,14638304,15726592
G3B,adaptive,BigDecimal,4,33,2.8630,6.262,0.726,6166576,1343336
G3B,adaptive,BigDecimal,4,34,2.4556,408.727,9.540,8318240,-73398472
G3B,adaptive,BigDecimal,4,35,2.4551,261.897,7.264,24059784,16777216
G3B,adaptive,BigDecimal,4,36,2.5726,423.931,8.456,30315656,18874368
G3B,adaptive,BigDecimal,4,37,2.6243,449.217,8.704,82657168,19924992
G3B,adaptive,BigDecimal,4,38,2.5422,468.651,11.163,35482840,-68144744
G3B,adaptive,BigDecimal,5,1,2.9180,294.025,7.312,9237864,16777216
G3B,adaptive,BigDecimal,5,2,2.7745,202.961,8.266,42285432,-44034792
G3B,adaptive,BigDecimal,5,3,2.5653,432.042,9.232,34501720,-71293656
G3B,adaptive,BigDecimal,5,4,2.4645,265.992,8.727,13739536,-57659816
G3B,adaptive,BigDecimal,5,5,2.5287,603.182,11.139,78496184,24119296
G3B,adaptive,BigDecimal,5,6,2.6037,324.332,7.952,27113200,18874368
G3B,adaptive,BigDecimal,5,7,2.5123,215.075,6.803,17759424,14680064
G3B,adaptive,BigDecimal,5,8,2.5140,488.982,9.613,59744544,20971520
G3B,adaptive,BigDecimal,5,9,2.5521,322.782,9.272,70062416,-8340272
G3B,adaptive,BigDecimal,5,10,2.4543,338.447,8.580,28213704,19920896
G3B,adaptive,BigDecimal,5,11,2.5675,305.471,8.139,37689296,18874368
G3B,adaptive,BigDecimal,5,12,2.4950,258.773,6.867,19852976,16777216
G3B,adaptive,BigDecimal,5,13,2.6725,379.865,9.640,38644904,-52439392
G3B,adaptive,BigDecimal,5,14,2.3469,465.335,9.160,15587560,20971520
G3B,adaptive,BigDecimal,5,15,2.5585,249.079,6.583,12471512,15726592
G3B,adaptive,BigDecimal,5,16,2.8319,25.973,2.119,1977016,4194304
G3B,adaptive,BigDecimal,5,17,2.4286,245.218,6.455,50253560,14680064
G3B,adaptive,BigDecimal,5,18,2.7102,462.389,9.494,-28032,22018048
G3B,adaptive,BigDecimal,5,19,2.5363,257.761,7.324,23850912,14680064
G3B,adaptive,BigDecimal,5,20,2.5344,334.489,7.641,29245504,16777216
G3B,adaptive,BigDecimal,5,21,2.4775,346.008,8.675,34236040,17827840
G3B,adaptive,BigDecimal,5,22,2.5563,276.078,8.540,62991112,-30629064
G3B,adaptive,BigDecimal,5,23,2.5152,367.646,8.046,15669936,17823744
G3B,adaptive,BigDecimal,5,24,2.5603,130.265,4.801,17960440,11536384
G3B,adaptive,BigDecimal,5,25,2.6197,229.279,6.762,27240472,14680064
G3B,adaptive,BigDecimal,5,26,2.5392,262.769,6.915,18812968,16777216
G3B,adaptive,BigDecimal,5,27,2.7476,14.564,0.999,4074320,2097152
G3B,adaptive,BigDecimal,5,28,2.5401,562.332,10.797,7236328,-68153312
G3B,adaptive,BigDecimal,5,29,2.8006,273.341,7.393,29843784,16777216
G3B,adaptive,BigDecimal,5,30,2.5132,87.079,4.048,25672424,-12819816
G3B,adaptive,BigDecimal,5,31,2.7366,140.473,5.167,27440032,11536384
G3B,adaptive,BigDecimal,5,32,2.6014,227.924,6.342,27236920,15726592
G3B,adaptive,BigDecimal,5,33,2.8630,6.144,1.787,6167136,1345736
G3B,adaptive,BigDecimal,5,34,2.4556,392.815,8.242,38739736,18874368
G3B,adaptive,BigDecimal,5,35,2.4551,278.810,6.864,15607800,16777216
G3B,adaptive,BigDecimal,5,36,2.5726,445.589,11.565,30352448,18874368
G3B,adaptive,BigDecimal,5,37,2.6243,435.558,11.133,25989680,-70253416
G3B,adaptive,BigDecimal,5,38,2.5422,474.963,11.594,48141472,-9492128
G3B,adaptive,Nayuki,1,1,2.9115,192.977,0.205,18883280,0
G3B,adaptive,Nayuki,1,2,2.7927,139.536,0.154,15179232,0
G3B,adaptive,Nayuki,1,3,2.5682,300.731,0.297,24108224,0
G3B,adaptive,Nayuki,1,4,2.4774,202.025,0.218,18905560,0
G3B,adaptive,Nayuki,1,5,2.5337,402.820,0.378,31186912,0
G3B,adaptive,Nayuki,1,6,2.6098,248.279,0.250,21222384,0
G3B,adaptive,Nayuki,1,7,2.4982,151.971,0.185,16350768,0
G3B,adaptive,Nayuki,1,8,2.5169,289.959,0.286,24743080,0
G3B,adaptive,Nayuki,1,9,2.5521,224.946,0.240,20749616,0
G3B,adaptive,Nayuki,1,10,2.4543,255.786,0.260,22450904,0
G3B,adaptive,Nayuki,1,11,2.5767,233.513,0.249,20551912,0
G3B,adaptive,Nayuki,1,12,2.4983,180.628,0.210,18007560,0
G3B,adaptive,Nayuki,1,13,2.6901,258.847,0.269,22845424,0
G3B,adaptive,Nayuki,1,14,2.3631,331.420,0.311,26273672,125184
G3B,adaptive,Nayuki,1,15,2.5686,174.032,0.176,18444632,0
G3B,adaptive,Nayuki,1,16,2.8319,13.773,0.051,2497528,39648
G3B,adaptive,Nayuki,1,17,2.4490,189.826,0.200,16627560,0
G3B,adaptive,Nayuki,1,18,2.7273,289.785,0.311,24082976,0
G3B,adaptive,Nayuki,1,19,2.5467,157.497,0.207,16354488,0
G3B,adaptive,Nayuki,1,20,2.5500,228.148,0.256,19888216,0
G3B,adaptive,Nayuki,1,21,2.4745,255.861,0.285,21332576,663912
G3B,adaptive,Nayuki,1,22,2.5723,210.556,0.237,19122896,0
G3B,adaptive,Nayuki,1,23,2.5212,254.862,0.266,21225424,0
G3B,adaptive,Nayuki,1,24,2.5517,106.578,0.139,10730456,0
G3B,adaptive,Nayuki,1,25,2.6197,162.646,0.203,15869040,661976
G3B,adaptive,Nayuki,1,26,2.5359,195.248,0.198,18643944,0
G3B,adaptive,Nayuki,1,27,2.7961,9.983,0.056,2099448,41528
G3B,adaptive,Nayuki,1,28,2.5426,389.373,0.369,30083792,118752
G3B,adaptive,Nayuki,1,29,2.8039,185.492,0.204,18933904,0
G3B,adaptive,Nayuki,1,30,2.5397,52.845,0.125,7058904,39952
G3B,adaptive,Nayuki,1,31,2.7325,90.932,0.147,11818048,0
G3B,adaptive,Nayuki,1,32,2.5907,156.487,0.189,15672168,0
G3B,adaptive,Nayuki,1,33,2.8493,3.548,0.028,1083912,0
G3B,adaptive,Nayuki,1,34,2.4527,305.375,0.286,23599256,31584
G3B,adaptive,Nayuki,1,35,2.4615,213.140,0.177,19306592,0
G3B,adaptive,Nayuki,1,36,2.5755,281.657,0.288,24281144,0
G3B,adaptive,Nayuki,1,37,2.6215,300.566,0.295,24084672,0
G3B,adaptive,Nayuki,1,38,2.5504,330.918,0.317,26371664,0
G3B,adaptive,Nayuki,2,1,2.9115,194.200,0.209,18617664,0
G3B,adaptive,Nayuki,2,2,2.7927,136.668,0.157,14928344,0
G3B,adaptive,Nayuki,2,3,2.5682,314.932,0.304,23889992,0
G3B,adaptive,Nayuki,2,4,2.4774,194.577,0.221,18920344,0
G3B,adaptive,Nayuki,2,5,2.5337,395.630,0.401,31056256,0
G3B,adaptive,Nayuki,2,6,2.6098,253.733,0.251,21426368,0
G3B,adaptive,Nayuki,2,7,2.4982,151.165,0.189,16347160,0
G3B,adaptive,Nayuki,2,8,2.5169,299.842,0.283,25137320,0
G3B,adaptive,Nayuki,2,9,2.5521,236.542,0.242,20948272,0
G3B,adaptive,Nayuki,2,10,2.4543,266.934,0.261,22649048,0
G3B,adaptive,Nayuki,2,11,2.5767,248.990,0.250,20746472,0
G3B,adaptive,Nayuki,2,12,2.4983,193.246,0.265,18006024,0
G3B,adaptive,Nayuki,2,13,2.6901,267.318,0.268,22846752,0
G3B,adaptive,Nayuki,2,14,2.3631,326.275,0.311,26496832,0
G3B,adaptive,Nayuki,2,15,2.5686,176.280,0.176,17931992,0
G3B,adaptive,Nayuki,2,16,2.8319,13.968,0.052,2714712,41664
G3B,adaptive,Nayuki,2,17,2.4490,193.297,0.201,16812696,0
G3B,adaptive,Nayuki,2,18,2.7273,298.774,0.313,24272192,0
G3B,adaptive,Nayuki,2,19,2.5467,164.172,0.201,16537832,0
G3B,adaptive,Nayuki,2,20,2.5500,228.633,0.261,20083800,0
G3B,adaptive,Nayuki,2,21,2.4745,245.436,0.256,21767880,665280
G3B,adaptive,Nayuki,2,22,2.5723,206.366,0.247,19084432,0
G3B,adaptive,Nayuki,2,23,2.5212,252.925,0.276,21423632,0
G3B,adaptive,Nayuki,2,24,2.5517,96.972,0.141,10936288,0
G3B,adaptive,Nayuki,2,25,2.6197,170.684,0.209,16068208,661976
G3B,adaptive,Nayuki,2,26,2.5359,196.986,0.207,18254824,0
G3B,adaptive,Nayuki,2,27,2.7961,10.465,0.045,2099448,41528
G3B,adaptive,Nayuki,2,28,2.5426,391.231,0.364,30818784,118752
G3B,adaptive,Nayuki,2,29,2.8039,186.355,0.204,18927248,0
G3B,adaptive,Nayuki,2,30,2.5397,52.214,0.100,7053776,39952
G3B,adaptive,Nayuki,2,31,2.7325,92.439,0.147,11621952,0
G3B,adaptive,Nayuki,2,32,2.5907,165.617,0.190,15668584,0
G3B,adaptive,Nayuki,2,33,2.8493,3.743,0.028,1083912,0
G3B,adaptive,Nayuki,2,34,2.4527,277.824,0.291,23191944,655600
G3B,adaptive,Nayuki,2,35,2.4615,199.047,0.182,18895928,0
G3B,adaptive,Nayuki,2,36,2.5755,292.678,0.300,24084528,0
G3B,adaptive,Nayuki,2,37,2.6215,293.136,0.318,24079552,0
G3B,adaptive,Nayuki,2,38,2.5504,317.250,0.323,26378376,0
G3B,adaptive,Nayuki,3,1,2.9115,188.277,0.204,18448128,0
G3B,adaptive,Nayuki,3,2,2.7927,148.371,0.155,15121592,0
G3B,adaptive,Nayuki,3,3,2.5682,294.648,0.298,24469704,0
G3B,adaptive,Nayuki,3,4,2.4774,192.753,0.220,19119096,0
G3B,adaptive,Nayuki,3,5,2.5337,397.559,0.378,31425928,0
G3B,adaptive,Nayuki,3,6,2.6098,245.428,0.248,21669384,0
G3B,adaptive,Nayuki,3,7,2.4982,146.676,0.189,16490328,0
G3B,adaptive,Nayuki,3,8,2.5169,292.839,0.305,24550480,0
G3B,adaptive,Nayuki,3,9,2.5521,223.789,0.237,20364000,0
G3B,adaptive,Nayuki,3,10,2.4543,251.515,0.262,22840528,0
G3B,adaptive,Nayuki,3,11,2.5767,232.661,0.252,20749032,0
G3B,adaptive,Nayuki,3,12,2.4983,178.469,0.206,17791496,0
G3B,adaptive,Nayuki,3,13,2.6901,261.418,0.269,22647584,0
G3B,adaptive,Nayuki,3,14,2.3631,323.611,0.322,26377408,0
G3B,adaptive,Nayuki,3,15,2.5686,189.492,0.178,17783008,0
G3B,adaptive,Nayuki,3,16,2.8319,14.003,0.051,2717120,41416
G3B,adaptive,Nayuki,3,17,2.4490,182.120,0.211,16640704,0
G3B,adaptive,Nayuki,3,18,2.7273,297.704,0.310,24076128,0
G3B,adaptive,Nayuki,3,19,2.5467,162.514,0.204,16355112,0
G3B,adaptive,Nayuki,3,20,2.5500,228.894,0.263,19897560,0
G3B,adaptive,Nayuki,3,21,2.4745,249.690,0.260,21133416,664032
G3B,adaptive,Nayuki,3,22,2.5723,200.214,0.236,19120848,0
G3B,adaptive,Nayuki,3,23,2.5212,234.728,0.279,21213896,0
G3B,adaptive,Nayuki,3,24,2.5517,110.752,0.172,10934056,107808
G3B,adaptive,Nayuki,3,25,2.6197,148.983,0.203,15887696,661144
G3B,adaptive,Nayuki,3,26,2.5359,188.904,0.193,18474144,0
G3B,adaptive,Nayuki,3,27,2.7961,10.642,0.044,2099440,41536
G3B,adaptive,Nayuki,3,28,2.5426,393.252,0.373,30816720,118784
G3B,adaptive,Nayuki,3,29,2.8039,186.881,0.208,18588344,0
G3B,adaptive,Nayuki,3,30,2.5397,63.691,0.100,7053504,39968
G3B,adaptive,Nayuki,3,31,2.7325,106.895,0.149,11819552,0
G3B,adaptive,Nayuki,3,32,2.5907,169.428,0.187,15667632,0
G3B,adaptive,Nayuki,3,33,2.8493,3.828,0.028,1084128,0
G3B,adaptive,Nayuki,3,34,2.4527,290.547,0.286,23583248,30144
G3B,adaptive,Nayuki,3,35,2.4615,197.816,0.178,19303168,0
G3B,adaptive,Nayuki,3,36,2.5755,298.131,0.295,24082816,0
G3B,adaptive,Nayuki,3,37,2.6215,295.433,0.307,24380400,662984
G3B,adaptive,Nayuki,3,38,2.5504,342.115,0.310,25835416,124720
G3B,adaptive,Nayuki,4,1,2.9115,212.997,0.204,19099288,0
G3B,adaptive,Nayuki,4,2,2.7927,148.242,0.156,14502488,0
G3B,adaptive,Nayuki,4,3,2.5682,293.758,0.291,24279616,0
G3B,adaptive,Nayuki,4,4,2.4774,192.854,0.217,19122112,0
G3B,adaptive,Nayuki,4,5,2.5337,451.528,0.378,31050016,0
G3B,adaptive,Nayuki,4,6,2.6098,236.012,0.245,21432496,0
G3B,adaptive,Nayuki,4,7,2.4982,164.213,0.187,16545816,0
G3B,adaptive,Nayuki,4,8,2.5169,285.899,0.282,24744616,0
G3B,adaptive,Nayuki,4,9,2.5521,237.405,0.244,20751664,0
G3B,adaptive,Nayuki,4,10,2.4543,263.504,0.261,22659288,0
G3B,adaptive,Nayuki,4,11,2.5767,224.849,0.250,20550888,0
G3B,adaptive,Nayuki,4,12,2.4983,196.852,0.208,17984520,0
G3B,adaptive,Nayuki,4,13,2.6901,271.855,0.268,22978736,0
G3B,adaptive,Nayuki,4,14,2.3631,336.751,0.316,26014016,0
G3B,adaptive,Nayuki,4,15,2.5686,191.130,0.181,17979672,0
G3B,adaptive,Nayuki,4,16,2.8319,13.984,0.054,2725712,41480
G3B,adaptive,Nayuki,4,17,2.4490,185.243,0.202,16644728,0
G3B,adaptive,Nayuki,4,18,2.7273,284.519,0.308,24078704,0
G3B,adaptive,Nayuki,4,19,2.5467,161.527,0.202,16743144,0
G3B,adaptive,Nayuki,4,20,2.5500,233.494,0.262,20094552,0
G3B,adaptive,Nayuki,4,21,2.4745,267.476,0.261,21316704,663912
G3B,adaptive,Nayuki,4,22,2.5723,197.480,0.238,19116752,0
G3B,adaptive,Nayuki,4,23,2.5212,248.839,0.266,21410256,0
G3B,adaptive,Nayuki,4,24,2.5517,103.597,0.140,10539480,0
G3B,adaptive,Nayuki,4,25,2.6197,164.875,0.204,15900272,661976
G3B,adaptive,Nayuki,4,26,2.5359,197.426,0.202,18663912,0
G3B,adaptive,Nayuki,4,27,2.7961,10.327,0.046,2099448,41528
G3B,adaptive,Nayuki,4,28,2.5426,398.035,0.364,30814168,118752
G3B,adaptive,Nayuki,4,29,2.8039,185.118,0.205,18928784,0
G3B,adaptive,Nayuki,4,30,2.5397,51.861,0.101,7054800,39952
G3B,adaptive,Nayuki,4,31,2.7325,90.827,0.147,11621952,0
G3B,adaptive,Nayuki,4,32,2.5907,160.531,0.188,15674728,0
G3B,adaptive,Nayuki,4,33,2.8493,3.747,0.027,1083912,0
G3B,adaptive,Nayuki,4,34,2.4527,282.939,0.287,23582360,31584
G3B,adaptive,Nayuki,4,35,2.4615,212.761,0.178,19308104,0
G3B,adaptive,Nayuki,4,36,2.5755,280.055,0.296,24277048,0
G3B,adaptive,Nayuki,4,37,2.6215,302.464,0.298,24390296,663368
G3B,adaptive,Nayuki,4,38,2.5504,313.972,0.310,26010592,0
G3B,adaptive,Nayuki,5,1,2.9115,188.019,0.205,18625920,0
G3B,adaptive,Nayuki,5,2,2.7927,144.025,0.155,14924808,0
G3B,adaptive,Nayuki,5,3,2.5682,298.127,0.288,24280232,0
G3B,adaptive,Nayuki,5,4,2.4774,193.638,0.217,19130776,0
G3B,adaptive,Nayuki,5,5,2.5337,396.138,0.378,31261568,0
G3B,adaptive,Nayuki,5,6,2.6098,247.503,0.255,21629120,0
G3B,adaptive,Nayuki,5,7,2.4982,163.323,0.187,16554520,0
G3B,adaptive,Nayuki,5,8,2.5169,292.535,0.288,25052312,0
G3B,adaptive,Nayuki,5,9,2.5521,241.402,0.247,20687568,0
G3B,adaptive,Nayuki,5,10,2.4543,265.349,0.266,22646408,0
G3B,adaptive,Nayuki,5,11,2.5767,232.864,0.246,20556584,0
G3B,adaptive,Nayuki,5,12,2.4983,178.921,0.218,17971736,0
G3B,adaptive,Nayuki,5,13,2.6901,271.720,0.272,22845744,0
G3B,adaptive,Nayuki,5,14,2.3631,342.729,0.327,25992384,0
G3B,adaptive,Nayuki,5,15,2.5686,179.411,0.177,17990880,0
G3B,adaptive,Nayuki,5,16,2.8319,14.120,0.051,2717632,41416
G3B,adaptive,Nayuki,5,17,2.4490,169.929,0.204,16800448,0
G3B,adaptive,Nayuki,5,18,2.7273,291.410,0.306,24076640,0
G3B,adaptive,Nayuki,5,19,2.5467,169.848,0.203,16353576,0
G3B,adaptive,Nayuki,5,20,2.5500,219.223,0.258,20080344,0
G3B,adaptive,Nayuki,5,21,2.4745,248.020,0.260,21331560,664032
G3B,adaptive,Nayuki,5,22,2.5723,196.711,0.236,19316432,0
G3B,adaptive,Nayuki,5,23,2.5212,235.910,0.276,21409480,0
G3B,adaptive,Nayuki,5,24,2.5517,122.680,0.154,10535720,107808
G3B,adaptive,Nayuki,5,25,2.6197,164.933,0.202,15691600,661144
G3B,adaptive,Nayuki,5,26,2.5359,187.310,0.195,18668704,0
G3B,adaptive,Nayuki,5,27,2.7961,10.683,0.045,2099440,41536
G3B,adaptive,Nayuki,5,28,2.5426,389.835,0.375,29243648,119240
G3B,adaptive,Nayuki,5,29,2.8039,194.890,0.201,18867576,0
G3B,adaptive,Nayuki,5,30,2.5397,52.257,0.101,7193304,40456
G3B,adaptive,Nayuki,5,31,2.7325,92.722,0.147,11831856,0
G3B,adaptive,Nayuki,5,32,2.5907,169.865,0.188,15485144,0
G3B,adaptive,Nayuki,5,33,2.8493,3.737,0.027,1085008,0
G3B,adaptive,Nayuki,5,34,2.4527,281.368,0.301,23321008,656112
G3B,adaptive,Nayuki,5,35,2.4615,204.248,0.183,19244384,0
G3B,adaptive,Nayuki,5,36,2.5755,288.158,0.296,24280144,0
G3B,adaptive,Nayuki,5,37,2.6215,289.373,0.298,24276176,0
G3B,adaptive,Nayuki,5,38,2.5504,320.343,0.339,26378376,0
G4B,static,BigDecimal,1,1,3.1246,331.351,5.500,93080272,10485760
G4B,static,BigDecimal,1,2,2.7527,244.808,4.340,46959736,10485760
G4B,static,BigDecimal,1,3,2.6250,583.480,7.470,100754328,15726592
G4B,static,BigDecimal,1,4,2.5968,298.298,5.713,66569248,13633536
G4B,static,BigDecimal,1,5,2.6359,768.260,7.845,74305592,19920896
G4B,static,BigDecimal,1,6,2.6677,406.031,6.326,71044808,13629440
G4B,static,BigDecimal,1,7,2.5474,241.988,4.686,3038760,11536384
G4B,static,BigDecimal,1,8,2.5927,509.296,8.078,1865720,15726592
G4B,static,BigDecimal,1,9,2.6503,351.511,6.345,58532648,14680064
G4B,static,BigDecimal,1,10,2.5634,458.589,6.819,78455056,14680064
G4B,static,BigDecimal,1,11,2.6595,410.785,6.261,25489928,13629440
G4B,static,BigDecimal,1,12,2.5714,274.570,5.361,2406816,12582912
G4B,static,BigDecimal,1,13,2.7310,480.000,7.203,78105384,15730688
G4B,static,BigDecimal,1,14,2.4878,610.209,7.604,140157416,14680064
G4B,static,BigDecimal,1,15,2.6321,295.972,4.842,68897208,11532288
G4B,static,BigDecimal,1,16,2.6814,23.734,0.787,8651760,1050624
G4B,static,BigDecimal,1,17,2.5816,371.998,5.353,24326744,-110087608
G4B,static,BigDecimal,1,18,2.7841,584.134,7.876,143191888,15730688
G4B,static,BigDecimal,1,19,2.5709,344.917,5.080,22886080,10485760
G4B,static,BigDecimal,1,20,2.7688,448.564,5.980,39717528,11536384
G4B,static,BigDecimal,1,21,2.6577,454.987,6.208,108556736,12582912
G4B,static,BigDecimal,1,22,2.7974,412.508,5.594,182669624,11532288
G4B,static,BigDecimal,1,23,2.7788,489.842,6.074,45916976,12582912
G4B,static,BigDecimal,1,24,2.5819,159.832,3.569,21953960,7342080
G4B,static,BigDecimal,1,25,2.6408,264.138,4.968,66265360,10485760
G4B,static,BigDecimal,1,26,2.6275,300.023,8.007,39741784,-81789640
G4B,static,BigDecimal,1,27,2.6505,16.853,0.303,5716080,1046528
G4B,static,BigDecimal,1,28,2.6331,720.509,10.117,29230432,-176159624
G4B,static,BigDecimal,1,29,2.7974,324.744,6.081,63832696,12582912
G4B,static,BigDecimal,1,30,2.5873,99.555,2.199,34918976,4194304
G4B,static,BigDecimal,1,31,2.8025,192.812,3.472,83465792,8388608
G4B,static,BigDecimal,1,32,2.6441,267.238,4.795,24996752,11532288
G4B,static,BigDecimal,1,33,2.7123,6.447,0.194,7544760,417064
G4B,static,BigDecimal,1,34,2.5501,534.051,7.086,125782216,14680064
G4B,static,BigDecimal,1,35,2.5224,299.625,4.973,30263432,11532288
G4B,static,BigDecimal,1,36,2.6353,558.803,7.194,53365064,13629440
G4B,static,BigDecimal,1,37,2.6497,583.924,7.404,65806576,15730688
G4B,static,BigDecimal,1,38,2.5749,643.186,8.214,16521232,16777216
G4B,static,BigDecimal,2,1,3.1246,338.171,5.780,127104368,10485760
G4B,static,BigDecimal,2,2,2.7527,276.688,4.392,99936792,10485760
G4B,static,BigDecimal,2,3,2.6250,572.483,7.822,84721104,-76550824
G4B,static,BigDecimal,2,4,2.5968,302.048,6.680,31970832,-110092176
G4B,static,BigDecimal,2,5,2.6359,767.465,7.911,19822784,19920896
G4B,static,BigDecimal,2,6,2.6677,406.766,6.342,94223512,13629440
G4B,static,BigDecimal,2,7,2.5474,247.570,4.657,54626328,11536384
G4B,static,BigDecimal,2,8,2.5927,506.741,8.139,115149368,-74451936
G4B,static,BigDecimal,2,9,2.6503,357.464,6.609,11590880,14680064
G4B,static,BigDecimal,2,10,2.5634,440.465,7.327,27040864,-75489168
G4B,static,BigDecimal,2,11,2.6595,398.217,6.269,110069544,13629440
G4B,static,BigDecimal,2,12,2.5714,279.580,5.929,21812000,12582912
G4B,static,BigDecimal,2,13,2.7310,508.823,7.345,76416200,14680064
G4B,static,BigDecimal,2,14,2.4878,638.381,7.352,95270936,15726592
G4B,static,BigDecimal,2,15,2.6321,282.119,4.872,107245232,11532288
G4B,static,BigDecimal,2,16,2.6814,25.303,0.594,2486688,1050624
G4B,static,BigDecimal,2,17,2.5816,360.893,5.177,122598136,9435136
G4B,static,BigDecimal,2,18,2.7841,607.911,7.890,15604288,15730688
G4B,static,BigDecimal,2,19,2.5709,346.322,4.906,14420368,10485760
G4B,static,BigDecimal,2,20,2.7688,447.811,6.016,60141176,11536384
G4B,static,BigDecimal,2,21,2.6577,468.049,6.376,37489600,12582912
G4B,static,BigDecimal,2,22,2.7974,419.061,5.605,1409304,11532288
G4B,static,BigDecimal,2,23,2.7788,467.955,6.090,60639520,12582912
G4B,static,BigDecimal,2,24,2.5819,158.659,3.545,64625576,7342080
G4B,static,BigDecimal,2,25,2.6408,280.307,4.650,68210792,10485760
G4B,static,BigDecimal,2,26,2.6275,327.095,5.713,8299864,12582912
G4B,static,BigDecimal,2,27,2.6505,16.292,0.392,3574712,1046528
G4B,static,BigDecimal,2,28,2.6331,725.955,9.172,33432744,16777216
G4B,static,BigDecimal,2,29,2.7974,328.573,6.442,58661160,12582912
G4B,static,BigDecimal,2,30,2.5873,99.657,2.219,51982632,4194304
G4B,static,BigDecimal,2,31,2.8025,201.038,3.728,80609320,8388608
G4B,static,BigDecimal,2,32,2.6441,256.698,5.021,29780176,11532288
G4B,static,BigDecimal,2,33,2.7123,6.653,1.127,7550648,209344
G4B,static,BigDecimal,2,34,2.5501,555.822,7.490,68632904,14680064
G4B,static,BigDecimal,2,35,2.5224,292.904,5.098,25038696,11532288
G4B,static,BigDecimal,2,36,2.6353,563.516,7.242,53341480,14680064
G4B,static,BigDecimal,2,37,2.6497,591.880,7.477,14559096,15730688
G4B,static,BigDecimal,2,38,2.5749,631.480,8.695,117157128,-79683624
G4B,static,BigDecimal,3,1,3.1246,343.905,7.554,104460592,-94370176
G4B,static,BigDecimal,3,2,2.7527,260.172,4.346,48306280,10485760
G4B,static,BigDecimal,3,3,2.6250,578.356,8.201,38715192,-191886088
G4B,static,BigDecimal,3,4,2.5968,299.400,5.797,2772824,13633536
G4B,static,BigDecimal,3,5,2.6359,753.234,7.790,87873720,18874368
G4B,static,BigDecimal,3,6,2.6677,432.401,6.311,30202360,13629440
G4B,static,BigDecimal,3,7,2.5474,238.554,5.512,22883512,11536384
G4B,static,BigDecimal,3,8,2.5927,511.370,7.479,41770552,15726592
G4B,static,BigDecimal,3,9,2.6503,363.221,6.513,66873168,14680064
G4B,static,BigDecimal,3,10,2.5634,449.389,6.863,18701616,14680064
G4B,static,BigDecimal,3,11,2.6595,395.933,6.668,112968264,13629440
G4B,static,BigDecimal,3,12,2.5714,279.553,5.564,21812280,12582912
G4B,static,BigDecimal,3,13,2.7310,501.637,7.338,42783280,15730688
G4B,static,BigDecimal,3,14,2.4878,607.131,7.483,23933040,14680064
G4B,static,BigDecimal,3,15,2.6321,289.652,5.947,76207816,-82839048
G4B,static,BigDecimal,3,16,2.6814,24.818,1.450,13388032,-34927240
G4B,static,BigDecimal,3,17,2.5816,364.432,5.171,24361864,9435136
G4B,static,BigDecimal,3,18,2.7841,604.217,7.911,35244336,15730688
G4B,static,BigDecimal,3,19,2.5709,349.998,5.213,43866496,10485760
G4B,static,BigDecimal,3,20,2.7688,445.166,6.007,138335872,11536384
G4B,static,BigDecimal,3,21,2.6577,472.913,6.116,12325440,12582912
G4B,static,BigDecimal,3,22,2.7974,412.188,5.645,29190536,11532288
G4B,static,BigDecimal,3,23,2.7788,495.692,6.207,59969056,12582912
G4B,static,BigDecimal,3,24,2.5819,148.641,5.229,74152760,-80746880
G4B,static,BigDecimal,3,25,2.6408,264.476,4.757,22338880,10485760
G4B,static,BigDecimal,3,26,2.6275,324.687,5.744,23005216,12582912
G4B,static,BigDecimal,3,27,2.6505,16.776,0.303,1436272,417992
G4B,static,BigDecimal,3,28,2.6331,739.267,8.796,41766520,16777216
G4B,static,BigDecimal,3,29,2.7974,331.732,5.955,58659280,12582912
G4B,static,BigDecimal,3,30,2.5873,98.208,2.201,12356208,5244928
G4B,static,BigDecimal,3,31,2.8025,192.968,3.473,18607064,8388608
G4B,static,BigDecimal,3,32,2.6441,288.593,4.837,84183656,11532288
G4B,static,BigDecimal,3,33,2.7123,6.737,0.216,7299496,0
G4B,static,BigDecimal,3,34,2.5501,558.820,6.843,27048560,14680064
G4B,static,BigDecimal,3,35,2.5224,292.213,5.015,80971360,11532288
G4B,static,BigDecimal,3,36,2.6353,589.433,7.640,23945000,14680064
G4B,static,BigDecimal,3,37,2.6497,581.793,7.276,103256888,15730688
G4B,static,BigDecimal,3,38,2.5749,617.878,7.965,126726712,15730688
G4B,static,BigDecimal,4,1,3.1246,329.624,5.484,104042672,10485760
G4B,static,BigDecimal,4,2,2.7527,248.477,4.402,42761320,10485760
G4B,static,BigDecimal,4,3,2.6250,572.971,7.291,74196888,15726592
G4B,static,BigDecimal,4,4,2.5968,301.010,7.180,81636664,-133183072
G4B,static,BigDecimal,4,5,2.6359,759.437,8.802,10319208,-167759920
G4B,static,BigDecimal,4,6,2.6677,424.493,6.334,40267544,13629440
G4B,static,BigDecimal,4,7,2.5474,246.546,5.960,825264,11536384
G4B,static,BigDecimal,4,8,2.5927,515.407,7.415,1948656,15726592
G4B,static,BigDecimal,4,9,2.6503,366.904,6.371,66864696,14680064
G4B,static,BigDecimal,4,10,2.5634,440.222,6.809,14500792,14680064
G4B,static,BigDecimal,4,11,2.6595,402.799,6.371,129142720,13629440
G4B,static,BigDecimal,4,12,2.5714,276.868,5.455,21883528,11532288
G4B,static,BigDecimal,4,13,2.7310,495.731,7.235,5054456,15730688
G4B,static,BigDecimal,4,14,2.4878,615.092,7.550,47054088,15726592
G4B,static,BigDecimal,4,15,2.6321,291.106,4.845,107242424,11532288
G4B,static,BigDecimal,4,16,2.6814,25.667,0.586,7188160,1050624
G4B,static,BigDecimal,4,17,2.5816,357.987,4.785,147744976,9435136
G4B,static,BigDecimal,4,18,2.7841,606.423,7.981,30191040,15730688
G4B,static,BigDecimal,4,19,2.5709,336.389,4.767,100846712,10485760
G4B,static,BigDecimal,4,20,2.7688,458.353,6.051,44476144,11536384
G4B,static,BigDecimal,4,21,2.6577,460.132,6.126,81604952,12582912
G4B,static,BigDecimal,4,22,2.7974,408.463,6.303,109104256,11532288
G4B,static,BigDecimal,4,23,2.7788,482.574,6.945,52170080,-142610336
G4B,static,BigDecimal,4,24,2.5819,159.327,4.874,64568992,-80737112
G4B,static,BigDecimal,4,25,2.6408,272.224,5.452,62439064,-81548416
G4B,static,BigDecimal,4,26,2.6275,290.287,5.527,8286032,12582912
G4B,static,BigDecimal,4,27,2.6505,17.274,0.301,6130648,0
G4B,static,BigDecimal,4,28,2.6331,734.964,8.994,16649952,16777216
G4B,static,BigDecimal,4,29,2.7974,342.323,6.518,42732152,-16850072
G4B,static,BigDecimal,4,30,2.5873,97.337,2.337,25017264,4194304
G4B,static,BigDecimal,4,31,2.8025,210.935,4.448,49883432,-83886160
G4B,static,BigDecimal,4,32,2.6441,253.037,4.838,20719056,11532288
G4B,static,BigDecimal,4,33,2.7123,6.637,0.215,7544384,208656
G4B,static,BigDecimal,4,34,2.5501,560.024,6.985,186023272,14680064
G4B,static,BigDecimal,4,35,2.5224,285.145,5.080,80564096,11532288
G4B,static,BigDecimal,4,36,2.6353,578.599,7.125,80648312,14680064
G4B,static,BigDecimal,4,37,2.6497,593.070,7.443,74197824,15730688
G4B,static,BigDecimal,4,38,2.5749,628.436,9.084,83716448,-142607576
G4B,static,BigDecimal,5,1,3.1246,349.673,5.536,130958256,10485760
G4B,static,BigDecimal,5,2,2.7527,260.215,4.346,93644008,10485760
G4B,static,BigDecimal,5,3,2.6250,577.439,7.520,63784280,15726592
G4B,static,BigDecimal,5,4,2.5968,297.673,7.831,40824104,-80740240
G4B,static,BigDecimal,5,5,2.6359,734.995,7.850,191247096,19920896
G4B,static,BigDecimal,5,6,2.6677,397.923,6.309,27789888,13629440
G4B,static,BigDecimal,5,7,2.5474,238.539,4.648,17338400,11536384
G4B,static,BigDecimal,5,8,2.5927,524.754,7.391,96335168,15726592
G4B,static,BigDecimal,5,9,2.6503,359.349,6.594,51412784,14680064
G4B,static,BigDecimal,5,10,2.5634,452.778,7.110,184411736,14680064
G4B,static,BigDecimal,5,11,2.6595,413.791,6.271,13416864,13629440
G4B,static,BigDecimal,5,12,2.5714,288.491,5.348,109261512,11532288
G4B,static,BigDecimal,5,13,2.7310,495.127,7.220,59595656,14680064
G4B,static,BigDecimal,5,14,2.4878,623.726,7.589,36601632,15726592
G4B,static,BigDecimal,5,15,2.6321,294.405,4.831,40744464,11532288
G4B,static,BigDecimal,5,16,2.6814,25.773,0.589,2958208,1050624
G4B,static,BigDecimal,5,17,2.5816,357.631,4.759,82662528,9435136
G4B,static,BigDecimal,5,18,2.7841,580.689,8.057,19665520,15730688
G4B,static,BigDecimal,5,19,2.5709,346.006,4.829,100399416,10485760
G4B,static,BigDecimal,5,20,2.7688,446.707,6.070,119349672,11536384
G4B,static,BigDecimal,5,21,2.6577,443.553,6.124,143408192,12582912
G4B,static,BigDecimal,5,22,2.7974,404.916,6.046,24952112,11532288
G4B,static,BigDecimal,5,23,2.7788,470.433,6.136,40167288,11532288
G4B,static,BigDecimal,5,24,2.5819,148.826,3.540,80481496,7342080
G4B,static,BigDecimal,5,25,2.6408,262.756,4.763,22341640,10485760
G4B,static,BigDecimal,5,26,2.6275,296.540,8.000,43845096,-81786448
G4B,static,BigDecimal,5,27,2.6505,16.630,0.301,5717504,1046528
G4B,static,BigDecimal,5,28,2.6331,716.936,8.852,18703104,16777216
G4B,static,BigDecimal,5,29,2.7974,340.705,6.072,70554400,12582912
G4B,static,BigDecimal,5,30,2.5873,95.767,2.278,18690456,4194304
G4B,static,BigDecimal,5,31,2.8025,192.985,3.925,81328912,8388608
G4B,static,BigDecimal,5,32,2.6441,280.378,5.368,62848640,11532288
G4B,static,BigDecimal,5,33,2.7123,6.628,0.195,7469056,167480
G4B,static,BigDecimal,5,34,2.5501,527.824,6.872,125779896,14680064
G4B,static,BigDecimal,5,35,2.5224,285.883,4.999,30262952,11532288
G4B,static,BigDecimal,5,36,2.6353,560.833,8.289,61782280,-190843344
G4B,static,BigDecimal,5,37,2.6497,588.514,7.557,60561232,15730688
G4B,static,BigDecimal,5,38,2.5749,628.837,8.282,124493128,16777216
G4B,static,Nayuki,1,1,3.1213,145.309,0.235,22026880,0
G4B,static,Nayuki,1,2,2.7636,125.848,0.191,17324536,0
G4B,static,Nayuki,1,3,2.6364,203.600,0.405,27701808,108544
G4B,static,Nayuki,1,4,2.6065,143.419,0.281,21019224,0
G4B,static,Nayuki,1,5,2.6334,286.879,0.469,35427264,0
G4B,static,Nayuki,1,6,2.6829,192.867,0.306,24083008,0
G4B,static,Nayuki,1,7,2.5544,137.390,0.250,18442944,0
G4B,static,Nayuki,1,8,2.6067,218.479,0.388,27700768,773488
G4B,static,Nayuki,1,9,2.6503,168.709,0.416,23102488,122184
G4B,static,Nayuki,1,10,2.5723,194.547,0.323,25404560,0
G4B,static,Nayuki,1,11,2.6748,176.668,0.320,23506472,109176
G4B,static,Nayuki,1,12,2.5515,153.386,0.268,20549592,0
G4B,static,Nayuki,1,13,2.7368,200.178,0.354,25320560,663448
G4B,static,Nayuki,1,14,2.4932,236.040,0.418,30419368,0
G4B,static,Nayuki,1,15,2.6221,140.807,0.225,19843144,0
G4B,static,Nayuki,1,16,2.6903,11.675,0.065,2885904,82696
G4B,static,Nayuki,1,17,2.5850,128.583,0.266,19587304,0
G4B,static,Nayuki,1,18,2.7955,219.006,0.403,27680448,0
G4B,static,Nayuki,1,19,2.5744,136.222,0.268,19111048,0
G4B,static,Nayuki,1,20,2.7750,160.558,0.312,23310232,0
G4B,static,Nayuki,1,21,2.6667,188.047,0.310,24941184,0
G4B,static,Nayuki,1,22,2.8039,156.502,0.291,22179120,0
G4B,static,Nayuki,1,23,2.7636,182.747,0.332,24752384,0
G4B,static,Nayuki,1,24,2.5862,80.425,0.177,12635912,0
G4B,static,Nayuki,1,25,2.6479,133.537,0.254,18253224,0
G4B,static,Nayuki,1,26,2.6144,165.057,0.261,20535472,663496
G4B,static,Nayuki,1,27,2.6408,9.854,0.050,2591712,41400
G4B,static,Nayuki,1,28,2.6253,265.394,0.512,32691640,645616
G4B,static,Nayuki,1,29,2.8039,145.788,0.273,21000784,130464
G4B,static,Nayuki,1,30,2.5397,65.056,0.130,8479720,82504
G4B,static,Nayuki,1,31,2.7984,67.843,0.189,13422680,0
G4B,static,Nayuki,1,32,2.6477,130.367,0.260,17782024,658272
G4B,static,Nayuki,1,33,2.7397,3.331,0.037,1236232,41168
G4B,static,Nayuki,1,34,2.5444,215.975,0.368,27554464,0
G4B,static,Nayuki,1,35,2.5385,158.726,0.247,21021408,116624
G4B,static,Nayuki,1,36,2.6439,213.289,0.373,27690488,0
G4B,static,Nayuki,1,37,2.6667,206.287,0.390,28475488,0
G4B,static,Nayuki,1,38,2.5722,251.039,0.449,29513584,659800
G4B,static,Nayuki,2,1,3.1213,159.055,0.233,21602696,0
G4B,static,Nayuki,2,2,2.7636,115.186,0.239,17002984,0
G4B,static,Nayuki,2,3,2.6364,206.268,0.404,27704816,106120
G4B,static,Nayuki,2,4,2.6065,153.035,0.279,21214328,0
G4B,static,Nayuki,2,5,2.6334,293.975,0.575,35252048,0
G4B,static,Nayuki,2,6,2.6829,185.624,0.306,24278080,0
G4B,static,Nayuki,2,7,2.5544,113.082,0.250,18644672,0
G4B,static,Nayuki,2,8,2.6067,217.788,0.388,27500064,773488
G4B,static,Nayuki,2,9,2.6503,167.824,0.316,23491096,122184
G4B,static,Nayuki,2,10,2.5723,183.732,0.325,25600664,0
G4B,static,Nayuki,2,11,2.6748,178.688,0.319,23310376,109176
G4B,static,Nayuki,2,12,2.5515,140.884,0.266,20545488,0
G4B,static,Nayuki,2,13,2.7368,274.500,0.560,25517168,663448
G4B,static,Nayuki,2,14,2.4932,330.275,0.520,30279280,0
G4B,static,Nayuki,2,15,2.6221,133.116,0.223,20188232,0
G4B,static,Nayuki,2,16,2.6903,13.498,0.073,3088656,82696
G4B,static,Nayuki,2,17,2.5850,144.495,0.269,19589344,0
G4B,static,Nayuki,2,18,2.7955,217.560,0.396,27828832,0
G4B,static,Nayuki,2,19,2.5744,127.761,0.273,19260792,0
G4B,static,Nayuki,2,20,2.7750,185.029,0.323,23517680,0
G4B,static,Nayuki,2,21,2.6667,223.127,0.463,24557728,0
G4B,static,Nayuki,2,22,2.8039,183.212,0.296,21989160,0
G4B,static,Nayuki,2,23,2.7636,177.112,0.480,24553728,0
G4B,static,Nayuki,2,24,2.5862,96.423,0.177,12838664,0
G4B,static,Nayuki,2,25,2.6479,138.554,0.253,18447272,0
G4B,static,Nayuki,2,26,2.6144,180.965,0.263,20357296,663496
G4B,static,Nayuki,2,27,2.6408,11.400,0.051,2592736,41400
G4B,static,Nayuki,2,28,2.6253,270.715,0.549,32844216,645616
G4B,static,Nayuki,2,29,2.8039,161.961,0.311,21195344,130464
G4B,static,Nayuki,2,30,2.5397,40.835,0.134,8154088,82504
G4B,static,Nayuki,2,31,2.7984,68.142,0.191,13226072,0
G4B,static,Nayuki,2,32,2.6477,161.204,0.268,17777928,658272
G4B,static,Nayuki,2,33,2.7397,3.184,0.036,1236232,41168
G4B,static,Nayuki,2,34,2.5444,222.418,0.373,27548320,0
G4B,static,Nayuki,2,35,2.5385,185.830,0.403,21209824,116624
G4B,static,Nayuki,2,36,2.6439,226.582,0.371,27304952,0
G4B,static,Nayuki,2,37,2.6667,237.620,0.386,28477024,0
G4B,static,Nayuki,2,38,2.5722,248.036,0.467,29711216,659800
G4B,static,Nayuki,3,1,3.1213,171.680,0.243,21390728,0
G4B,static,Nayuki,3,2,2.7636,131.788,0.225,17011176,0
G4B,static,Nayuki,3,3,2.6364,211.934,0.411,27699184,106120
G4B,static,Nayuki,3,4,2.6065,175.355,0.335,21215864,0
G4B,static,Nayuki,3,5,2.6334,286.437,0.479,35040592,0
G4B,static,Nayuki,3,6,2.6829,205.348,0.308,24291904,0
G4B,static,Nayuki,3,7,2.5544,155.471,0.254,18441408,0
G4B,static,Nayuki,3,8,2.6067,214.341,0.399,27697184,773488
G4B,static,Nayuki,3,9,2.6503,167.731,0.310,23298584,122184
G4B,static,Nayuki,3,10,2.5723,187.969,0.325,25404048,0
G4B,static,Nayuki,3,11,2.6748,169.992,0.321,23696424,109176
G4B,static,Nayuki,3,12,2.5515,157.014,0.272,20548048,0
G4B,static,Nayuki,3,13,2.7368,218.692,0.348,25522800,663448
G4B,static,Nayuki,3,14,2.4932,255.562,0.418,30371040,0
G4B,static,Nayuki,3,15,2.6221,145.247,0.223,19889960,0
G4B,static,Nayuki,3,16,2.6903,13.415,0.066,2887688,83536
G4B,static,Nayuki,3,17,2.5850,165.079,0.257,19593528,0
G4B,static,Nayuki,3,18,2.7955,223.726,0.398,27677968,0
G4B,static,Nayuki,3,19,2.5744,123.160,0.264,18907808,0
G4B,static,Nayuki,3,20,2.7750,180.413,0.321,23313304,0
G4B,static,Nayuki,3,21,2.6667,205.121,0.313,24552064,0
G4B,static,Nayuki,3,22,2.8039,149.303,0.314,22179632,0
G4B,static,Nayuki,3,23,2.7636,189.405,0.336,24744192,0
G4B,static,Nayuki,3,24,2.5862,98.045,0.176,12839688,0
G4B,static,Nayuki,3,25,2.6479,121.399,0.255,18652072,0
G4B,static,Nayuki,3,26,2.6144,144.229,0.265,20358320,663496
G4B,static,Nayuki,3,27,2.6408,11.886,0.050,2389472,41400
G4B,static,Nayuki,3,28,2.6253,273.830,0.520,32691640,645616
G4B,static,Nayuki,3,29,2.8039,155.076,0.270,21198416,130464
G4B,static,Nayuki,3,30,2.5397,69.319,0.129,8317416,82504
G4B,static,Nayuki,3,31,2.7984,67.903,0.289,13226072,0
G4B,static,Nayuki,3,32,2.6477,136.311,0.320,17782536,658272
G4B,static,Nayuki,3,33,2.7397,3.021,0.035,1236232,41168
G4B,static,Nayuki,3,34,2.5444,224.362,0.370,27544224,0
G4B,static,Nayuki,3,35,2.5385,179.921,0.252,21208800,116624
G4B,static,Nayuki,3,36,2.6439,232.275,0.380,27507704,0
G4B,static,Nayuki,3,37,2.6667,234.099,0.573,28275296,0
G4B,static,Nayuki,3,38,2.5722,258.905,0.475,29710704,659800
G4B,static,Nayuki,4,1,3.1213,155.056,0.233,21400456,0
G4B,static,Nayuki,4,2,2.7636,107.407,0.190,16821224,0
G4B,static,Nayuki,4,3,2.6364,207.146,0.405,27505136,106120
G4B,static,Nayuki,4,4,2.6065,156.390,0.283,21025912,0
G4B,static,Nayuki,4,5,2.6334,304.964,0.493,35232592,0
G4B,static,Nayuki,4,6,2.6829,179.499,0.310,24082496,0
G4B,static,Nayuki,4,7,2.5544,148.808,0.255,18456256,0
G4B,static,Nayuki,4,8,2.6067,241.603,0.407,27504672,773488
G4B,static,Nayuki,4,9,2.6503,181.442,0.318,23295512,122184
G4B,static,Nayuki,4,10,2.5723,200.413,0.332,25205912,0
G4B,static,Nayuki,4,11,2.6748,209.291,0.354,23526952,109176
G4B,static,Nayuki,4,12,2.5515,147.199,0.267,20749264,0
G4B,static,Nayuki,4,13,2.7368,199.166,0.457,25321072,663448
G4B,static,Nayuki,4,14,2.4932,248.402,0.412,30369504,0
G4B,static,Nayuki,4,15,2.6221,164.913,0.223,20281640,0
G4B,static,Nayuki,4,16,2.6903,12.079,0.066,3096584,83536
G4B,static,Nayuki,4,17,2.5850,143.498,0.256,18433328,116808
G4B,static,Nayuki,4,18,2.7955,246.013,0.391,27774200,155720
G4B,static,Nayuki,4,19,2.5744,136.883,0.275,19911480,0
G4B,static,Nayuki,4,20,2.7750,194.781,0.320,23526672,0
G4B,static,Nayuki,4,21,2.6667,194.763,0.318,24554984,0
G4B,static,Nayuki,4,22,2.8039,158.252,0.292,21987936,0
G4B,static,Nayuki,4,23,2.7636,199.562,0.338,24553296,0
G4B,static,Nayuki,4,24,2.5862,91.647,0.283,12841344,0
G4B,static,Nayuki,4,25,2.6479,122.222,0.251,18443552,0
G4B,static,Nayuki,4,26,2.6144,140.151,0.261,20572824,662992
G4B,static,Nayuki,4,27,2.6408,11.688,0.059,2584688,41384
G4B,static,Nayuki,4,28,2.6253,287.393,0.500,32842072,645576
G4B,static,Nayuki,4,29,2.8039,177.592,0.276,21000248,130488
G4B,static,Nayuki,4,30,2.5397,58.514,0.134,8321232,82520
G4B,static,Nayuki,4,31,2.7984,68.840,0.277,13421184,0
G4B,static,Nayuki,4,32,2.6477,120.736,0.271,17776952,658320
G4B,static,Nayuki,4,33,2.7397,3.295,0.036,1236232,41168
G4B,static,Nayuki,4,34,2.5444,229.577,0.375,27546824,0
G4B,static,Nayuki,4,35,2.5385,175.502,0.247,21209824,116624
G4B,static,Nayuki,4,36,2.6439,213.266,0.372,27301880,0
G4B,static,Nayuki,4,37,2.6667,232.779,0.393,28334632,0
G4B,static,Nayuki,4,38,2.5722,258.109,5.150,29645856,1265640
G4B,static,Nayuki,5,1,3.1213,160.802,0.237,21651384,0
G4B,static,Nayuki,5,2,2.7636,120.975,0.191,17018848,0
G4B,static,Nayuki,5,3,2.6364,230.210,0.435,27703368,106488
G4B,static,Nayuki,5,4,2.6065,166.630,0.288,21028936,0
G4B,static,Nayuki,5,5,2.6334,285.686,0.554,35453264,0
G4B,static,Nayuki,5,6,2.6829,173.731,0.308,24287296,0
G4B,static,Nayuki,5,7,2.5544,125.384,0.259,18255552,0
G4B,static,Nayuki,5,8,2.6067,229.047,0.420,27306016,773488
G4B,static,Nayuki,5,9,2.6503,167.863,0.405,23295000,122184
G4B,static,Nayuki,5,10,2.5723,202.512,0.325,25597072,0
G4B,static,Nayuki,5,11,2.6748,181.575,0.325,23119400,109176
G4B,static,Nayuki,5,12,2.5515,155.959,0.269,20547536,0
G4B,static,Nayuki,5,13,2.7368,215.668,0.374,25517680,663448
G4B,static,Nayuki,5,14,2.4932,269.676,0.416,30175456,0
G4B,static,Nayuki,5,15,2.6221,149.200,0.223,19691304,0
G4B,static,Nayuki,5,16,2.6903,13.313,0.066,2887688,83536
G4B,static,Nayuki,5,17,2.5850,141.576,0.254,19472200,0
G4B,static,Nayuki,5,18,2.7955,209.519,0.402,27672616,0
G4B,static,Nayuki,5,19,2.5744,133.979,0.273,18909880,0
G4B,static,Nayuki,5,20,2.7750,168.087,0.323,23312392,0
G4B,static,Nayuki,5,21,2.6667,184.937,0.326,24750224,0
G4B,static,Nayuki,5,22,2.8039,157.759,0.365,21988656,0
G4B,static,Nayuki,5,23,2.7636,208.167,0.331,24946944,0
G4B,static,Nayuki,5,24,2.5862,95.402,0.193,12833032,0
G4B,static,Nayuki,5,25,2.6479,137.608,0.261,18649512,0
G4B,static,Nayuki,5,26,2.6144,156.777,0.266,20756656,663496
G4B,static,Nayuki,5,27,2.6408,10.277,0.050,2589664,41400
G4B,static,Nayuki,5,28,2.6253,311.069,0.537,34820824,0
G4B,static,Nayuki,5,29,2.8039,148.020,0.278,21012064,0
G4B,static,Nayuki,5,30,2.5397,48.513,0.129,7992608,82832
G4B,static,Nayuki,5,31,2.7984,70.661,0.191,13225848,0
G4B,static,Nayuki,5,32,2.6477,115.945,0.315,17777960,658296
G4B,static,Nayuki,5,33,2.7397,2.989,0.035,1236232,41168
G4B,static,Nayuki,5,34,2.5444,217.587,0.587,27228224,0
G4B,static,Nayuki,5,35,2.5385,161.159,0.244,21202448,0
G4B,static,Nayuki,5,36,2.6439,217.035,0.383,27501544,0
G4B,static,Nayuki,5,37,2.6667,249.697,0.378,28278088,0
G4B,static,Nayuki,5,38,2.5722,251.546,0.463,29711240,659536
G4B,semi-adaptive,BigDecimal,1,1,2.8951,350.739,5.465,-11254464,12582912
G4B,semi-adaptive,BigDecimal,1,2,2.5273,219.002,3.929,6437464,8388608
G4B,semi-adaptive,BigDecimal,1,3,2.5142,563.268,6.864,105879008,13633536
G4B,semi-adaptive,BigDecimal,1,4,2.3839,313.611,5.379,-11756208,13629440
G4B,semi-adaptive,BigDecimal,1,5,2.5511,734.721,8.849,54266784,17823744
G4B,semi-adaptive,BigDecimal,1,6,2.5244,351.751,5.738,43923592,12582912
G4B,semi-adaptive,BigDecimal,1,7,2.3965,236.952,5.040,23524808,-81796184
G4B,semi-adaptive,BigDecimal,1,8,2.4129,521.568,6.885,125500456,14680064
G4B,semi-adaptive,BigDecimal,1,9,2.5092,391.348,6.629,55183888,12582912
G4B,semi-adaptive,BigDecimal,1,10,2.3628,416.583,6.129,-17812120,12582912
G4B,semi-adaptive,BigDecimal,1,11,2.5123,293.203,5.683,55785112,11536384
G4B,semi-adaptive,BigDecimal,1,12,2.3987,242.363,4.891,-13522536,10485760
G4B,semi-adaptive,BigDecimal,1,13,2.5556,345.239,8.889,-25336320,-74441016
G4B,semi-adaptive,BigDecimal,1,14,2.3442,481.140,6.288,69339688,13633536
G4B,semi-adaptive,BigDecimal,1,15,2.4114,241.596,4.599,14377000,10485760
G4B,semi-adaptive,BigDecimal,1,16,2.4071,19.790,0.367,-2034440,0
G4B,semi-adaptive,BigDecimal,1,17,2.3946,317.009,3.876,5283096,7337984
G4B,semi-adaptive,BigDecimal,1,18,2.6278,592.726,6.927,116105136,13629440
G4B,semi-adaptive,BigDecimal,1,19,2.4567,330.778,4.463,64273920,10485760
G4B,semi-adaptive,BigDecimal,1,20,2.6500,464.212,5.696,8826088,11536384
G4B,semi-adaptive,BigDecimal,1,21,2.5886,595.368,6.073,12131392,12582912
G4B,semi-adaptive,BigDecimal,1,22,2.6624,456.054,5.769,88594488,10485760
G4B,semi-adaptive,BigDecimal,1,23,2.6364,487.293,5.863,-14830968,11532288
G4B,semi-adaptive,BigDecimal,1,24,2.5043,151.065,2.928,34587016,6291456
G4B,semi-adaptive,BigDecimal,1,25,2.5951,241.289,4.998,45444296,-80735568
G4B,semi-adaptive,BigDecimal,1,26,2.3889,270.187,5.175,2457672,10485760
G4B,semi-adaptive,BigDecimal,1,27,2.3107,20.462,0.314,2114296,1046528
G4B,semi-adaptive,BigDecimal,1,28,2.5090,1000.434,8.134,52769648,14680064
G4B,semi-adaptive,BigDecimal,1,29,2.6270,347.960,5.272,55332992,11532288
G4B,semi-adaptive,BigDecimal,1,30,2.3651,104.414,2.902,58514448,5244928
G4B,semi-adaptive,BigDecimal,1,31,2.6831,228.544,5.701,84037584,-159381104
G4B,semi-adaptive,BigDecimal,1,32,2.4947,260.476,4.488,3217480,9439232
G4B,semi-adaptive,BigDecimal,1,33,2.3151,4.509,0.185,4531928,254696
G4B,semi-adaptive,BigDecimal,1,34,2.4298,621.793,6.153,23617928,12582912
G4B,semi-adaptive,BigDecimal,1,35,2.2885,288.669,5.517,31613936,-82834832
G4B,semi-adaptive,BigDecimal,1,36,2.5413,598.910,7.086,-13142144,15730688
G4B,semi-adaptive,BigDecimal,1,37,2.5226,604.361,6.844,196205624,13633536
G4B,semi-adaptive,BigDecimal,1,38,2.4741,614.708,7.463,30331000,14680064
G4B,semi-adaptive,BigDecimal,2,1,2.8951,365.899,6.850,-16528280,12582912
G4B,semi-adaptive,BigDecimal,2,2,2.5273,222.236,3.925,26294672,8388608
G4B,semi-adaptive,BigDecimal,2,3,2.5142,605.983,6.908,36531544,14680064
G4B,semi-adaptive,BigDecimal,2,4,2.3839,354.841,5.329,-17074024,13629440
G4B,semi-adaptive,BigDecimal,2,5,2.5511,814.379,8.802,-30124936,17827840
G4B,semi-adaptive,BigDecimal,2,6,2.5244,323.395,6.784,-15345376,12582912
G4B,semi-adaptive,BigDecimal,2,7,2.3965,238.420,4.505,20540248,10485760
G4B,semi-adaptive,BigDecimal,2,8,2.4129,564.369,6.810,37883864,14680064
G4B,semi-adaptive,BigDecimal,2,9,2.5092,417.718,5.815,-9425792,12582912
G4B,semi-adaptive,BigDecimal,2,10,2.3628,438.671,5.827,-13726192,12582912
G4B,semi-adaptive,BigDecimal,2,11,2.5123,303.917,5.687,56116232,11536384
G4B,semi-adaptive,BigDecimal,2,12,2.3987,249.867,4.674,56852728,10485760
G4B,semi-adaptive,BigDecimal,2,13,2.5556,375.797,6.756,53155352,14680064
G4B,semi-adaptive,BigDecimal,2,14,2.3442,493.870,6.477,57115160,13633536
G4B,semi-adaptive,BigDecimal,2,15,2.4114,252.952,4.643,-17786320,10485760
G4B,semi-adaptive,BigDecimal,2,16,2.4071,19.527,0.367,-2021368,0
G4B,semi-adaptive,BigDecimal,2,17,2.3946,358.977,3.894,-4089368,8388608
G4B,semi-adaptive,BigDecimal,2,18,2.6278,611.348,8.246,35666504,13629440
G4B,semi-adaptive,BigDecimal,2,19,2.4567,348.913,4.437,70245088,10485760
G4B,semi-adaptive,BigDecimal,2,20,2.6500,455.258,5.579,22604656,11536384
G4B,semi-adaptive,BigDecimal,2,21,2.5886,458.269,6.114,5411736,12582912
G4B,semi-adaptive,BigDecimal,2,22,2.6624,423.515,6.335,31833080,10485760
G4B,semi-adaptive,BigDecimal,2,23,2.6364,488.615,6.673,59346912,11532288
G4B,semi-adaptive,BigDecimal,2,24,2.5043,149.147,2.869,51347216,6291456
G4B,semi-adaptive,BigDecimal,2,25,2.5951,250.260,4.347,61495408,9439232
G4B,semi-adaptive,BigDecimal,2,26,2.3889,293.256,9.122,43927104,-79694480
G4B,semi-adaptive,BigDecimal,2,27,2.3107,26.192,0.332,3614696,1046528
G4B,semi-adaptive,BigDecimal,2,28,2.5090,1038.252,9.761,56955064,15726592
G4B,semi-adaptive,BigDecimal,2,29,2.6270,348.147,6.099,57081616,11532288
G4B,semi-adaptive,BigDecimal,2,30,2.3651,118.671,3.495,47423112,4194304
G4B,semi-adaptive,BigDecimal,2,31,2.6831,265.865,4.366,85685472,8388608
G4B,semi-adaptive,BigDecimal,2,32,2.4947,297.645,4.676,31376936,9439232
G4B,semi-adaptive,BigDecimal,2,33,2.3151,4.578,0.855,4612480,-10238040
G4B,semi-adaptive,BigDecimal,2,34,2.4298,800.613,7.795,-7405584,11536384
G4B,semi-adaptive,BigDecimal,2,35,2.2885,279.460,8.355,32165736,-80736640
G4B,semi-adaptive,BigDecimal,2,36,2.5413,623.217,7.542,26252736,15730688
G4B,semi-adaptive,BigDecimal,2,37,2.5226,628.269,6.730,69719192,13633536
G4B,semi-adaptive,BigDecimal,2,38,2.4741,565.202,7.317,37547936,15730688
G4B,semi-adaptive,BigDecimal,3,1,2.8951,403.511,5.697,2367040,12582912
G4B,semi-adaptive,BigDecimal,3,2,2.5273,258.122,3.911,-3643728,8388608
G4B,semi-adaptive,BigDecimal,3,3,2.5142,639.544,6.938,206793600,13633536
G4B,semi-adaptive,BigDecimal,3,4,2.3839,335.036,5.331,-12336,12582912
G4B,semi-adaptive,BigDecimal,3,5,2.5511,812.907,8.815,77609072,17823744
G4B,semi-adaptive,BigDecimal,3,6,2.5244,352.938,6.144,7716912,12582912
G4B,semi-adaptive,BigDecimal,3,7,2.3965,242.376,4.308,54009616,10485840
G4B,semi-adaptive,BigDecimal,3,8,2.4129,588.951,6.796,150881448,14680064
G4B,semi-adaptive,BigDecimal,3,9,2.5092,441.484,5.780,224080280,12582912
G4B,semi-adaptive,BigDecimal,3,10,2.3628,449.382,6.190,89862184,12582912
G4B,semi-adaptive,BigDecimal,3,11,2.5123,337.222,6.457,39233448,11536384
G4B,semi-adaptive,BigDecimal,3,12,2.3987,253.797,4.677,-18113776,10485760
G4B,semi-adaptive,BigDecimal,3,13,2.5556,400.737,6.902,53525728,15730688
G4B,semi-adaptive,BigDecimal,3,14,2.3442,418.388,8.113,48617336,13633536
G4B,semi-adaptive,BigDecimal,3,15,2.4114,303.235,4.591,-13244448,10485760
G4B,semi-adaptive,BigDecimal,3,16,2.4071,19.944,0.542,-1860448,0
G4B,semi-adaptive,BigDecimal,3,17,2.3946,365.928,4.493,36802840,8388608
G4B,semi-adaptive,BigDecimal,3,18,2.6278,587.626,6.903,83738768,13629440
G4B,semi-adaptive,BigDecimal,3,19,2.4567,346.972,4.443,-14779792,10485760
G4B,semi-adaptive,BigDecimal,3,20,2.6500,452.808,5.469,121601120,11536384
G4B,semi-adaptive,BigDecimal,3,21,2.5886,482.241,5.920,46398824,12582912
G4B,semi-adaptive,BigDecimal,3,22,2.6624,409.800,5.988,-1741464,-81789288
G4B,semi-adaptive,BigDecimal,3,23,2.6364,509.979,5.912,-3260296,11532288
G4B,semi-adaptive,BigDecimal,3,24,2.5043,163.264,4.054,47260656,-153083720
G4B,semi-adaptive,BigDecimal,3,25,2.5951,235.734,5.454,4674632,-103797472
G4B,semi-adaptive,BigDecimal,3,26,2.3889,271.875,5.053,-11632488,10485760
G4B,semi-adaptive,BigDecimal,3,27,2.3107,16.724,0.303,4372208,863336
G4B,semi-adaptive,BigDecimal,3,28,2.5090,741.319,7.899,70117208,14680064
G4B,semi-adaptive,BigDecimal,3,29,2.6270,291.003,5.291,19971632,11532288
G4B,semi-adaptive,BigDecimal,3,30,2.3651,95.831,1.930,-7745096,4194304
G4B,semi-adaptive,BigDecimal,3,31,2.6831,190.584,4.295,68005520,8389016
G4B,semi-adaptive,BigDecimal,3,32,2.4947,263.765,4.414,-8452448,9439232
G4B,semi-adaptive,BigDecimal,3,33,2.3151,7.121,0.172,4698936,343240
G4B,semi-adaptive,BigDecimal,3,34,2.4298,612.661,6.114,222441392,12582912
G4B,semi-adaptive,BigDecimal,3,35,2.2885,284.226,4.748,4688624,10485760
G4B,semi-adaptive,BigDecimal,3,36,2.5413,579.961,7.826,36684704,15730688
G4B,semi-adaptive,BigDecimal,3,37,2.5226,631.791,6.604,232903616,13633536
G4B,semi-adaptive,BigDecimal,3,38,2.4741,566.825,7.398,71284296,15730688
G4B,semi-adaptive,BigDecimal,4,1,2.8951,372.185,6.987,-15108816,-75492336
G4B,semi-adaptive,BigDecimal,4,2,2.5273,213.223,4.001,24765112,8388608
G4B,semi-adaptive,BigDecimal,4,3,2.5142,567.039,6.953,-10254360,13633536
G4B,semi-adaptive,BigDecimal,4,4,2.3839,326.752,5.520,32102544,12582912
G4B,semi-adaptive,BigDecimal,4,5,2.5511,784.323,10.662,71567304,17823744
G4B,semi-adaptive,BigDecimal,4,6,2.5244,320.279,5.814,21690584,12582912
G4B,semi-adaptive,BigDecimal,4,7,2.3965,251.800,4.689,25326224,10485760
G4B,semi-adaptive,BigDecimal,4,8,2.4129,547.377,7.058,166341960,14680064
G4B,semi-adaptive,BigDecimal,4,9,2.5092,420.855,5.981,11030152,12582912
G4B,semi-adaptive,BigDecimal,4,10,2.3628,487.259,5.823,240128792,12582912
G4B,semi-adaptive,BigDecimal,4,11,2.5123,340.261,5.840,64774840,12582912
G4B,semi-adaptive,BigDecimal,4,12,2.3987,259.177,5.101,3727936,10485760
G4B,semi-adaptive,BigDecimal,4,13,2.5556,391.389,6.794,56670056,15730688
G4B,semi-adaptive,BigDecimal,4,14,2.3442,449.298,6.556,105848576,13633536
G4B,semi-adaptive,BigDecimal,4,15,2.4114,251.160,4.765,28274640,10485760
G4B,semi-adaptive,BigDecimal,4,16,2.4071,24.793,0.369,2554192,0
G4B,semi-adaptive,BigDecimal,4,17,2.3946,356.231,3.851,-10654392,7337984
G4B,semi-adaptive,BigDecimal,4,18,2.6278,586.842,7.431,5958976,13629440
G4B,semi-adaptive,BigDecimal,4,19,2.4567,385.508,5.268,66928000,10485760
G4B,semi-adaptive,BigDecimal,4,20,2.6500,485.867,5.552,22642208,11536384
G4B,semi-adaptive,BigDecimal,4,21,2.5886,537.112,6.265,9884392,12582912
G4B,semi-adaptive,BigDecimal,4,22,2.6624,491.481,5.763,92008104,10485760
G4B,semi-adaptive,BigDecimal,4,23,2.6364,541.390,10.779,-13451864,11532288
G4B,semi-adaptive,BigDecimal,4,24,2.5043,160.071,2.904,39022192,6291456
G4B,semi-adaptive,BigDecimal,4,25,2.5951,255.022,4.543,21500760,9439232
G4B,semi-adaptive,BigDecimal,4,26,2.3889,274.248,5.523,47737656,-79688480
G4B,semi-adaptive,BigDecimal,4,27,2.3107,14.174,0.300,-458856,416048
G4B,semi-adaptive,BigDecimal,4,28,2.5090,726.482,7.961,-25171728,14680064
G4B,semi-adaptive,BigDecimal,4,29,2.6270,308.179,5.666,3505952,11532288
G4B,semi-adaptive,BigDecimal,4,30,2.3651,101.981,1.942,1412488,5244928
G4B,semi-adaptive,BigDecimal,4,31,2.6831,185.953,3.441,45022480,8388608
G4B,semi-adaptive,BigDecimal,4,32,2.4947,232.093,5.399,44028064,-78638936
G4B,semi-adaptive,BigDecimal,4,33,2.3151,4.362,0.213,4534320,253232
G4B,semi-adaptive,BigDecimal,4,34,2.4298,546.934,8.573,186146552,12582912
G4B,semi-adaptive,BigDecimal,4,35,2.2885,273.926,4.890,7064784,10485760
G4B,semi-adaptive,BigDecimal,4,36,2.5413,524.961,8.431,53651096,-76536128
G4B,semi-adaptive,BigDecimal,4,37,2.5226,532.873,6.761,-8448128,13633536
G4B,semi-adaptive,BigDecimal,4,38,2.4741,553.515,7.544,-1657968,-136318072
G4B,semi-adaptive,BigDecimal,5,1,2.8951,358.816,5.567,1750624,12582912
G4B,semi-adaptive,BigDecimal,5,2,2.5273,211.274,5.205,54957280,-139457280
G4B,semi-adaptive,BigDecimal,5,3,2.5142,549.298,7.271,-2837160,13633536
G4B,semi-adaptive,BigDecimal,5,4,2.3839,307.553,5.993,-20168576,-78636504
G4B,semi-adaptive,BigDecimal,5,5,2.5511,754.611,9.373,77408224,17823744
G4B,semi-adaptive,BigDecimal,5,6,2.5244,357.532,5.698,15749784,12582912
G4B,semi-adaptive,BigDecimal,5,7,2.3965,234.072,4.281,10788536,10485760
G4B,semi-adaptive,BigDecimal,5,8,2.4129,529.476,6.711,103925472,14680064
G4B,semi-adaptive,BigDecimal,5,9,2.5092,398.927,5.782,25111880,12582912
G4B,semi-adaptive,BigDecimal,5,10,2.3628,424.761,5.831,21788552,12582912
G4B,semi-adaptive,BigDecimal,5,11,2.5123,289.522,5.590,53592872,12582912
G4B,semi-adaptive,BigDecimal,5,12,2.3987,242.659,5.294,-20766072,10485760
G4B,semi-adaptive,BigDecimal,5,13,2.5556,380.510,6.726,55666672,15730688
G4B,semi-adaptive,BigDecimal,5,14,2.3442,410.360,6.424,-3577392,13633536
G4B,semi-adaptive,BigDecimal,5,15,2.4114,243.306,4.804,-5220728,10485760
G4B,semi-adaptive,BigDecimal,5,16,2.4071,19.529,0.365,2192328,0
G4B,semi-adaptive,BigDecimal,5,17,2.3946,325.298,4.041,30505384,8388608
G4B,semi-adaptive,BigDecimal,5,18,2.6278,630.491,7.128,59325232,13629440
G4B,semi-adaptive,BigDecimal,5,19,2.4567,448.055,4.567,64922624,10485760
G4B,semi-adaptive,BigDecimal,5,20,2.6500,540.504,6.594,35173224,11536384
G4B,semi-adaptive,BigDecimal,5,21,2.5886,539.443,6.671,11447824,12582912
G4B,semi-adaptive,BigDecimal,5,22,2.6624,455.213,6.475,50776728,11536384
G4B,semi-adaptive,BigDecimal,5,23,2.6364,580.711,9.359,4069816,11532288
G4B,semi-adaptive,BigDecimal,5,24,2.5043,208.713,3.080,44517440,6291456
G4B,semi-adaptive,BigDecimal,5,25,2.5951,282.326,4.967,-12983824,9439232
G4B,semi-adaptive,BigDecimal,5,26,2.3889,310.189,5.121,6168848,10485760
G4B,semi-adaptive,BigDecimal,5,27,2.3107,17.905,0.297,3536456,1046528
G4B,semi-adaptive,BigDecimal,5,28,2.5090,886.593,13.465,-8280080,14680064
G4B,semi-adaptive,BigDecimal,5,29,2.6270,284.739,5.147,8031664,11532288
G4B,semi-adaptive,BigDecimal,5,30,2.3651,100.188,1.914,33083112,5244928
G4B,semi-adaptive,BigDecimal,5,31,2.6831,197.303,6.105,76581800,8388488
G4B,semi-adaptive,BigDecimal,5,32,2.4947,249.326,5.007,27158592,9439232
G4B,semi-adaptive,BigDecimal,5,33,2.3151,5.305,0.163,4694448,354232
G4B,semi-adaptive,BigDecimal,5,34,2.4298,639.017,12.277,-18224464,3584256
G4B,semi-adaptive,BigDecimal,5,35,2.2885,305.143,6.096,-590672,-70261680
G4B,semi-adaptive,BigDecimal,5,36,2.5413,602.910,7.295,19490824,15730688
G4B,semi-adaptive,BigDecimal,5,37,2.5226,591.847,6.602,-21501160,13633536
G4B,semi-adaptive,BigDecimal,5,38,2.4741,577.590,7.147,50181632,15730688
G4B,semi-adaptive,Nayuki,1,1,2.9115,148.685,0.236,395200,0
G4B,semi-adaptive,Nayuki,1,2,2.5891,144.882,0.211,-5941392,579216
G4B,semi-adaptive,Nayuki,1,3,2.5455,232.503,0.428,10949368,0
G4B,semi-adaptive,Nayuki,1,4,2.4258,151.028,0.281,98688,0
G4B,semi-adaptive,Nayuki,1,5,2.5736,354.100,0.485,-12719968,0
G4B,semi-adaptive,Nayuki,1,6,2.5610,199.954,0.406,3864432,706824
G4B,semi-adaptive,Nayuki,1,7,2.4421,118.559,0.351,99576,0
G4B,semi-adaptive,Nayuki,1,8,2.4494,277.222,0.383,7513648,0
G4B,semi-adaptive,Nayuki,1,9,2.5276,195.381,0.305,8852288,0
G4B,semi-adaptive,Nayuki,1,10,2.4071,179.345,0.350,24067024,0
G4B,semi-adaptive,Nayuki,1,11,2.5276,186.492,0.314,-6012544,0
G4B,semi-adaptive,Nayuki,1,12,2.4452,147.764,0.296,407760,541952
G4B,semi-adaptive,Nayuki,1,13,2.5731,189.803,0.319,24336408,0
G4B,semi-adaptive,Nayuki,1,14,2.3848,288.696,0.441,2614664,0
G4B,semi-adaptive,Nayuki,1,15,2.4615,144.461,0.227,2352488,0
G4B,semi-adaptive,Nayuki,1,16,2.5487,9.217,0.082,2755488,82568
G4B,semi-adaptive,Nayuki,1,17,2.4490,129.473,0.274,-115176,226248
G4B,semi-adaptive,Nayuki,1,18,2.6591,237.019,0.400,9570664,176968
G4B,semi-adaptive,Nayuki,1,19,2.5190,140.274,0.276,-4683680,0
G4B,semi-adaptive,Nayuki,1,20,2.6750,154.743,0.301,21696008,0
G4B,semi-adaptive,Nayuki,1,21,2.6186,220.817,0.324,15647552,0
G4B,semi-adaptive,Nayuki,1,22,2.6752,135.673,0.314,20391240,500088
G4B,semi-adaptive,Nayuki,1,23,2.6667,197.979,0.336,7893784,0
G4B,semi-adaptive,Nayuki,1,24,2.5517,71.857,0.211,911456,124952
G4B,semi-adaptive,Nayuki,1,25,2.6197,112.470,0.255,18543952,0
G4B,semi-adaptive,Nayuki,1,26,2.4314,135.249,0.270,20036544,0
G4B,semi-adaptive,Nayuki,1,27,2.4854,6.916,0.050,2346448,0
G4B,semi-adaptive,Nayuki,1,28,2.5426,367.505,0.477,-16579112,0
G4B,semi-adaptive,Nayuki,1,29,2.6495,151.110,0.295,-123512,585432
G4B,semi-adaptive,Nayuki,1,30,2.4550,33.965,0.134,7679728,0
G4B,semi-adaptive,Nayuki,1,31,2.6996,81.988,0.257,-5820840,229152
G4B,semi-adaptive,Nayuki,1,32,2.5338,132.414,0.385,-2685936,102784
G4B,semi-adaptive,Nayuki,1,33,2.5205,4.336,0.037,1208944,83032
G4B,semi-adaptive,Nayuki,1,34,2.4756,237.664,0.475,-5494024,667160
G4B,semi-adaptive,Nayuki,1,35,2.3333,142.615,0.232,20392096,0
G4B,semi-adaptive,Nayuki,1,36,2.5755,268.545,0.397,5384352,0
G4B,semi-adaptive,Nayuki,1,37,2.5763,257.595,0.396,12171264,498776
G4B,semi-adaptive,Nayuki,1,38,2.5286,291.640,0.418,2392064,0
G4B,semi-adaptive,Nayuki,2,1,2.9115,146.553,0.239,6811952,0
G4B,semi-adaptive,Nayuki,2,2,2.5891,120.133,0.193,-7569768,0
G4B,semi-adaptive,Nayuki,2,3,2.5455,250.956,0.544,7940248,0
G4B,semi-adaptive,Nayuki,2,4,2.4258,143.238,0.288,153984,0
G4B,semi-adaptive,Nayuki,2,5,2.5736,358.915,0.478,-17141936,0
G4B,semi-adaptive,Nayuki,2,6,2.5610,188.259,0.361,-1609680,833184
G4B,semi-adaptive,Nayuki,2,7,2.4421,125.275,0.252,-8892400,0
G4B,semi-adaptive,Nayuki,2,8,2.4494,256.347,0.431,1919760,626600
G4B,semi-adaptive,Nayuki,2,9,2.5276,241.826,0.428,14899736,0
G4B,semi-adaptive,Nayuki,2,10,2.4071,212.785,0.345,10440456,0
G4B,semi-adaptive,Nayuki,2,11,2.5276,177.618,0.329,-1177328,430320
G4B,semi-adaptive,Nayuki,2,12,2.4452,155.058,0.366,-822400,0
G4B,semi-adaptive,Nayuki,2,13,2.5731,228.472,0.415,8021080,0
G4B,semi-adaptive,Nayuki,2,14,2.3848,293.384,0.462,8063544,249376
G4B,semi-adaptive,Nayuki,2,15,2.4615,128.148,0.229,18874344,0
G4B,semi-adaptive,Nayuki,2,16,2.5487,8.831,0.065,2737760,0
G4B,semi-adaptive,Nayuki,2,17,2.4490,116.201,0.343,18295536,0
G4B,semi-adaptive,Nayuki,2,18,2.6591,261.537,0.417,3326496,0
G4B,semi-adaptive,Nayuki,2,19,2.5190,119.253,0.269,658496,0
G4B,semi-adaptive,Nayuki,2,20,2.6750,151.538,0.329,21826848,663152
G4B,semi-adaptive,Nayuki,2,21,2.6186,203.137,0.330,16335344,291632
G4B,semi-adaptive,Nayuki,2,22,2.6752,156.394,0.336,21893880,763712
G4B,semi-adaptive,Nayuki,2,23,2.6667,209.553,0.368,17723648,0
G4B,semi-adaptive,Nayuki,2,24,2.5517,62.618,0.181,11920608,0
G4B,semi-adaptive,Nayuki,2,25,2.6197,113.455,0.263,-6966152,621696
G4B,semi-adaptive,Nayuki,2,26,2.4314,141.356,0.251,562344,0
G4B,semi-adaptive,Nayuki,2,27,2.4854,7.941,0.059,2347272,0
G4B,semi-adaptive,Nayuki,2,28,2.5426,310.871,0.483,-18046968,0
G4B,semi-adaptive,Nayuki,2,29,2.6495,169.747,0.265,10752,0
G4B,semi-adaptive,Nayuki,2,30,2.4550,38.885,0.129,7679176,0
G4B,semi-adaptive,Nayuki,2,31,2.6996,91.662,0.214,-6883888,225648
G4B,semi-adaptive,Nayuki,2,32,2.5338,132.640,0.261,-3163944,124840
G4B,semi-adaptive,Nayuki,2,33,2.5205,3.373,0.042,1193688,41184
G4B,semi-adaptive,Nayuki,2,34,2.4756,228.692,0.381,5313168,0
G4B,semi-adaptive,Nayuki,2,35,2.3333,136.642,0.230,20391272,0
G4B,semi-adaptive,Nayuki,2,36,2.5755,259.774,0.377,7392648,0
G4B,semi-adaptive,Nayuki,2,37,2.5763,238.383,0.408,13054976,457400
G4B,semi-adaptive,Nayuki,2,38,2.5286,297.459,0.427,-3264856,166600
G4B,semi-adaptive,Nayuki,3,1,2.9115,132.175,0.240,19640704,0
G4B,semi-adaptive,Nayuki,3,2,2.5891,95.598,0.204,16152120,124880
G4B,semi-adaptive,Nayuki,3,3,2.5455,243.883,0.401,6597176,0
G4B,semi-adaptive,Nayuki,3,4,2.4258,156.183,0.388,195080,0
G4B,semi-adaptive,Nayuki,3,5,2.5736,356.651,0.480,-16758688,0
G4B,semi-adaptive,Nayuki,3,6,2.5610,208.046,0.330,20354216,829824
G4B,semi-adaptive,Nayuki,3,7,2.4421,110.729,1.278,-4202992,0
G4B,semi-adaptive,Nayuki,3,8,2.4494,270.624,0.391,9616528,0
G4B,semi-adaptive,Nayuki,3,9,2.5276,194.971,0.302,5893992,0
G4B,semi-adaptive,Nayuki,3,10,2.4071,209.944,0.340,15281752,0
G4B,semi-adaptive,Nayuki,3,11,2.5276,184.026,0.523,-12794000,0
G4B,semi-adaptive,Nayuki,3,12,2.4452,154.831,0.433,-6713472,582160
G4B,semi-adaptive,Nayuki,3,13,2.5731,216.555,0.363,8186488,0
G4B,semi-adaptive,Nayuki,3,14,2.3848,290.417,0.430,22044320,0
G4B,semi-adaptive,Nayuki,3,15,2.4615,148.223,0.222,-4189824,0
G4B,semi-adaptive,Nayuki,3,16,2.5487,14.299,0.098,679248,0
G4B,semi-adaptive,Nayuki,3,17,2.4490,132.553,0.261,40400,224352
G4B,semi-adaptive,Nayuki,3,18,2.6591,250.144,0.394,12455096,0
G4B,semi-adaptive,Nayuki,3,19,2.5190,152.999,0.283,-5463736,124624
G4B,semi-adaptive,Nayuki,3,20,2.6750,190.168,0.352,21202344,0
G4B,semi-adaptive,Nayuki,3,21,2.6186,201.654,0.334,11003096,0
G4B,semi-adaptive,Nayuki,3,22,2.6752,144.381,0.313,151360,584672
G4B,semi-adaptive,Nayuki,3,23,2.6667,211.966,0.347,11657000,0
G4B,semi-adaptive,Nayuki,3,24,2.5517,68.801,0.191,87264,0
G4B,semi-adaptive,Nayuki,3,25,2.6197,113.221,0.325,10272,0
G4B,semi-adaptive,Nayuki,3,26,2.4314,148.436,0.263,4267224,0
G4B,semi-adaptive,Nayuki,3,27,2.4854,11.167,0.052,-7880,82864
G4B,semi-adaptive,Nayuki,3,28,2.5426,337.449,0.497,2986368,0
G4B,semi-adaptive,Nayuki,3,29,2.6495,147.909,0.278,107232,585440
G4B,semi-adaptive,Nayuki,3,30,2.4550,33.675,0.141,7681408,0
G4B,semi-adaptive,Nayuki,3,31,2.6996,85.915,0.212,-5896264,229224
G4B,semi-adaptive,Nayuki,3,32,2.5338,110.019,0.252,402632,0
G4B,semi-adaptive,Nayuki,3,33,2.5205,3.699,0.045,1209432,41544
G4B,semi-adaptive,Nayuki,3,34,2.4756,247.077,0.422,2866920,1050624
G4B,semi-adaptive,Nayuki,3,35,2.3333,157.840,0.356,1392944,0
G4B,semi-adaptive,Nayuki,3,36,2.5755,250.551,0.377,13012512,0
G4B,semi-adaptive,Nayuki,3,37,2.5763,233.408,0.580,12100624,0
G4B,semi-adaptive,Nayuki,3,38,2.5286,259.165,0.425,27686512,375288
G4B,semi-adaptive,Nayuki,4,1,2.9115,147.910,0.237,21228712,0
G4B,semi-adaptive,Nayuki,4,2,2.5891,104.301,0.224,2520872,0
G4B,semi-adaptive,Nayuki,4,3,2.5455,233.971,0.397,6808480,0
G4B,semi-adaptive,Nayuki,4,4,2.4258,140.170,0.290,20972736,0
G4B,semi-adaptive,Nayuki,4,5,2.5736,357.763,0.487,32180832,0
G4B,semi-adaptive,Nayuki,4,6,2.5610,168.788,1.162,24791592,0
G4B,semi-adaptive,Nayuki,4,7,2.4421,110.006,0.253,5642616,0
G4B,semi-adaptive,Nayuki,4,8,2.4494,267.458,0.432,7816840,791800
G4B,semi-adaptive,Nayuki,4,9,2.5276,188.941,0.427,504824,0
G4B,semi-adaptive,Nayuki,4,10,2.4071,214.131,0.358,10848376,578192
G4B,semi-adaptive,Nayuki,4,11,2.5276,184.280,0.418,2805784,0
G4B,semi-adaptive,Nayuki,4,12,2.4452,150.206,0.390,294168,541728
G4B,semi-adaptive,Nayuki,4,13,2.5731,221.929,0.327,4200688,0
G4B,semi-adaptive,Nayuki,4,14,2.3848,338.941,0.459,18619016,0
G4B,semi-adaptive,Nayuki,4,15,2.4615,154.598,0.226,-7269592,0
G4B,semi-adaptive,Nayuki,4,16,2.5487,12.335,0.065,488056,0
G4B,semi-adaptive,Nayuki,4,17,2.4490,134.654,0.263,1913024,0
G4B,semi-adaptive,Nayuki,4,18,2.6591,228.420,0.401,-3526736,0
G4B,semi-adaptive,Nayuki,4,19,2.5190,126.068,0.265,-5808128,0
G4B,semi-adaptive,Nayuki,4,20,2.6750,148.087,0.307,21694704,0
G4B,semi-adaptive,Nayuki,4,21,2.6186,214.070,0.333,11085864,0
G4B,semi-adaptive,Nayuki,4,22,2.6752,165.804,0.324,20403224,168472
G4B,semi-adaptive,Nayuki,4,23,2.6667,194.798,0.338,7277216,0
G4B,semi-adaptive,Nayuki,4,24,2.5517,71.190,0.179,285424,0
G4B,semi-adaptive,Nayuki,4,25,2.6197,109.489,0.342,6630192,0
G4B,semi-adaptive,Nayuki,4,26,2.4314,126.967,0.241,20037848,0
G4B,semi-adaptive,Nayuki,4,27,2.4854,8.559,0.058,2345320,0
G4B,semi-adaptive,Nayuki,4,28,2.5426,334.992,0.473,-15506672,0
G4B,semi-adaptive,Nayuki,4,29,2.6495,149.664,0.293,4392,585448
G4B,semi-adaptive,Nayuki,4,30,2.4550,36.823,0.139,7679656,166192
G4B,semi-adaptive,Nayuki,4,31,2.6996,87.881,0.213,-7707752,0
G4B,semi-adaptive,Nayuki,4,32,2.5338,115.526,0.253,-1128480,100104
G4B,semi-adaptive,Nayuki,4,33,2.5205,4.389,0.040,1206848,82968
G4B,semi-adaptive,Nayuki,4,34,2.4756,232.170,0.562,6243224,750144
G4B,semi-adaptive,Nayuki,4,35,2.3333,152.870,0.233,362688,0
G4B,semi-adaptive,Nayuki,4,36,2.5755,239.808,0.404,8389480,0
G4B,semi-adaptive,Nayuki,4,37,2.5763,245.192,0.394,-6394800,0
G4B,semi-adaptive,Nayuki,4,38,2.5286,283.882,0.412,25230184,0
G4B,semi-adaptive,Nayuki,5,1,2.9115,131.731,0.257,19810848,373536
G4B,semi-adaptive,Nayuki,5,2,2.5891,94.139,0.208,16156432,289904
G4B,semi-adaptive,Nayuki,5,3,2.5455,254.867,0.403,9936592,100960
G4B,semi-adaptive,Nayuki,5,4,2.4258,162.520,0.288,136560,0
G4B,semi-adaptive,Nayuki,5,5,2.5736,387.458,0.511,2125952,0
G4B,semi-adaptive,Nayuki,5,6,2.5610,346.052,0.310,298680,0
G4B,semi-adaptive,Nayuki,5,7,2.4421,144.111,0.425,13599984,0
G4B,semi-adaptive,Nayuki,5,8,2.4494,254.958,0.417,23859152,1050624
G4B,semi-adaptive,Nayuki,5,9,2.5276,175.622,0.316,23777728,0
G4B,semi-adaptive,Nayuki,5,10,2.4071,217.498,0.351,4522600,83184
G4B,semi-adaptive,Nayuki,5,11,2.5276,220.472,0.325,15223976,0
G4B,semi-adaptive,Nayuki,5,12,2.4452,134.444,0.294,376496,541520
G4B,semi-adaptive,Nayuki,5,13,2.5731,213.069,0.404,10008280,0
G4B,semi-adaptive,Nayuki,5,14,2.3848,267.596,0.383,20417464,0
G4B,semi-adaptive,Nayuki,5,15,2.4615,133.276,0.243,10508040,0
G4B,semi-adaptive,Nayuki,5,16,2.5487,8.956,0.078,2755560,82608
G4B,semi-adaptive,Nayuki,5,17,2.4490,134.012,0.265,-45424,225024
G4B,semi-adaptive,Nayuki,5,18,2.6591,226.976,0.403,9044328,0
G4B,semi-adaptive,Nayuki,5,19,2.5190,134.036,0.280,-8374416,597456
G4B,semi-adaptive,Nayuki,5,20,2.6750,180.245,0.327,21695024,0
G4B,semi-adaptive,Nayuki,5,21,2.6186,205.985,0.348,9105160,0
G4B,semi-adaptive,Nayuki,5,22,2.6752,133.598,0.345,20142840,830712
G4B,semi-adaptive,Nayuki,5,23,2.6667,158.680,0.336,23068672,0
G4B,semi-adaptive,Nayuki,5,24,2.5517,65.635,0.186,-11980808,166744
G4B,semi-adaptive,Nayuki,5,25,2.6197,124.867,0.267,18638616,0
G4B,semi-adaptive,Nayuki,5,26,2.4314,141.752,0.256,566784,0
G4B,semi-adaptive,Nayuki,5,27,2.4854,6.964,0.061,2347112,0
G4B,semi-adaptive,Nayuki,5,28,2.5426,445.363,0.516,-17812904,0
G4B,semi-adaptive,Nayuki,5,29,2.6495,136.953,0.292,20351016,623904
G4B,semi-adaptive,Nayuki,5,30,2.4550,33.347,0.144,7614144,165880
G4B,semi-adaptive,Nayuki,5,31,2.6996,87.418,0.200,-6869040,0
G4B,semi-adaptive,Nayuki,5,32,2.5338,111.143,0.244,317624,0
G4B,semi-adaptive,Nayuki,5,33,2.5205,3.480,0.038,1209336,41608
G4B,semi-adaptive,Nayuki,5,34,2.4756,236.409,0.569,783440,454456
G4B,semi-adaptive,Nayuki,5,35,2.3333,170.203,0.243,20070528,0
G4B,semi-adaptive,Nayuki,5,36,2.5755,228.908,0.412,15051232,0
G4B,semi-adaptive,Nayuki,5,37,2.5763,223.593,0.396,6019368,0
G4B,semi-adaptive,Nayuki,5,38,2.5286,273.339,0.456,26237192,0
G4B,adaptive,BigDecimal,1,1,3.0590,328.809,10.300,51636296,-81790832
G4B,adaptive,BigDecimal,1,2,2.7709,182.662,9.461,28268120,-11924328
G4B,adaptive,BigDecimal,1,3,2.7102,504.235,15.788,29219328,-63957240
G4B,adaptive,BigDecimal,1,4,2.6000,404.843,11.450,25316464,-97505536
G4B,adaptive,BigDecimal,1,5,2.7232,680.626,14.027,9573832,-56617552
G4B,adaptive,BigDecimal,1,6,2.7195,353.196,12.333,31313024,-73404872
G4B,adaptive,BigDecimal,1,7,2.6386,255.401,10.695,71109600,-71291360
G4B,adaptive,BigDecimal,1,8,2.6124,431.141,11.575,53328928,26216448
G4B,adaptive,BigDecimal,1,9,2.7025,455.220,12.528,77784536,22018048
G4B,adaptive,BigDecimal,1,10,2.5723,401.883,10.738,73185352,23068672
G4B,adaptive,BigDecimal,1,11,2.7025,395.218,11.647,65837240,23068672
G4B,adaptive,BigDecimal,1,12,2.6346,286.955,9.064,15752376,18874368
G4B,adaptive,BigDecimal,1,13,2.7339,449.830,10.865,76431512,24119296
G4B,adaptive,BigDecimal,1,14,2.5393,548.430,12.173,88920480,25165824
G4B,adaptive,BigDecimal,1,15,2.6455,277.904,8.505,59508040,18874368
G4B,adaptive,BigDecimal,1,16,2.8496,21.322,2.577,4536336,5244928
G4B,adaptive,BigDecimal,1,17,2.6156,282.395,8.861,73289048,-72343920
G4B,adaptive,BigDecimal,1,18,2.8210,491.665,16.399,4501832,3156464
G4B,adaptive,BigDecimal,1,19,2.6782,272.947,9.172,14910256,19920896
G4B,adaptive,BigDecimal,1,20,2.8250,343.836,10.195,48088696,19920896
G4B,adaptive,BigDecimal,1,21,2.7808,386.323,10.407,39336128,23068672
G4B,adaptive,BigDecimal,1,22,2.8392,336.052,10.392,6079248,-76547088
G4B,adaptive,BigDecimal,1,23,2.8121,388.913,10.266,19700864,22018048
G4B,adaptive,BigDecimal,1,24,2.7629,134.019,7.807,22582336,-16049864
G4B,adaptive,BigDecimal,1,25,2.7993,252.070,10.060,72245416,17827840
G4B,adaptive,BigDecimal,1,26,2.6209,317.612,12.081,23742016,-89084088
G4B,adaptive,BigDecimal,1,27,2.7864,17.213,1.458,3063496,3143680
G4B,adaptive,BigDecimal,1,28,2.6873,598.406,12.354,68044744,-61865256
G4B,adaptive,BigDecimal,1,29,2.8167,368.673,9.380,4059528,19920896
G4B,adaptive,BigDecimal,1,30,2.6614,78.707,11.981,16054824,-18417048
G4B,adaptive,BigDecimal,1,31,2.8889,150.875,7.161,46711064,14680064
G4B,adaptive,BigDecimal,1,32,2.7260,241.176,8.334,46071392,18874368
G4B,adaptive,BigDecimal,1,33,2.8904,7.659,1.164,7746720,1832000
G4B,adaptive,BigDecimal,1,34,2.6332,428.110,11.902,19882912,-153094240
G4B,adaptive,BigDecimal,1,35,2.5224,319.299,9.183,72731096,18874368
G4B,adaptive,BigDecimal,1,36,2.7379,459.898,13.140,120408648,25165824
G4B,adaptive,BigDecimal,1,37,2.7203,521.188,14.631,93057352,25165824
G4B,adaptive,BigDecimal,1,38,2.6703,528.223,12.903,19705744,27262976
G4B,adaptive,BigDecimal,2,1,3.0590,309.654,9.049,48048208,18874368
G4B,adaptive,BigDecimal,2,2,2.7709,199.935,9.154,50611920,-45091440
G4B,adaptive,BigDecimal,2,3,2.7102,479.021,18.319,73349672,25165824
G4B,adaptive,BigDecimal,2,4,2.6000,325.158,11.888,78511824,-53491352
G4B,adaptive,BigDecimal,2,5,2.7232,664.548,13.025,87854208,31457280
G4B,adaptive,BigDecimal,2,6,2.7195,392.845,11.425,22915464,-77590856
G4B,adaptive,BigDecimal,2,7,2.6386,238.218,8.788,66919040,-71302912
G4B,adaptive,BigDecimal,2,8,2.6124,418.403,11.753,44941880,26216448
G4B,adaptive,BigDecimal,2,9,2.7025,362.606,10.118,22919248,22018048
G4B,adaptive,BigDecimal,2,10,2.5723,375.315,11.194,39743768,-69210032
G4B,adaptive,BigDecimal,2,11,2.7025,378.017,13.076,80545048,23068672
G4B,adaptive,BigDecimal,2,12,2.6346,298.478,8.690,31245936,18874368
G4B,adaptive,BigDecimal,2,13,2.7339,453.535,10.758,28086040,23068672
G4B,adaptive,BigDecimal,2,14,2.5393,506.820,12.997,53374672,-65012480
G4B,adaptive,BigDecimal,2,15,2.6455,257.160,8.542,68277752,18874368
G4B,adaptive,BigDecimal,2,16,2.8496,22.611,2.515,215080,5244928
G4B,adaptive,BigDecimal,2,17,2.6156,316.291,8.407,75405640,17823744
G4B,adaptive,BigDecimal,2,18,2.8210,470.355,13.304,16635496,26216448
G4B,adaptive,BigDecimal,2,19,2.6782,271.242,8.788,7087080,18874368
G4B,adaptive,BigDecimal,2,20,2.8250,356.977,9.729,64939944,19920896
G4B,adaptive,BigDecimal,2,21,2.7808,390.638,11.535,18700504,22018048
G4B,adaptive,BigDecimal,2,22,2.8392,320.361,10.025,46048760,19924992
G4B,adaptive,BigDecimal,2,23,2.8121,396.268,13.742,86799784,22018048
G4B,adaptive,BigDecimal,2,24,2.7629,125.035,6.115,57723600,13629440
G4B,adaptive,BigDecimal,2,25,2.7993,260.218,9.606,11472872,17827840
G4B,adaptive,BigDecimal,2,26,2.6209,301.290,8.879,70252336,19920896
G4B,adaptive,BigDecimal,2,27,2.7864,14.193,2.058,2906376,540576
G4B,adaptive,BigDecimal,2,28,2.6873,600.921,12.494,88974824,28309504
G4B,adaptive,BigDecimal,2,29,2.8167,335.395,9.243,4030768,20971520
G4B,adaptive,BigDecimal,2,30,2.6614,95.177,5.200,18646256,10485760
G4B,adaptive,BigDecimal,2,31,2.8889,148.220,7.778,46721304,-39854112
G4B,adaptive,BigDecimal,2,32,2.7260,264.990,11.384,64905512,-79691840
G4B,adaptive,BigDecimal,2,33,2.8904,7.280,2.163,7634824,1046528
G4B,adaptive,BigDecimal,2,34,2.6332,433.341,11.226,42848840,23068672
G4B,adaptive,BigDecimal,2,35,2.5224,301.893,9.164,60563824,18874368
G4B,adaptive,BigDecimal,2,36,2.7379,493.595,14.606,65838216,-66063368
G4B,adaptive,BigDecimal,2,37,2.7203,482.612,12.127,81557000,25165824
G4B,adaptive,BigDecimal,2,38,2.6703,555.854,12.954,21797368,27262976
G4B,adaptive,BigDecimal,3,1,3.0590,309.813,13.133,12428504,18874368
G4B,adaptive,BigDecimal,3,2,2.7709,203.164,8.248,55614480,17823744
G4B,adaptive,BigDecimal,3,3,2.7102,493.227,20.595,60792040,-67111536
G4B,adaptive,BigDecimal,3,4,2.6000,322.878,9.491,59635144,22018048
G4B,adaptive,BigDecimal,3,5,2.7232,645.886,13.393,14447784,31457280
G4B,adaptive,BigDecimal,3,6,2.7195,370.448,10.675,31310840,23068672
G4B,adaptive,BigDecimal,3,7,2.6386,247.379,9.517,41529784,12683096
G4B,adaptive,BigDecimal,3,8,2.6124,449.308,14.479,28130368,-78642920
G4B,adaptive,BigDecimal,3,9,2.7025,348.876,10.160,27159736,22018048
G4B,adaptive,BigDecimal,3,10,2.5723,407.244,12.259,33400296,23068672
G4B,adaptive,BigDecimal,3,11,2.7025,343.202,12.741,42913104,-69198576
G4B,adaptive,BigDecimal,3,12,2.6346,276.157,9.299,54391888,18874368
G4B,adaptive,BigDecimal,3,13,2.7339,429.060,11.376,28109704,-66049120
G4B,adaptive,BigDecimal,3,14,2.5393,516.241,12.043,6095584,25165824
G4B,adaptive,BigDecimal,3,15,2.6455,298.394,9.378,37376064,18874368
G4B,adaptive,BigDecimal,3,16,2.8496,22.343,2.713,214824,5244928
G4B,adaptive,BigDecimal,3,17,2.6156,294.542,8.455,52247976,17823744
G4B,adaptive,BigDecimal,3,18,2.8210,461.770,13.209,37656656,-76540488
G4B,adaptive,BigDecimal,3,19,2.6782,269.128,8.879,771320,18874368
G4B,adaptive,BigDecimal,3,20,2.8250,390.587,13.623,125103752,19920896
G4B,adaptive,BigDecimal,3,21,2.7808,424.475,10.820,27308864,23068672
G4B,adaptive,BigDecimal,3,22,2.8392,396.158,12.312,48149856,19924992
G4B,adaptive,BigDecimal,3,23,2.8121,376.684,10.345,67470144,22018048
G4B,adaptive,BigDecimal,3,24,2.7629,141.788,7.279,14201944,13629440
G4B,adaptive,BigDecimal,3,25,2.7993,285.985,9.345,38735032,-76533600
G4B,adaptive,BigDecimal,3,26,2.6209,291.076,8.849,21822216,19920896
G4B,adaptive,BigDecimal,3,27,2.7864,15.966,1.362,4787272,3143680
G4B,adaptive,BigDecimal,3,28,2.6873,603.980,14.205,17681160,28309504
G4B,adaptive,BigDecimal,3,29,2.8167,320.121,10.157,4035976,19920896
G4B,adaptive,BigDecimal,3,30,2.6614,78.715,5.514,20250432,10485752
G4B,adaptive,BigDecimal,3,31,2.8889,154.039,7.606,46421992,14680064
G4B,adaptive,BigDecimal,3,32,2.7260,254.198,9.672,33708440,18874368
G4B,adaptive,BigDecimal,3,33,2.8904,6.066,4.382,7632696,1841544
G4B,adaptive,BigDecimal,3,34,2.6332,457.255,11.250,61796608,23068672
G4B,adaptive,BigDecimal,3,35,2.5224,327.243,9.033,18452056,18874368
G4B,adaptive,BigDecimal,3,36,2.7379,458.645,13.509,47115448,-63961600
G4B,adaptive,BigDecimal,3,37,2.7203,475.205,12.322,94145088,25165824
G4B,adaptive,BigDecimal,3,38,2.6703,574.667,14.961,4829752,-65005816
G4B,adaptive,BigDecimal,4,1,3.0590,330.704,8.873,33178016,18874368
G4B,adaptive,BigDecimal,4,2,2.7709,193.207,8.946,51629528,-45098672
G4B,adaptive,BigDecimal,4,3,2.7102,470.675,13.289,48164128,-67106112
G4B,adaptive,BigDecimal,4,4,2.6000,305.228,12.007,22845688,22018048
G4B,adaptive,BigDecimal,4,5,2.7232,703.037,13.906,151973600,-161481640
G4B,adaptive,BigDecimal,4,6,2.7195,362.783,14.877,33402256,23068672
G4B,adaptive,BigDecimal,4,7,2.6386,258.474,8.676,31361072,18874368
G4B,adaptive,BigDecimal,4,8,2.6124,442.938,12.385,76459752,-68148496
G4B,adaptive,BigDecimal,4,9,2.7025,340.777,11.053,31227472,22018048
G4B,adaptive,BigDecimal,4,10,2.5723,378.312,10.473,79658616,23068672
G4B,adaptive,BigDecimal,4,11,2.7025,358.589,12.870,53211112,-16785376
G4B,adaptive,BigDecimal,4,12,2.6346,300.802,8.721,78041816,19924992
G4B,adaptive,BigDecimal,4,13,2.7339,385.496,11.132,61763200,24119296
G4B,adaptive,BigDecimal,4,14,2.5393,544.404,15.772,14498320,2101088
G4B,adaptive,BigDecimal,4,15,2.6455,250.111,9.541,31309896,18874368
G4B,adaptive,BigDecimal,4,16,2.8496,21.856,2.747,217176,5244928
G4B,adaptive,BigDecimal,4,17,2.6156,284.361,8.888,20889336,17823744
G4B,adaptive,BigDecimal,4,18,2.8210,595.679,13.877,39755376,26216448
G4B,adaptive,BigDecimal,4,19,2.6782,264.705,9.023,32253840,18874368
G4B,adaptive,BigDecimal,4,20,2.8250,363.793,10.595,54498544,19920896
G4B,adaptive,BigDecimal,4,21,2.7808,381.221,12.032,18705952,23068672
G4B,adaptive,BigDecimal,4,22,2.8392,327.012,10.932,31298752,19924992
G4B,adaptive,BigDecimal,4,23,2.8121,373.267,10.523,36511392,22018048
G4B,adaptive,BigDecimal,4,24,2.7629,138.271,7.680,30837400,13629440
G4B,adaptive,BigDecimal,4,25,2.7993,323.972,8.674,15413536,-74447504
G4B,adaptive,BigDecimal,4,26,2.6209,273.262,8.921,9254184,20971520
G4B,adaptive,BigDecimal,4,27,2.7864,14.552,1.375,508248,2841888
G4B,adaptive,BigDecimal,4,28,2.6873,572.651,13.406,997608,28309504
G4B,adaptive,BigDecimal,4,29,2.8167,322.526,9.255,73214416,20971520
G4B,adaptive,BigDecimal,4,30,2.6614,77.354,4.468,39358480,10485760
G4B,adaptive,BigDecimal,4,31,2.8889,156.961,7.793,21283152,14680064
G4B,adaptive,BigDecimal,4,32,2.7260,273.468,9.744,76255712,18874368
G4B,adaptive,BigDecimal,4,33,2.8904,6.317,2.770,7625344,1749040
G4B,adaptive,BigDecimal,4,34,2.6332,422.922,11.884,24059080,-148899728
G4B,adaptive,BigDecimal,4,35,2.5224,302.805,8.237,59808224,18874368
G4B,adaptive,BigDecimal,4,36,2.7379,471.498,12.812,895920,25165824
G4B,adaptive,BigDecimal,4,37,2.7203,540.496,12.300,89965064,25165824
G4B,adaptive,BigDecimal,4,38,2.6703,544.055,13.150,19740504,27262976
G4B,adaptive,BigDecimal,5,1,3.0590,313.304,10.863,10354856,18874368
G4B,adaptive,BigDecimal,5,2,2.7709,194.208,10.004,58364704,3921408
G4B,adaptive,BigDecimal,5,3,2.7102,464.271,12.067,83852016,25165824
G4B,adaptive,BigDecimal,5,4,2.6000,316.470,9.539,23867776,22018048
G4B,adaptive,BigDecimal,5,5,2.7232,662.681,12.877,81570816,31457280
G4B,adaptive,BigDecimal,5,6,2.7195,381.270,10.637,60105904,23068672
G4B,adaptive,BigDecimal,5,7,2.6386,253.713,10.269,33420608,18874368
G4B,adaptive,BigDecimal,5,8,2.6124,443.903,12.872,44863704,26216448
G4B,adaptive,BigDecimal,5,9,2.7025,361.021,10.039,38141688,22018048
G4B,adaptive,BigDecimal,5,10,2.5723,401.030,11.761,45917656,-79688408
G4B,adaptive,BigDecimal,5,11,2.7025,380.774,10.626,42884672,23068672
G4B,adaptive,BigDecimal,5,12,2.6346,295.031,9.461,4100768,19924992
G4B,adaptive,BigDecimal,5,13,2.7339,398.970,11.570,70180680,23068672
G4B,adaptive,BigDecimal,5,14,2.5393,491.831,12.140,14549296,25165824
G4B,adaptive,BigDecimal,5,15,2.6455,267.989,10.694,9266760,-71302704
G4B,adaptive,BigDecimal,5,16,2.8496,26.143,2.519,6467368,5244928
G4B,adaptive,BigDecimal,5,17,2.6156,285.017,12.579,58560872,17823744
G4B,adaptive,BigDecimal,5,18,2.8210,512.888,12.165,113634184,26216448
G4B,adaptive,BigDecimal,5,19,2.6782,276.993,9.755,36487784,18874368
G4B,adaptive,BigDecimal,5,20,2.8250,355.368,9.589,45807584,19920896
G4B,adaptive,BigDecimal,5,21,2.7808,377.957,10.610,27098464,-67108064
G4B,adaptive,BigDecimal,5,22,2.8392,345.459,11.191,31296432,19924992
G4B,adaptive,BigDecimal,5,23,2.8121,442.301,12.487,11086584,-68157424
G4B,adaptive,BigDecimal,5,24,2.7629,135.769,6.157,27001680,13629440
G4B,adaptive,BigDecimal,5,25,2.7993,273.740,8.757,9358632,17827840
G4B,adaptive,BigDecimal,5,26,2.6209,312.403,8.810,65978952,20971520
G4B,adaptive,BigDecimal,5,27,2.7864,16.654,1.693,5084768,3143680
G4B,adaptive,BigDecimal,5,28,2.6873,640.735,14.184,23979088,28309504
G4B,adaptive,BigDecimal,5,29,2.8167,312.865,12.816,4036312,-2551600
G4B,adaptive,BigDecimal,5,30,2.6614,81.219,5.134,18037232,10485760
G4B,adaptive,BigDecimal,5,31,2.8889,149.004,7.578,46509928,-39858848
G4B,adaptive,BigDecimal,5,32,2.7260,254.450,9.023,46074600,18874368
G4B,adaptive,BigDecimal,5,33,2.8904,6.133,3.774,7622952,1832968
G4B,adaptive,BigDecimal,5,34,2.6332,406.665,13.513,24071608,-153084632
G4B,adaptive,BigDecimal,5,35,2.5224,343.121,8.485,51290528,18874368
G4B,adaptive,BigDecimal,5,36,2.7379,468.920,11.839,34539136,25165824
G4B,adaptive,BigDecimal,5,37,2.7203,474.852,12.917,12399344,25165824
G4B,adaptive,BigDecimal,5,38,2.6703,527.023,17.945,19746728,-62911640
G4B,adaptive,Nayuki,1,1,3.0689,143.533,0.245,21346616,0
G4B,adaptive,Nayuki,1,2,2.7927,120.522,0.198,17535032,0
G4B,adaptive,Nayuki,1,3,2.7045,252.903,0.407,26844488,662136
G4B,adaptive,Nayuki,1,4,2.6065,173.904,0.299,21216688,0
G4B,adaptive,Nayuki,1,5,2.7132,376.707,0.496,34592680,662336
G4B,adaptive,Nayuki,1,6,2.7317,215.673,0.322,23512936,113448
G4B,adaptive,Nayuki,1,7,2.6386,119.371,0.276,17782168,661712
G4B,adaptive,Nayuki,1,8,2.6292,266.499,0.647,27308416,0
G4B,adaptive,Nayuki,1,9,2.6994,186.477,0.318,23308200,0
G4B,adaptive,Nayuki,1,10,2.5723,211.907,0.327,25403632,0
G4B,adaptive,Nayuki,1,11,2.6994,193.476,0.326,23505208,0
G4B,adaptive,Nayuki,1,12,2.6312,153.831,0.277,20091216,0
G4B,adaptive,Nayuki,1,13,2.7368,233.014,0.355,25602776,0
G4B,adaptive,Nayuki,1,14,2.5366,372.896,0.427,29603192,0
G4B,adaptive,Nayuki,1,15,2.6488,143.004,0.225,19893944,0
G4B,adaptive,Nayuki,1,16,2.9027,13.509,0.068,2847912,41560
G4B,adaptive,Nayuki,1,17,2.6395,157.687,0.261,18766896,0
G4B,adaptive,Nayuki,1,18,2.8182,258.203,0.416,27029040,655352
G4B,adaptive,Nayuki,1,19,2.6851,153.080,0.414,18449552,0
G4B,adaptive,Nayuki,1,20,2.8250,235.668,0.355,22458376,0
G4B,adaptive,Nayuki,1,21,2.7868,238.985,0.328,24289144,662048
G4B,adaptive,Nayuki,1,22,2.8553,168.393,0.303,21209648,0
G4B,adaptive,Nayuki,1,23,2.8121,202.528,0.406,24087072,0
G4B,adaptive,Nayuki,1,24,2.7586,84.124,0.260,12368960,0
G4B,adaptive,Nayuki,1,25,2.7887,173.885,0.263,17986456,0
G4B,adaptive,Nayuki,1,26,2.6405,177.759,0.264,20778152,0
G4B,adaptive,Nayuki,1,27,2.7961,10.809,0.056,2551728,41592
G4B,adaptive,Nayuki,1,28,2.6873,343.223,0.489,32233960,0
G4B,adaptive,Nayuki,1,29,2.8296,167.656,0.270,20997632,0
G4B,adaptive,Nayuki,1,30,2.6667,42.613,0.136,8112640,82608
G4B,adaptive,Nayuki,1,31,2.8971,87.321,0.250,13210488,0
G4B,adaptive,Nayuki,1,32,2.7046,123.434,0.251,17782600,0
G4B,adaptive,Nayuki,1,33,2.9589,3.034,0.034,1190584,0
G4B,adaptive,Nayuki,1,34,2.6361,251.850,0.383,26702952,0
G4B,adaptive,Nayuki,1,35,2.5385,185.900,0.240,21013560,121800
G4B,adaptive,Nayuki,1,36,2.7350,259.932,0.384,27040424,0
G4B,adaptive,Nayuki,1,37,2.7119,268.665,0.395,27699528,0
G4B,adaptive,Nayuki,1,38,2.6812,298.428,0.433,29412304,0
G4B,adaptive,Nayuki,2,1,3.0689,165.728,0.246,20547616,0
G4B,adaptive,Nayuki,2,2,2.7927,142.372,0.203,17240616,0
G4B,adaptive,Nayuki,2,3,2.7045,327.380,0.512,27045704,662136
G4B,adaptive,Nayuki,2,4,2.6065,176.596,0.295,21017520,0
G4B,adaptive,Nayuki,2,5,2.7132,379.780,0.500,34589608,662336
G4B,adaptive,Nayuki,2,6,2.7317,191.270,0.335,23504232,113448
G4B,adaptive,Nayuki,2,7,2.6386,130.803,0.290,17973144,661712
G4B,adaptive,Nayuki,2,8,2.6292,287.194,0.397,27705728,0
G4B,adaptive,Nayuki,2,9,2.6994,198.660,0.503,23703464,0
G4B,adaptive,Nayuki,2,10,2.5723,203.560,0.324,25603824,0
G4B,adaptive,Nayuki,2,11,2.6994,193.728,0.329,23113528,0
G4B,adaptive,Nayuki,2,12,2.6312,168.495,0.280,20084048,0
G4B,adaptive,Nayuki,2,13,2.7368,226.847,0.344,25406680,0
G4B,adaptive,Nayuki,2,14,2.5366,306.197,0.438,29605240,0
G4B,adaptive,Nayuki,2,15,2.6488,154.843,0.226,20082872,0
G4B,adaptive,Nayuki,2,16,2.9027,14.265,0.068,3057832,41560
G4B,adaptive,Nayuki,2,17,2.6395,165.739,0.266,18926104,0
G4B,adaptive,Nayuki,2,18,2.8182,244.901,0.407,27304504,0
G4B,adaptive,Nayuki,2,19,2.6851,144.100,0.277,18633176,0
G4B,adaptive,Nayuki,2,20,2.8250,205.919,0.476,22651320,0
G4B,adaptive,Nayuki,2,21,2.7868,238.799,0.332,24086888,662032
G4B,adaptive,Nayuki,2,22,2.8553,175.255,0.301,21016088,0
G4B,adaptive,Nayuki,2,23,2.8121,219.596,0.354,24279072,0
G4B,adaptive,Nayuki,2,24,2.7586,86.738,0.181,12174912,0
G4B,adaptive,Nayuki,2,25,2.7887,127.686,0.264,17790872,0
G4B,adaptive,Nayuki,2,26,2.6405,180.959,0.259,20549800,0
G4B,adaptive,Nayuki,2,27,2.7961,11.004,0.064,2549680,41592
G4B,adaptive,Nayuki,2,28,2.6873,380.720,0.497,32231912,0
G4B,adaptive,Nayuki,2,29,2.8296,180.229,0.270,21180928,0
G4B,adaptive,Nayuki,2,30,2.6667,63.550,0.134,8283648,82608
G4B,adaptive,Nayuki,2,31,2.8971,78.245,0.206,13409656,0
G4B,adaptive,Nayuki,2,32,2.7046,138.933,0.374,17765192,0
G4B,adaptive,Nayuki,2,33,2.9589,3.029,0.034,1190584,0
G4B,adaptive,Nayuki,2,34,2.6361,270.483,0.377,27107944,0
G4B,adaptive,Nayuki,2,35,2.5385,173.920,0.237,21327872,0
G4B,adaptive,Nayuki,2,36,2.7350,250.436,0.378,26837672,0
G4B,adaptive,Nayuki,2,37,2.7119,279.154,0.624,27702600,0
G4B,adaptive,Nayuki,2,38,2.6812,284.924,0.525,29601232,0
G4B,adaptive,Nayuki,3,1,3.0689,163.725,0.241,20771872,0
G4B,adaptive,Nayuki,3,2,2.7927,128.432,0.204,16831016,0
G4B,adaptive,Nayuki,3,3,2.7045,267.395,0.425,27039560,662136
G4B,adaptive,Nayuki,3,4,2.6065,173.548,0.293,21627312,0
G4B,adaptive,Nayuki,3,5,2.7132,373.568,0.501,34772392,662336
G4B,adaptive,Nayuki,3,6,2.7317,212.352,0.326,23120744,113448
G4B,adaptive,Nayuki,3,7,2.6386,120.528,0.270,17789336,661712
G4B,adaptive,Nayuki,3,8,2.6292,263.005,0.382,27510144,0
G4B,adaptive,Nayuki,3,9,2.6994,183.438,0.316,23302568,0
G4B,adaptive,Nayuki,3,10,2.5723,229.498,0.324,25403120,0
G4B,adaptive,Nayuki,3,11,2.6994,200.284,0.334,23506232,0
G4B,adaptive,Nayuki,3,12,2.6312,166.859,0.275,20077904,0
G4B,adaptive,Nayuki,3,13,2.7368,315.352,0.359,25603800,0
G4B,adaptive,Nayuki,3,14,2.5366,286.829,0.441,29798776,0
G4B,adaptive,Nayuki,3,15,2.6488,148.927,0.237,19912888,0
G4B,adaptive,Nayuki,3,16,2.9027,12.751,0.075,3045032,41560
G4B,adaptive,Nayuki,3,17,2.6395,148.792,0.261,18730528,0
G4B,adaptive,Nayuki,3,18,2.8182,247.835,0.397,26837560,655352
G4B,adaptive,Nayuki,3,19,2.6851,148.355,0.282,18449040,0
G4B,adaptive,Nayuki,3,20,2.8250,194.563,0.391,22836752,0
G4B,adaptive,Nayuki,3,21,2.7868,214.284,0.327,24278392,662048
G4B,adaptive,Nayuki,3,22,2.8553,171.060,0.294,21405232,0
G4B,adaptive,Nayuki,3,23,2.8121,187.439,0.352,24279072,0
G4B,adaptive,Nayuki,3,24,2.7586,75.420,0.232,12378176,0
G4B,adaptive,Nayuki,3,25,2.7887,114.847,0.259,17782168,0
G4B,adaptive,Nayuki,3,26,2.6405,156.196,0.276,20575400,0
G4B,adaptive,Nayuki,3,27,2.7961,11.176,0.054,2547120,41592
G4B,adaptive,Nayuki,3,28,2.6873,353.948,0.506,34011872,0
G4B,adaptive,Nayuki,3,29,2.8296,183.149,0.270,21428136,0
G4B,adaptive,Nayuki,3,30,2.6667,55.780,0.133,7956848,82800
G4B,adaptive,Nayuki,3,31,2.8971,67.912,0.207,13211128,0
G4B,adaptive,Nayuki,3,32,2.7046,124.020,0.255,17782032,0
G4B,adaptive,Nayuki,3,33,2.9589,2.998,0.033,1191248,0
G4B,adaptive,Nayuki,3,34,2.6361,208.210,0.375,27107208,0
G4B,adaptive,Nayuki,3,35,2.5385,158.109,0.250,21416848,121440
G4B,adaptive,Nayuki,3,36,2.7350,218.684,0.368,26843424,0
G4B,adaptive,Nayuki,3,37,2.7119,250.176,0.386,27305288,0
G4B,adaptive,Nayuki,3,38,2.6812,234.052,0.426,29205464,0
G4B,adaptive,Nayuki,4,1,3.0689,145.712,0.243,20775376,0
G4B,adaptive,Nayuki,4,2,2.7927,105.616,0.244,17429688,0
G4B,adaptive,Nayuki,4,3,2.7045,210.063,0.430,26837728,661480
G4B,adaptive,Nayuki,4,4,2.6065,156.600,0.289,21408232,0
G4B,adaptive,Nayuki,4,5,2.7132,370.447,0.517,34713728,663208
G4B,adaptive,Nayuki,4,6,2.7317,220.230,0.580,23093504,113656
G4B,adaptive,Nayuki,4,7,2.6386,135.129,0.305,17803064,661560
G4B,adaptive,Nayuki,4,8,2.6292,238.432,0.397,27699728,0
G4B,adaptive,Nayuki,4,9,2.6994,186.867,0.317,23303592,0
G4B,adaptive,Nayuki,4,10,2.5723,203.632,0.335,25717520,0
G4B,adaptive,Nayuki,4,11,2.6994,208.955,0.326,23449936,0
G4B,adaptive,Nayuki,4,12,2.6312,169.726,0.284,19888384,0
G4B,adaptive,Nayuki,4,13,2.7368,257.508,0.365,25408600,0
G4B,adaptive,Nayuki,4,14,2.5366,316.295,0.433,29607040,0
G4B,adaptive,Nayuki,4,15,2.6488,171.881,0.227,19885720,0
G4B,adaptive,Nayuki,4,16,2.9027,12.631,0.071,3052200,41560
G4B,adaptive,Nayuki,4,17,2.6395,155.370,0.271,18773040,0
G4B,adaptive,Nayuki,4,18,2.8182,260.452,0.415,27029040,655352
G4B,adaptive,Nayuki,4,19,2.6851,158.382,0.364,18455696,0
G4B,adaptive,Nayuki,4,20,2.8250,213.706,0.355,22834184,0
G4B,adaptive,Nayuki,4,21,2.7868,225.839,0.347,24278392,662048
G4B,adaptive,Nayuki,4,22,2.8553,175.829,0.368,21211696,0
G4B,adaptive,Nayuki,4,23,2.8121,218.633,0.376,24281120,0
G4B,adaptive,Nayuki,4,24,2.7586,95.933,0.192,12173376,0
G4B,adaptive,Nayuki,4,25,2.7887,120.851,0.264,18174360,0
G4B,adaptive,Nayuki,4,26,2.6405,171.273,0.275,20555432,0
G4B,adaptive,Nayuki,4,27,2.7961,10.529,0.055,2349488,41592
G4B,adaptive,Nayuki,4,28,2.6873,359.161,0.704,32077288,0
G4B,adaptive,Nayuki,4,29,2.8296,172.634,0.267,20996608,0
G4B,adaptive,Nayuki,4,30,2.6667,45.219,0.135,8112128,82608
G4B,adaptive,Nayuki,4,31,2.8971,73.669,0.240,13405560,0
G4B,adaptive,Nayuki,4,32,2.7046,161.260,0.257,17794888,0
G4B,adaptive,Nayuki,4,33,2.9589,3.594,0.035,1190584,0
G4B,adaptive,Nayuki,4,34,2.6361,245.800,0.442,26509416,0
G4B,adaptive,Nayuki,4,35,2.5385,179.606,0.264,21217848,121800
G4B,adaptive,Nayuki,4,36,2.7350,263.295,0.393,26848424,0
G4B,adaptive,Nayuki,4,37,2.7119,236.643,0.414,27301192,0
G4B,adaptive,Nayuki,4,38,2.6812,244.337,0.433,29600208,0
G4B,adaptive,Nayuki,5,1,3.0689,169.353,0.237,20354088,0
G4B,adaptive,Nayuki,5,2,2.7927,107.113,0.198,17016872,0
G4B,adaptive,Nayuki,5,3,2.7045,233.569,0.550,27040584,662136
G4B,adaptive,Nayuki,5,4,2.6065,171.453,0.288,21408176,0
G4B,adaptive,Nayuki,5,5,2.7132,295.288,0.500,34458320,663504
G4B,adaptive,Nayuki,5,6,2.7317,176.390,0.349,23619344,113632
G4B,adaptive,Nayuki,5,7,2.6386,134.793,0.272,17787720,661640
G4B,adaptive,Nayuki,5,8,2.6292,221.186,0.382,27308584,0
G4B,adaptive,Nayuki,5,9,2.6994,168.608,0.313,23499096,0
G4B,adaptive,Nayuki,5,10,2.5723,190.958,0.417,25406192,0
G4B,adaptive,Nayuki,5,11,2.6994,176.068,0.319,23311600,0
G4B,adaptive,Nayuki,5,12,2.6312,185.740,0.362,19897680,0
G4B,adaptive,Nayuki,5,13,2.7368,197.996,0.373,25212632,0
G4B,adaptive,Nayuki,5,14,2.5366,245.927,0.528,29407096,0
G4B,adaptive,Nayuki,5,15,2.6488,134.550,0.227,19693752,0
G4B,adaptive,Nayuki,5,16,2.9027,12.914,0.068,2847912,41560
G4B,adaptive,Nayuki,5,17,2.6395,146.876,0.262,18926616,0
G4B,adaptive,Nayuki,5,18,2.8182,230.296,0.409,27221560,655352
G4B,adaptive,Nayuki,5,19,2.6851,131.598,0.318,18451600,0
G4B,adaptive,Nayuki,5,20,2.8250,187.295,0.322,22653448,0
G4B,adaptive,Nayuki,5,21,2.7868,202.857,0.329,24084856,662048
G4B,adaptive,Nayuki,5,22,2.8553,180.896,0.302,21022256,0
G4B,adaptive,Nayuki,5,23,2.8121,195.592,0.344,24524424,0
G4B,adaptive,Nayuki,5,24,2.7586,87.397,0.185,12310488,0
G4B,adaptive,Nayuki,5,25,2.7887,143.795,0.260,17793464,0
G4B,adaptive,Nayuki,5,26,2.6405,163.579,0.260,20763320,0
G4B,adaptive,Nayuki,5,27,2.7961,11.667,0.064,2544672,41656
G4B,adaptive,Nayuki,5,28,2.6873,356.591,0.482,33944424,611488
G4B,adaptive,Nayuki,5,29,2.8296,178.647,0.285,21220272,0
G4B,adaptive,Nayuki,5,30,2.6667,71.995,0.136,7952216,82800
G4B,adaptive,Nayuki,5,31,2.8971,82.701,0.205,13407736,0
G4B,adaptive,Nayuki,5,32,2.7046,419.211,0.338,17773328,0
G4B,adaptive,Nayuki,5,33,2.9589,3.991,0.053,1191248,0
G4B,adaptive,Nayuki,5,34,2.6361,406.747,0.365,27109256,0
G4B,adaptive,Nayuki,5,35,2.5385,179.872,0.245,21397904,121440
G4B,adaptive,Nayuki,5,36,2.7350,218.526,0.392,26851104,0
G4B,adaptive,Nayuki,5,37,2.7119,245.885,0.393,27697480,0
G4B,adaptive,Nayuki,5,38,2.6812,329.105,0.425,29598680,0
G5B,static,BigDecimal,1,1,3.1508,300.275,5.271,108609256,11536384
G5B,static,BigDecimal,1,2,2.8909,201.125,5.122,50692768,9439232
G5B,static,BigDecimal,1,3,2.7869,421.232,7.226,73920488,14680064
G5B,static,BigDecimal,1,4,2.7097,262.067,6.163,62097672,-142582296
G5B,static,BigDecimal,1,5,2.7431,548.013,9.829,54392088,-14679936
G5B,static,BigDecimal,1,6,2.7835,323.555,5.948,35386976,12582912
G5B,static,BigDecimal,1,7,2.6737,214.916,5.882,17638608,10485760
G5B,static,BigDecimal,1,8,2.7022,406.218,7.343,46509008,15726592
G5B,static,BigDecimal,1,9,2.7699,312.142,6.363,145253184,13629440
G5B,static,BigDecimal,1,10,2.6962,334.141,6.335,63819816,14680064
G5B,static,BigDecimal,1,11,2.7975,309.401,6.034,38636488,13629440
G5B,static,BigDecimal,1,12,2.6711,274.435,4.793,68011256,11536384
G5B,static,BigDecimal,1,13,2.8538,376.589,12.284,43225608,14680064
G5B,static,BigDecimal,1,14,2.6504,495.801,7.571,127592352,15730688
G5B,static,BigDecimal,1,15,2.7692,249.997,4.967,77995456,11532288
G5B,static,BigDecimal,1,16,2.8850,18.471,1.206,6008600,3147776
G5B,static,BigDecimal,1,17,2.7211,280.758,4.239,54226168,9439232
G5B,static,BigDecimal,1,18,2.8920,386.048,7.907,103102272,17827840
G5B,static,BigDecimal,1,19,2.7336,247.005,4.406,80879592,9439232
G5B,static,BigDecimal,1,20,2.8406,358.534,6.286,64054136,13633536
G5B,static,BigDecimal,1,21,2.7568,354.196,7.239,53705248,12582912
G5B,static,BigDecimal,1,22,2.8810,444.806,6.925,82397968,11536384
G5B,static,BigDecimal,1,23,2.8394,450.964,9.713,75237072,-77605936
G5B,static,BigDecimal,1,24,2.7284,130.537,5.559,25951400,8388608
G5B,static,BigDecimal,1,25,2.8204,228.547,4.136,26706096,8388608
G5B,static,BigDecimal,1,26,2.7680,274.837,5.131,109098408,11536384
G5B,static,BigDecimal,1,27,2.8350,14.488,0.295,5465736,1046528
G5B,static,BigDecimal,1,28,2.7907,677.587,6.862,22961080,15726592
G5B,static,BigDecimal,1,29,2.9357,272.461,7.310,90148712,11532288
G5B,static,BigDecimal,1,30,2.7249,66.886,2.585,29128520,5244928
G5B,static,BigDecimal,1,31,2.9095,197.536,4.382,16859288,-88072584
G5B,static,BigDecimal,1,32,2.8043,237.446,5.125,81398120,10485760
G5B,static,BigDecimal,1,33,2.8904,5.853,0.204,6033616,334176
G5B,static,BigDecimal,1,34,2.7278,462.776,6.512,46761376,13633536
G5B,static,BigDecimal,1,35,2.6795,270.000,5.255,19815800,11532288
G5B,static,BigDecimal,1,36,2.7778,396.996,7.234,5092144,13629440
G5B,static,BigDecimal,1,37,2.8249,398.256,7.507,27400832,14680064
G5B,static,BigDecimal,1,38,2.7466,436.056,8.071,23516936,16777216
G5B,static,BigDecimal,2,1,3.1508,305.341,5.796,93081496,11536384
G5B,static,BigDecimal,2,2,2.8909,218.892,4.019,41607720,9439232
G5B,static,BigDecimal,2,3,2.7869,391.130,7.161,63919992,14680064
G5B,static,BigDecimal,2,4,2.7097,259.783,6.805,28090088,-77602952
G5B,static,BigDecimal,2,5,2.7431,558.457,8.125,120341784,18874368
G5B,static,BigDecimal,2,6,2.7835,321.578,7.132,18980304,-21103872
G5B,static,BigDecimal,2,7,2.6737,211.762,4.569,17636784,10485760
G5B,static,BigDecimal,2,8,2.7022,406.664,8.255,82166536,15726592
G5B,static,BigDecimal,2,9,2.7699,365.125,6.798,145428680,13629440
G5B,static,BigDecimal,2,10,2.6962,370.485,6.570,61469496,13633536
G5B,static,BigDecimal,2,11,2.7975,314.262,5.892,75268848,13629440
G5B,static,BigDecimal,2,12,2.6711,241.000,5.730,84236488,11536384
G5B,static,BigDecimal,2,13,2.8538,390.879,7.031,70944528,14680064
G5B,static,BigDecimal,2,14,2.6504,466.731,8.142,101368192,-120579272
G5B,static,BigDecimal,2,15,2.7692,256.239,4.848,75946656,11532288
G5B,static,BigDecimal,2,16,2.8850,19.201,1.149,1824664,2097152
G5B,static,BigDecimal,2,17,2.7211,260.137,4.455,51870384,9439232
G5B,static,BigDecimal,2,18,2.8920,407.073,8.035,45007392,17827840
G5B,static,BigDecimal,2,19,2.7336,243.842,4.397,17546456,9439232
G5B,static,BigDecimal,2,20,2.8406,337.301,5.866,86701864,13633536
G5B,static,BigDecimal,2,21,2.7568,347.872,5.822,49537880,12582912
G5B,static,BigDecimal,2,22,2.8810,318.117,5.762,19058992,11536384
G5B,static,BigDecimal,2,23,2.8394,372.454,6.969,89958920,12582912
G5B,static,BigDecimal,2,24,2.7284,118.753,3.102,23854656,8388608
G5B,static,BigDecimal,2,25,2.8204,225.019,4.036,27010352,8388608
G5B,static,BigDecimal,2,26,2.7680,269.533,5.045,39644512,11532288
G5B,static,BigDecimal,2,27,2.8350,12.167,0.499,1775032,418864
G5B,static,BigDecimal,2,28,2.7907,731.608,6.869,57458832,15726592
G5B,static,BigDecimal,2,29,2.9357,267.062,5.825,87518224,11532288
G5B,static,BigDecimal,2,30,2.7249,67.998,2.831,29132648,5244928
G5B,static,BigDecimal,2,31,2.9095,163.863,4.288,17351320,-88072792
G5B,static,BigDecimal,2,32,2.8043,232.318,4.457,22419488,10485760
G5B,static,BigDecimal,2,33,2.8904,5.419,0.166,5938080,248560
G5B,static,BigDecimal,2,34,2.7278,399.372,6.714,14623472,13633536
G5B,static,BigDecimal,2,35,2.6795,265.169,5.293,100113168,11532288
G5B,static,BigDecimal,2,36,2.7778,495.064,8.513,84808816,13629440
G5B,static,BigDecimal,2,37,2.8249,452.153,7.316,22362376,14680064
G5B,static,BigDecimal,2,38,2.7466,508.173,9.197,67821584,16777216
G5B,static,BigDecimal,3,1,3.1508,320.330,7.422,34006016,11536384
G5B,static,BigDecimal,3,2,2.8909,221.285,3.891,40080200,9439232
G5B,static,BigDecimal,3,3,2.7869,510.589,7.164,57640096,14680064
G5B,static,BigDecimal,3,4,2.7097,298.733,6.105,62105168,12582912
G5B,static,BigDecimal,3,5,2.7431,669.748,11.629,8196280,-71302912
G5B,static,BigDecimal,3,6,2.7835,351.315,6.012,58564104,12582912
G5B,static,BigDecimal,3,7,2.6737,232.748,4.520,9207160,10485760
G5B,static,BigDecimal,3,8,2.7022,469.356,9.137,48858784,15726592
G5B,static,BigDecimal,3,9,2.7699,337.622,6.370,27419904,13629440
G5B,static,BigDecimal,3,10,2.6962,375.953,6.477,30827248,13633536
G5B,static,BigDecimal,3,11,2.7975,299.912,6.012,90896056,13629440
G5B,static,BigDecimal,3,12,2.6711,259.894,5.988,91502744,-152047240
G5B,static,BigDecimal,3,13,2.8538,394.339,7.220,49217800,14680064
G5B,static,BigDecimal,3,14,2.6504,487.393,8.951,25125936,-95627288
G5B,static,BigDecimal,3,15,2.7692,253.451,4.780,50105280,11532288
G5B,static,BigDecimal,3,16,2.8850,18.430,1.002,3949880,2097152
G5B,static,BigDecimal,3,17,2.7211,259.641,4.252,26652376,9439232
G5B,static,BigDecimal,3,18,2.8920,438.663,7.804,57531440,17827840
G5B,static,BigDecimal,3,19,2.7336,246.493,4.376,80717776,9439232
G5B,static,BigDecimal,3,20,2.8406,416.661,6.502,86618528,13633536
G5B,static,BigDecimal,3,21,2.7568,344.694,5.827,49532576,12582912
G5B,static,BigDecimal,3,22,2.8810,321.376,5.451,155535904,11536384
G5B,static,BigDecimal,3,23,2.8394,370.542,6.283,86533760,12582912
G5B,static,BigDecimal,3,24,2.7284,121.971,3.113,15507816,8388608
G5B,static,BigDecimal,3,25,2.8204,225.660,4.127,87418920,8388608
G5B,static,BigDecimal,3,26,2.7680,251.545,5.012,48128288,11532288
G5B,static,BigDecimal,3,27,2.8350,12.086,0.257,1795656,417896
G5B,static,BigDecimal,3,28,2.7907,650.575,7.333,45916904,-76547248
G5B,static,BigDecimal,3,29,2.9357,302.164,5.775,48942568,11532288
G5B,static,BigDecimal,3,30,2.7249,64.400,2.985,28079912,5244928
G5B,static,BigDecimal,3,31,2.9095,167.318,3.577,27337752,8388608
G5B,static,BigDecimal,3,32,2.8043,233.324,4.578,18292656,10485760
G5B,static,BigDecimal,3,33,2.8904,5.675,0.164,6043320,248224
G5B,static,BigDecimal,3,34,2.7278,395.507,6.951,18809208,13633536
G5B,static,BigDecimal,3,35,2.6795,257.930,5.300,87885952,11532288
G5B,static,BigDecimal,3,36,2.7778,390.411,8.067,34658816,13629440
G5B,static,BigDecimal,3,37,2.8249,520.895,8.183,56439968,-75499888
G5B,static,BigDecimal,3,38,2.7466,432.479,8.030,37976448,16777216
G5B,static,BigDecimal,4,1,3.1508,304.131,5.376,38583232,11536384
G5B,static,BigDecimal,4,2,2.8909,195.735,4.781,99794128,-99614488
G5B,static,BigDecimal,4,3,2.7869,411.599,7.888,60545320,-79691912
G5B,static,BigDecimal,4,4,2.7097,262.733,6.965,60247464,12582912
G5B,static,BigDecimal,4,5,2.7431,552.652,10.144,84367056,-214003744
G5B,static,BigDecimal,4,6,2.7835,329.148,6.358,159626808,12582912
G5B,static,BigDecimal,4,7,2.6737,207.823,4.609,29339320,11532288
G5B,static,BigDecimal,4,8,2.7022,480.513,8.933,92816632,15726592
G5B,static,BigDecimal,4,9,2.7699,312.757,6.168,109216632,13629440
G5B,static,BigDecimal,4,10,2.6962,330.244,6.359,26052920,14680064
G5B,static,BigDecimal,4,11,2.7975,330.086,6.465,154440408,13629440
G5B,static,BigDecimal,4,12,2.6711,240.437,6.079,89399888,-152040816
G5B,static,BigDecimal,4,13,2.8538,370.389,8.081,56240768,14680064
G5B,static,BigDecimal,4,14,2.6504,467.163,8.632,62604384,-18421064
G5B,static,BigDecimal,4,15,2.7692,243.250,4.996,64847104,11532288
G5B,static,BigDecimal,4,16,2.8850,20.339,0.984,3949720,2097152
G5B,static,BigDecimal,4,17,2.7211,268.653,4.324,97957832,9439232
G5B,static,BigDecimal,4,18,2.8920,409.541,8.100,80208496,17827840
G5B,static,BigDecimal,4,19,2.7336,251.666,5.917,39138288,9439232
G5B,static,BigDecimal,4,20,2.8406,340.085,5.927,88642888,13633536
G5B,static,BigDecimal,4,21,2.7568,349.437,5.803,63734872,12582912
G5B,static,BigDecimal,4,22,2.8810,311.203,6.117,60652680,11536384
G5B,static,BigDecimal,4,23,2.8394,377.236,6.522,72462904,12582912
G5B,static,BigDecimal,4,24,2.7284,127.644,3.176,28094096,8388608
G5B,static,BigDecimal,4,25,2.8204,222.914,8.526,87617328,-102758312
G5B,static,BigDecimal,4,26,2.7680,315.367,6.493,43152192,-87028608
G5B,static,BigDecimal,4,27,2.8350,10.877,0.272,11746264,1046528
G5B,static,BigDecimal,4,28,2.7907,609.807,6.778,87454904,15726592
G5B,static,BigDecimal,4,29,2.9357,268.916,5.538,87228456,11532288
G5B,static,BigDecimal,4,30,2.7249,64.927,2.714,29173728,5244928
G5B,static,BigDecimal,4,31,2.9095,166.974,3.786,63362096,8388608
G5B,static,BigDecimal,4,32,2.8043,231.041,4.464,26496104,10485760
G5B,static,BigDecimal,4,33,2.8904,5.495,0.214,6082800,251272
G5B,static,BigDecimal,4,34,2.7278,392.874,6.737,54294216,13633536
G5B,static,BigDecimal,4,35,2.6795,255.694,5.025,41914392,11532288
G5B,static,BigDecimal,4,36,2.7778,392.344,6.754,37365464,13629440
G5B,static,BigDecimal,4,37,2.8249,418.200,8.336,53991336,-113246184
G5B,static,BigDecimal,4,38,2.7466,433.115,7.900,32245048,16777216
G5B,static,BigDecimal,5,1,3.1508,327.609,5.576,17605824,11536384
G5B,static,BigDecimal,5,2,2.8909,178.852,3.837,14419336,9439232
G5B,static,BigDecimal,5,3,2.7869,396.358,7.042,28129336,14680064
G5B,static,BigDecimal,5,4,2.7097,277.029,6.272,82487488,-100662464
G5B,static,BigDecimal,5,5,2.7431,531.319,7.678,64887928,18874368
G5B,static,BigDecimal,5,6,2.7835,392.592,7.040,96939600,-182446104
G5B,static,BigDecimal,5,7,2.6737,210.512,4.711,27403752,11532288
G5B,static,BigDecimal,5,8,2.7022,446.526,7.770,34500688,-80732376
G5B,static,BigDecimal,5,9,2.7699,305.309,6.099,146178520,13629440
G5B,static,BigDecimal,5,10,2.6962,355.565,6.834,26827984,14680064
G5B,static,BigDecimal,5,11,2.7975,306.496,5.970,104569912,13629440
G5B,static,BigDecimal,5,12,2.6711,256.106,5.641,84928704,11536384
G5B,static,BigDecimal,5,13,2.8538,368.054,8.200,60167128,14680064
G5B,static,BigDecimal,5,14,2.6504,445.217,7.568,64706208,15730688
G5B,static,BigDecimal,5,15,2.7692,247.755,5.073,52206760,11532288
G5B,static,BigDecimal,5,16,2.8850,19.769,1.013,8227752,2097152
G5B,static,BigDecimal,5,17,2.7211,283.234,4.174,27006024,9439232
G5B,static,BigDecimal,5,18,2.8920,412.541,7.801,51440408,17827840
G5B,static,BigDecimal,5,19,2.7336,229.825,4.382,67997112,9439232
G5B,static,BigDecimal,5,20,2.8406,328.157,5.925,140315008,13633536
G5B,static,BigDecimal,5,21,2.7568,373.551,7.095,53398944,12582912
G5B,static,BigDecimal,5,22,2.8810,301.315,5.522,82396736,11536384
G5B,static,BigDecimal,5,23,2.8394,363.895,6.135,93465512,12582912
G5B,static,BigDecimal,5,24,2.7284,131.626,3.478,39097232,8388608
G5B,static,BigDecimal,5,25,2.8204,237.997,4.137,30577552,8388608
G5B,static,BigDecimal,5,26,2.7680,251.635,5.959,49435800,11532288
G5B,static,BigDecimal,5,27,2.8350,11.220,0.254,11746144,418960
G5B,static,BigDecimal,5,28,2.7907,642.239,7.120,24064656,15726592
G5B,static,BigDecimal,5,29,2.9357,295.713,5.602,110470968,11532288
G5B,static,BigDecimal,5,30,2.7249,66.022,12.952,5042616,-25736784
G5B,static,BigDecimal,5,31,2.9095,160.648,3.235,21053056,8388608
G5B,static,BigDecimal,5,32,2.8043,230.576,4.385,30263568,9439232
G5B,static,BigDecimal,5,33,2.8904,5.233,0.169,5939912,248680
G5B,static,BigDecimal,5,34,2.7278,372.861,7.298,12496656,13633536
G5B,static,BigDecimal,5,35,2.6795,272.401,5.050,109016920,11532288
G5B,static,BigDecimal,5,36,2.7778,394.499,6.959,26156384,13629440
G5B,static,BigDecimal,5,37,2.8249,391.825,9.777,68407128,14680064
G5B,static,BigDecimal,5,38,2.7466,424.148,10.649,36604216,-102439632
G5B,static,Nayuki,1,1,3.1475,129.413,0.201,15665968,0
G5B,static,Nayuki,1,2,2.8800,111.804,0.155,12518824,604128
G5B,static,Nayuki,1,3,2.7955,174.239,0.360,20856176,0
G5B,static,Nayuki,1,4,2.7097,137.534,0.207,15687904,0
G5B,static,Nayuki,1,5,2.7531,232.320,0.369,25845112,664072
G5B,static,Nayuki,1,6,2.7805,139.699,0.246,17577216,0
G5B,static,Nayuki,1,7,2.6667,129.250,0.196,13406664,0
G5B,static,Nayuki,1,8,2.6966,208.781,0.401,20619896,0
G5B,static,Nayuki,1,9,2.7730,163.807,0.239,16809896,666280
G5B,static,Nayuki,1,10,2.6903,186.714,0.267,18654368,661640
G5B,static,Nayuki,1,11,2.7975,150.910,0.266,17319528,663640
G5B,static,Nayuki,1,12,2.6844,120.304,0.215,15118216,0
G5B,static,Nayuki,1,13,2.8538,158.607,0.261,19250624,0
G5B,static,Nayuki,1,14,2.6450,222.728,0.330,21994960,662464
G5B,static,Nayuki,1,15,2.7826,124.148,0.182,15105528,0
G5B,static,Nayuki,1,16,2.9027,8.491,0.093,2090056,41712
G5B,static,Nayuki,1,17,2.7211,98.953,0.213,13815776,602576
G5B,static,Nayuki,1,18,2.8864,195.179,0.296,20531376,0
G5B,static,Nayuki,1,19,2.7405,113.796,0.199,14253456,0
G5B,static,Nayuki,1,20,2.8500,127.651,0.264,17017864,0
G5B,static,Nayuki,1,21,2.7628,155.327,0.252,18259640,0
G5B,static,Nayuki,1,22,2.8810,140.463,0.314,16357752,0
G5B,static,Nayuki,1,23,2.8364,150.586,0.281,17792512,661144
G5B,static,Nayuki,1,24,2.7241,62.083,0.144,8874576,82912
G5B,static,Nayuki,1,25,2.8169,89.670,0.195,13591448,0
G5B,static,Nayuki,1,26,2.7712,131.870,0.188,15693392,0
G5B,static,Nayuki,1,27,2.8738,5.329,0.039,1739344,41448
G5B,static,Nayuki,1,28,2.7907,205.550,0.369,24256000,0
G5B,static,Nayuki,1,29,2.9325,134.828,0.198,15819344,0
G5B,static,Nayuki,1,30,2.7090,34.590,0.110,5777600,41520
G5B,static,Nayuki,1,31,2.8971,56.864,0.151,9708776,0
G5B,static,Nayuki,1,32,2.8185,121.950,0.202,13402336,0
G5B,static,Nayuki,1,33,2.9589,2.346,0.029,907640,41208
G5B,static,Nayuki,1,34,2.7278,186.929,0.285,19676328,0
G5B,static,Nayuki,1,35,2.6923,137.230,0.188,15889096,658296
G5B,static,Nayuki,1,36,2.7806,229.777,0.292,19883248,661424
G5B,static,Nayuki,1,37,2.8249,315.422,0.300,20559816,0
G5B,static,Nayuki,1,38,2.7466,206.344,0.312,21895352,0
G5B,static,Nayuki,2,1,3.1475,141.496,0.209,15480936,0
G5B,static,Nayuki,2,2,2.8800,93.989,0.154,12824720,0
G5B,static,Nayuki,2,3,2.7955,183.689,0.298,20560800,0
G5B,static,Nayuki,2,4,2.7097,170.045,0.209,15882296,0
G5B,static,Nayuki,2,5,2.7531,280.213,0.408,25330768,664536
G5B,static,Nayuki,2,6,2.7805,154.146,0.248,17397168,0
G5B,static,Nayuki,2,7,2.6667,110.007,0.199,13368464,0
G5B,static,Nayuki,2,8,2.6966,211.534,0.285,20861688,0
G5B,static,Nayuki,2,9,2.7730,136.451,0.255,17330216,664376
G5B,static,Nayuki,2,10,2.6903,169.336,0.271,18647592,661752
G5B,static,Nayuki,2,11,2.7975,149.368,0.268,17337952,664008
G5B,static,Nayuki,2,12,2.6844,138.706,0.270,14944304,0
G5B,static,Nayuki,2,13,2.8538,173.854,0.251,19127336,0
G5B,static,Nayuki,2,14,2.6450,221.567,0.320,21988504,663656
G5B,static,Nayuki,2,15,2.7826,121.859,0.263,14833096,0
G5B,static,Nayuki,2,16,2.9027,8.806,0.082,2478808,41656
G5B,static,Nayuki,2,17,2.7211,104.535,0.232,13736112,602944
G5B,static,Nayuki,2,18,2.8864,181.856,0.300,20747264,0
G5B,static,Nayuki,2,19,2.7405,121.752,0.204,14255440,0
G5B,static,Nayuki,2,20,2.8500,160.211,0.253,17209888,0
G5B,static,Nayuki,2,21,2.7628,152.714,0.260,18915680,0
G5B,static,Nayuki,2,22,2.8810,136.169,0.255,15658808,663184
G5B,static,Nayuki,2,23,2.8364,150.497,0.286,17794424,663392
G5B,static,Nayuki,2,24,2.7241,55.110,0.163,9070688,82848
G5B,static,Nayuki,2,25,2.8169,112.222,0.195,13398968,0
G5B,static,Nayuki,2,26,2.7712,132.628,0.187,15700560,0
G5B,static,Nayuki,2,27,2.8738,5.271,0.038,1739344,41448
G5B,static,Nayuki,2,28,2.7907,233.828,0.369,24126736,0
G5B,static,Nayuki,2,29,2.9325,129.811,0.193,15669328,0
G5B,static,Nayuki,2,30,2.7090,35.807,0.102,5984960,41520
G5B,static,Nayuki,2,31,2.8971,63.202,0.157,9854184,0
G5B,static,Nayuki,2,32,2.8185,134.477,0.189,13590240,0
G5B,static,Nayuki,2,33,2.9589,2.409,0.030,907640,41208
G5B,static,Nayuki,2,34,2.7278,174.764,0.285,19677864,0
G5B,static,Nayuki,2,35,2.6923,139.278,0.198,15689416,658296
G5B,static,Nayuki,2,36,2.7806,168.405,0.298,20083952,661424
G5B,static,Nayuki,2,37,2.8249,199.317,0.471,20550600,0
G5B,static,Nayuki,2,38,2.7466,211.917,0.313,22303096,0
G5B,static,Nayuki,3,1,3.1475,132.745,0.208,15661672,0
G5B,static,Nayuki,3,2,2.8800,97.472,0.159,13010064,0
G5B,static,Nayuki,3,3,2.7955,181.034,0.305,20559264,0
G5B,static,Nayuki,3,4,2.7097,129.539,0.214,15696952,0
G5B,static,Nayuki,3,5,2.7531,254.976,0.388,25672408,665424
G5B,static,Nayuki,3,6,2.7805,137.813,0.274,17754888,0
G5B,static,Nayuki,3,7,2.6667,118.141,0.198,13600816,0
G5B,static,Nayuki,3,8,2.6966,190.782,0.286,20747584,0
G5B,static,Nayuki,3,9,2.7730,158.054,0.321,17123400,664448
G5B,static,Nayuki,3,10,2.6903,161.511,0.251,18643896,661704
G5B,static,Nayuki,3,11,2.7975,152.191,0.257,17135200,663928
G5B,static,Nayuki,3,12,2.6844,120.705,0.213,14936072,0
G5B,static,Nayuki,3,13,2.8538,183.200,0.267,19308592,0
G5B,static,Nayuki,3,14,2.6450,202.446,0.318,21989016,663656
G5B,static,Nayuki,3,15,2.7826,107.807,0.175,14906744,0
G5B,static,Nayuki,3,16,2.9027,9.010,0.081,2301632,41664
G5B,static,Nayuki,3,17,2.7211,131.285,0.214,13804024,636904
G5B,static,Nayuki,3,18,2.8864,184.022,0.302,20220968,0
G5B,static,Nayuki,3,19,2.7405,125.444,0.202,14255704,0
G5B,static,Nayuki,3,20,2.8500,140.669,0.256,17015264,0
G5B,static,Nayuki,3,21,2.7628,153.584,0.252,18637440,0
G5B,static,Nayuki,3,22,2.8810,128.128,0.257,15833400,663184
G5B,static,Nayuki,3,23,2.8364,162.035,0.309,17597304,663392
G5B,static,Nayuki,3,24,2.7241,64.393,0.142,9425880,82824
G5B,static,Nayuki,3,25,2.8169,93.933,0.186,13094320,0
G5B,static,Nayuki,3,26,2.7712,132.396,0.191,15672112,0
G5B,static,Nayuki,3,27,2.8738,5.598,0.321,1760816,39944
G5B,static,Nayuki,3,28,2.7907,230.933,0.379,24278912,655232
G5B,static,Nayuki,3,29,2.9325,135.365,0.199,16077224,0
G5B,static,Nayuki,3,30,2.7090,35.667,0.103,5797616,82976
G5B,static,Nayuki,3,31,2.8971,55.098,0.152,9719160,0
G5B,static,Nayuki,3,32,2.8185,123.255,0.201,13396200,0
G5B,static,Nayuki,3,33,2.9589,2.417,0.040,901336,40936
G5B,static,Nayuki,3,34,2.7278,184.573,0.278,19678440,0
G5B,static,Nayuki,3,35,2.6923,124.306,0.181,15696552,657672
G5B,static,Nayuki,3,36,2.7806,169.183,0.291,19945728,662192
G5B,static,Nayuki,3,37,2.8249,201.385,0.328,20337784,0
G5B,static,Nayuki,3,38,2.7466,198.648,0.324,21980760,0
G5B,static,Nayuki,4,1,3.1475,140.172,0.203,15893024,0
G5B,static,Nayuki,4,2,2.8800,123.041,0.151,13030056,0
G5B,static,Nayuki,4,3,2.7955,178.613,0.277,20720096,0
G5B,static,Nayuki,4,4,2.7097,124.007,0.209,15480752,0
G5B,static,Nayuki,4,5,2.7531,228.777,0.397,25405296,664528
G5B,static,Nayuki,4,6,2.7805,128.647,0.322,17761128,0
G5B,static,Nayuki,4,7,2.6667,117.195,0.229,13397552,0
G5B,static,Nayuki,4,8,2.6966,179.339,0.284,20551488,0
G5B,static,Nayuki,4,9,2.7730,149.209,0.257,17137224,664448
G5B,static,Nayuki,4,10,2.6903,171.217,0.263,18453944,661704
G5B,static,Nayuki,4,11,2.7975,145.972,0.253,17128544,663928
G5B,static,Nayuki,4,12,2.6844,136.832,0.212,15118344,0
G5B,static,Nayuki,4,13,2.8538,181.795,0.261,19320880,0
G5B,static,Nayuki,4,14,2.6450,192.007,0.327,21790360,663656
G5B,static,Nayuki,4,15,2.7826,133.557,0.180,14924152,0
G5B,static,Nayuki,4,16,2.9027,8.652,0.110,2061200,41664
G5B,static,Nayuki,4,17,2.7211,116.665,0.204,14648032,0
G5B,static,Nayuki,4,18,2.8864,181.120,0.290,20548232,0
G5B,static,Nayuki,4,19,2.7405,122.014,0.201,14054488,0
G5B,static,Nayuki,4,20,2.8500,180.195,0.264,17212896,0
G5B,static,Nayuki,4,21,2.7628,163.503,0.262,18756440,0
G5B,static,Nayuki,4,22,2.8810,130.728,0.251,15830328,663184
G5B,static,Nayuki,4,23,2.8364,162.819,0.287,17989496,663392
G5B,static,Nayuki,4,24,2.7241,57.083,0.143,9409696,0
G5B,static,Nayuki,4,25,2.8169,104.228,0.192,13248216,0
G5B,static,Nayuki,4,26,2.7712,120.715,0.188,15891728,0
G5B,static,Nayuki,4,27,2.8738,5.357,0.045,1744896,41568
G5B,static,Nayuki,4,28,2.7907,235.329,0.370,24482184,658592
G5B,static,Nayuki,4,29,2.9325,126.525,0.196,15696304,0
G5B,static,Nayuki,4,30,2.7090,43.827,0.106,5961280,83048
G5B,static,Nayuki,4,31,2.8971,56.935,0.159,9719136,0
G5B,static,Nayuki,4,32,2.8185,102.157,0.219,13391072,0
G5B,static,Nayuki,4,33,2.9589,2.469,0.030,901336,40936
G5B,static,Nayuki,4,34,2.7278,175.851,0.265,19678440,0
G5B,static,Nayuki,4,35,2.6923,114.199,0.182,15691944,657672
G5B,static,Nayuki,4,36,2.7806,263.031,0.314,20088896,661360
G5B,static,Nayuki,4,37,2.8249,196.506,0.303,20895008,0
G5B,static,Nayuki,4,38,2.7466,204.219,0.314,21949216,0
G5B,static,Nayuki,5,1,3.1475,109.840,0.209,15692784,0
G5B,static,Nayuki,5,2,2.8800,109.306,0.177,12821960,0
G5B,static,Nayuki,5,3,2.7955,185.077,0.291,20747632,0
G5B,static,Nayuki,5,4,2.7097,151.011,0.206,15706344,0
G5B,static,Nayuki,5,5,2.7531,260.234,0.398,25662928,664072
G5B,static,Nayuki,5,6,2.7805,165.124,0.251,17938176,0
G5B,static,Nayuki,5,7,2.6667,115.412,0.241,13598664,0
G5B,static,Nayuki,5,8,2.6966,180.324,0.282,20577608,0
G5B,static,Nayuki,5,9,2.7730,152.652,0.251,16931848,664560
G5B,static,Nayuki,5,10,2.6903,159.787,0.284,18653168,662240
G5B,static,Nayuki,5,11,2.7975,141.496,0.249,17317440,664160
G5B,static,Nayuki,5,12,2.6844,138.781,0.210,15113040,0
G5B,static,Nayuki,5,13,2.8538,157.679,0.267,19323432,0
G5B,static,Nayuki,5,14,2.6450,200.131,0.327,21987304,663544
G5B,static,Nayuki,5,15,2.7826,119.549,0.184,14921064,0
G5B,static,Nayuki,5,16,2.9027,8.613,0.059,2303168,41664
G5B,static,Nayuki,5,17,2.7211,112.906,0.219,13804008,636904
G5B,static,Nayuki,5,18,2.8864,192.092,0.287,20335248,0
G5B,static,Nayuki,5,19,2.7405,118.741,0.200,14060120,0
G5B,static,Nayuki,5,20,2.8500,163.311,0.257,17218016,0
G5B,static,Nayuki,5,21,2.7628,144.060,0.270,18669264,0
G5B,static,Nayuki,5,22,2.8810,120.380,0.230,16729464,0
G5B,static,Nayuki,5,23,2.8364,149.152,0.281,17996288,661144
G5B,static,Nayuki,5,24,2.7241,65.870,0.144,9428592,82816
G5B,static,Nayuki,5,25,2.8169,84.454,0.195,13093888,0
G5B,static,Nayuki,5,26,2.7712,135.723,0.184,15674624,0
G5B,static,Nayuki,5,27,2.8738,5.680,0.051,1760464,39952
G5B,static,Nayuki,5,28,2.7907,219.945,0.370,24907088,0
G5B,static,Nayuki,5,29,2.9325,134.242,0.202,15833904,0
G5B,static,Nayuki,5,30,2.7090,32.247,0.107,5957472,83016
G5B,static,Nayuki,5,31,2.8971,58.167,0.160,9808264,0
G5B,static,Nayuki,5,32,2.8185,95.624,0.200,13390056,0
G5B,static,Nayuki,5,33,2.9589,2.349,0.027,901336,40936
G5B,static,Nayuki,5,34,2.7278,183.425,0.287,20113712,0
G5B,static,Nayuki,5,35,2.6923,128.498,0.207,15695528,657672
G5B,static,Nayuki,5,36,2.7806,172.067,0.285,19946784,662192
G5B,static,Nayuki,5,37,2.8249,172.392,0.287,20950560,0
G5B,static,Nayuki,5,38,2.7466,209.193,0.312,22015560,0
G5B,semi-adaptive,BigDecimal,1,1,3.0131,296.733,6.474,77968544,11536384
G5B,semi-adaptive,BigDecimal,1,2,2.7164,192.940,4.509,51644904,10485760
G5B,semi-adaptive,BigDecimal,1,3,2.6705,341.196,9.205,17461856,-97521656
G5B,semi-adaptive,BigDecimal,1,4,2.4968,246.808,5.238,89282768,11536384
G5B,semi-adaptive,BigDecimal,1,5,2.6658,578.264,7.434,66119168,17827840
G5B,semi-adaptive,BigDecimal,1,6,2.6463,305.308,5.469,55229528,11532288
G5B,semi-adaptive,BigDecimal,1,7,2.5228,182.115,4.368,15800792,10485760
G5B,semi-adaptive,BigDecimal,1,8,2.5253,359.881,6.719,47694792,13633536
G5B,semi-adaptive,BigDecimal,1,9,2.6319,276.537,5.485,-10520176,12582912
G5B,semi-adaptive,BigDecimal,1,10,2.4956,295.089,5.608,-14752272,12582912
G5B,semi-adaptive,BigDecimal,1,11,2.6534,282.603,5.604,4190776,12582912
G5B,semi-adaptive,BigDecimal,1,12,2.5083,218.642,4.545,25499048,11536384
G5B,semi-adaptive,BigDecimal,1,13,2.6871,274.639,6.162,85720616,14680064
G5B,semi-adaptive,BigDecimal,1,14,2.5203,438.462,6.623,43911248,14680064
G5B,semi-adaptive,BigDecimal,1,15,2.5518,180.852,4.491,23393752,11536384
G5B,semi-adaptive,BigDecimal,1,16,2.7168,17.885,0.432,7408272,0
G5B,semi-adaptive,BigDecimal,1,17,2.5272,225.181,3.807,73216992,8388608
G5B,semi-adaptive,BigDecimal,1,18,2.7358,358.285,7.821,18236128,-153097808
G5B,semi-adaptive,BigDecimal,1,19,2.6159,254.116,4.664,78897216,10485760
G5B,semi-adaptive,BigDecimal,1,20,2.7156,232.851,5.446,17779376,11536384
G5B,semi-adaptive,BigDecimal,1,21,2.6907,299.921,6.341,58597712,-82834656
G5B,semi-adaptive,BigDecimal,1,22,2.7428,263.110,5.377,14225912,12582912
G5B,semi-adaptive,BigDecimal,1,23,2.6970,313.283,6.440,45103040,12582912
G5B,semi-adaptive,BigDecimal,1,24,2.6638,130.148,3.407,14338232,7342080
G5B,semi-adaptive,BigDecimal,1,25,2.7852,186.002,3.877,70371672,8388608
G5B,semi-adaptive,BigDecimal,1,26,2.5621,229.489,4.565,51382272,10485760
G5B,semi-adaptive,BigDecimal,1,27,2.5340,11.245,0.248,483816,344488
G5B,semi-adaptive,BigDecimal,1,28,2.6589,537.660,7.554,168476912,15730688
G5B,semi-adaptive,BigDecimal,1,29,2.7846,263.121,5.379,50010952,11532288
G5B,semi-adaptive,BigDecimal,1,30,2.5185,61.266,1.888,37330664,5244928
G5B,semi-adaptive,BigDecimal,1,31,2.7984,140.951,3.103,27396016,8388608
G5B,semi-adaptive,BigDecimal,1,32,2.6584,178.615,5.193,27646496,-79691424
G5B,semi-adaptive,BigDecimal,1,33,2.5342,5.320,0.242,4532808,0
G5B,semi-adaptive,BigDecimal,1,34,2.6332,339.892,6.494,54968088,-75503632
G5B,semi-adaptive,BigDecimal,1,35,2.4551,220.796,4.479,-12580568,11532288
G5B,semi-adaptive,BigDecimal,1,36,2.6866,331.476,6.641,-12049904,13629440
G5B,semi-adaptive,BigDecimal,1,37,2.7147,343.151,6.644,15267624,13633536
G5B,semi-adaptive,BigDecimal,1,38,2.6567,361.190,7.259,76898352,15730688
G5B,semi-adaptive,BigDecimal,2,1,3.0131,293.846,5.339,79238024,11536384
G5B,semi-adaptive,BigDecimal,2,2,2.7164,175.245,5.163,37765128,10485760
G5B,semi-adaptive,BigDecimal,2,3,2.6705,329.818,6.852,25804904,15726592
G5B,semi-adaptive,BigDecimal,2,4,2.4968,241.405,4.997,17971560,11536384
G5B,semi-adaptive,BigDecimal,2,5,2.6658,583.051,7.354,185937424,17827840
G5B,semi-adaptive,BigDecimal,2,6,2.6463,307.649,5.425,9278112,12582912
G5B,semi-adaptive,BigDecimal,2,7,2.5228,190.434,4.133,15676864,10485760
G5B,semi-adaptive,BigDecimal,2,8,2.5253,331.862,7.905,87125768,-114290768
G5B,semi-adaptive,BigDecimal,2,9,2.6319,317.875,5.456,114934240,12582912
G5B,semi-adaptive,BigDecimal,2,10,2.4956,293.064,6.352,29811016,12582912
G5B,semi-adaptive,BigDecimal,2,11,2.6534,303.044,5.582,11997856,12582912
G5B,semi-adaptive,BigDecimal,2,12,2.5083,221.649,4.667,108150448,11536384
G5B,semi-adaptive,BigDecimal,2,13,2.6871,274.641,6.249,94187088,14680064
G5B,semi-adaptive,BigDecimal,2,14,2.5203,416.671,6.573,39571160,14680064
G5B,semi-adaptive,BigDecimal,2,15,2.5518,175.919,5.236,36369608,-55643952
G5B,semi-adaptive,BigDecimal,2,16,2.7168,19.527,0.436,923792,1050624
G5B,semi-adaptive,BigDecimal,2,17,2.5272,216.504,5.226,40036520,8388608
G5B,semi-adaptive,BigDecimal,2,18,2.7358,361.219,7.512,34176144,-76547200
G5B,semi-adaptive,BigDecimal,2,19,2.6159,276.154,4.468,85136096,10485760
G5B,semi-adaptive,BigDecimal,2,20,2.7156,232.636,5.269,28923776,11536384
G5B,semi-adaptive,BigDecimal,2,21,2.6907,297.329,5.816,24455784,12582912
G5B,semi-adaptive,BigDecimal,2,22,2.7428,257.972,5.574,16306664,12582912
G5B,semi-adaptive,BigDecimal,2,23,2.6970,331.635,5.894,73801408,12582912
G5B,semi-adaptive,BigDecimal,2,24,2.6638,122.333,3.864,26296904,-80735464
G5B,semi-adaptive,BigDecimal,2,25,2.7852,177.822,4.730,35239672,8388608
G5B,semi-adaptive,BigDecimal,2,26,2.5621,234.121,4.643,98630576,10485760
G5B,semi-adaptive,BigDecimal,2,27,2.5340,11.311,1.506,222528,-1756720
G5B,semi-adaptive,BigDecimal,2,28,2.6589,544.901,9.754,32300896,15730688
G5B,semi-adaptive,BigDecimal,2,29,2.7846,242.309,5.236,59400248,11532288
G5B,semi-adaptive,BigDecimal,2,30,2.5185,54.862,1.876,19485272,5244928
G5B,semi-adaptive,BigDecimal,2,31,2.7984,169.350,3.100,51178088,8388608
G5B,semi-adaptive,BigDecimal,2,32,2.6584,197.183,5.690,60124584,10485760
G5B,semi-adaptive,BigDecimal,2,33,2.5342,3.954,0.195,4696704,257200
G5B,semi-adaptive,BigDecimal,2,34,2.6332,370.248,5.927,26897648,12582912
G5B,semi-adaptive,BigDecimal,2,35,2.4551,216.216,4.532,43759240,11532288
G5B,semi-adaptive,BigDecimal,2,36,2.6866,325.699,7.255,38264272,12582912
G5B,semi-adaptive,BigDecimal,2,37,2.7147,381.147,6.741,6293112,13633536
G5B,semi-adaptive,BigDecimal,2,38,2.6567,370.240,6.931,15833464,15730688
G5B,semi-adaptive,BigDecimal,3,1,3.0131,276.615,5.277,88950120,11536384
G5B,semi-adaptive,BigDecimal,3,2,2.7164,182.591,4.051,13439872,10485760
G5B,semi-adaptive,BigDecimal,3,3,2.6705,336.140,6.895,-2124216,15730688
G5B,semi-adaptive,BigDecimal,3,4,2.4968,245.637,4.891,138936008,11536384
G5B,semi-adaptive,BigDecimal,3,5,2.6658,569.882,7.338,131668760,17827840
G5B,semi-adaptive,BigDecimal,3,6,2.6463,308.936,5.453,146212976,12582912
G5B,semi-adaptive,BigDecimal,3,7,2.5228,196.389,4.223,12739760,10485760
G5B,semi-adaptive,BigDecimal,3,8,2.5253,350.915,6.873,-17164712,13633536
G5B,semi-adaptive,BigDecimal,3,9,2.6319,304.673,5.472,5637256,12582912
G5B,semi-adaptive,BigDecimal,3,10,2.4956,301.221,5.682,39038560,12582912
G5B,semi-adaptive,BigDecimal,3,11,2.6534,277.961,5.581,68251696,12582912
G5B,semi-adaptive,BigDecimal,3,12,2.5083,199.726,4.789,55071712,11536384
G5B,semi-adaptive,BigDecimal,3,13,2.6871,271.032,7.117,15305960,14680064
G5B,semi-adaptive,BigDecimal,3,14,2.5203,407.028,6.954,23381520,14680112
G5B,semi-adaptive,BigDecimal,3,15,2.5518,160.921,5.265,-6084984,12582912
G5B,semi-adaptive,BigDecimal,3,16,2.7168,19.129,0.435,-1175240,1050624
G5B,semi-adaptive,BigDecimal,3,17,2.5272,217.149,3.779,35803032,7342080
G5B,semi-adaptive,BigDecimal,3,18,2.7358,357.339,6.824,-18119624,13633536
G5B,semi-adaptive,BigDecimal,3,19,2.6159,221.571,4.544,26647432,10485760
G5B,semi-adaptive,BigDecimal,3,20,2.7156,258.406,5.378,99248152,11536384
G5B,semi-adaptive,BigDecimal,3,21,2.6907,317.790,5.744,14563496,12582912
G5B,semi-adaptive,BigDecimal,3,22,2.7428,252.473,5.107,13666712,12582912
G5B,semi-adaptive,BigDecimal,3,23,2.6970,304.065,5.911,27454784,12582912
G5B,semi-adaptive,BigDecimal,3,24,2.6638,117.496,3.384,23807320,7342080
G5B,semi-adaptive,BigDecimal,3,25,2.7852,185.515,3.891,19941424,8388608
G5B,semi-adaptive,BigDecimal,3,26,2.5621,227.802,4.545,42996944,10485760
G5B,semi-adaptive,BigDecimal,3,27,2.5340,9.968,0.250,10781536,502184
G5B,semi-adaptive,BigDecimal,3,28,2.6589,610.178,7.599,70082536,14680064
G5B,semi-adaptive,BigDecimal,3,29,2.7846,254.253,5.297,43930408,12582912
G5B,semi-adaptive,BigDecimal,3,30,2.5185,55.234,2.227,20534888,5244928
G5B,semi-adaptive,BigDecimal,3,31,2.7984,156.731,3.096,4752272,8388608
G5B,semi-adaptive,BigDecimal,3,32,2.6584,213.287,4.469,69597648,10485760
G5B,semi-adaptive,BigDecimal,3,33,2.5342,3.949,0.148,4699216,338128
G5B,semi-adaptive,BigDecimal,3,34,2.6332,360.595,6.100,146351272,12582912
G5B,semi-adaptive,BigDecimal,3,35,2.4551,228.457,5.204,2853624,11532288
G5B,semi-adaptive,BigDecimal,3,36,2.6866,372.539,6.456,8880120,13629440
G5B,semi-adaptive,BigDecimal,3,37,2.7147,388.655,6.561,87286120,13633536
G5B,semi-adaptive,BigDecimal,3,38,2.6567,371.972,6.921,11175984,15730688
G5B,semi-adaptive,BigDecimal,4,1,3.0131,287.463,5.324,21988288,11536384
G5B,semi-adaptive,BigDecimal,4,2,2.7164,185.384,5.467,46819384,10485760
G5B,semi-adaptive,BigDecimal,4,3,2.6705,343.084,6.934,-13124928,15730688
G5B,semi-adaptive,BigDecimal,4,4,2.4968,244.884,4.887,138542088,11536384
G5B,semi-adaptive,BigDecimal,4,5,2.6658,593.516,7.427,206139264,17827840
G5B,semi-adaptive,BigDecimal,4,6,2.6463,327.840,6.199,49027048,-176157552
G5B,semi-adaptive,BigDecimal,4,7,2.5228,207.304,4.108,31025768,10485760
G5B,semi-adaptive,BigDecimal,4,8,2.5253,351.750,6.532,76952368,13633536
G5B,semi-adaptive,BigDecimal,4,9,2.6319,309.758,5.438,-2573768,12582912
G5B,semi-adaptive,BigDecimal,4,10,2.4956,303.228,6.362,-4964248,12582912
G5B,semi-adaptive,BigDecimal,4,11,2.6534,314.907,6.874,25897216,-176156472
G5B,semi-adaptive,BigDecimal,4,12,2.5083,226.197,5.688,-6776168,11536384
G5B,semi-adaptive,BigDecimal,4,13,2.6871,282.282,6.358,35022400,14680064
G5B,semi-adaptive,BigDecimal,4,14,2.5203,400.124,6.695,-340256,14680064
G5B,semi-adaptive,BigDecimal,4,15,2.5518,156.206,4.517,9727896,11536384
G5B,semi-adaptive,BigDecimal,4,16,2.7168,16.666,0.435,5075848,1050624
G5B,semi-adaptive,BigDecimal,4,17,2.5272,221.063,3.792,41944480,7342080
G5B,semi-adaptive,BigDecimal,4,18,2.7358,353.805,8.711,6920088,13633536
G5B,semi-adaptive,BigDecimal,4,19,2.6159,252.526,4.491,29131592,10485760
G5B,semi-adaptive,BigDecimal,4,20,2.7156,238.616,5.580,47733792,11536384
G5B,semi-adaptive,BigDecimal,4,21,2.6907,292.789,5.857,23581152,12582912
G5B,semi-adaptive,BigDecimal,4,22,2.7428,395.229,5.304,38441592,12582912
G5B,semi-adaptive,BigDecimal,4,23,2.6970,324.714,5.973,-11722512,12582912
G5B,semi-adaptive,BigDecimal,4,24,2.6638,126.269,3.921,14240504,7342080
G5B,semi-adaptive,BigDecimal,4,25,2.7852,189.676,4.908,15820544,8388608
G5B,semi-adaptive,BigDecimal,4,26,2.5621,234.170,4.715,43257384,10485760
G5B,semi-adaptive,BigDecimal,4,27,2.5340,10.223,0.266,10782920,502096
G5B,semi-adaptive,BigDecimal,4,28,2.6589,802.910,8.343,9256600,-76544448
G5B,semi-adaptive,BigDecimal,4,29,2.7846,251.269,5.445,17264392,12582912
G5B,semi-adaptive,BigDecimal,4,30,2.5185,58.106,3.355,20541640,5244928
G5B,semi-adaptive,BigDecimal,4,31,2.7984,174.542,3.868,53283544,8388608
G5B,semi-adaptive,BigDecimal,4,32,2.6584,187.478,4.804,7463600,10485760
G5B,semi-adaptive,BigDecimal,4,33,2.5342,3.990,0.261,4700392,207808
G5B,semi-adaptive,BigDecimal,4,34,2.6332,379.352,8.596,73648904,12582912
G5B,semi-adaptive,BigDecimal,4,35,2.4551,225.012,5.004,20681144,11532288
G5B,semi-adaptive,BigDecimal,4,36,2.6866,374.315,7.278,49909544,-83886000
G5B,semi-adaptive,BigDecimal,4,37,2.7147,389.299,6.538,18065416,13633536
G5B,semi-adaptive,BigDecimal,4,38,2.6567,380.433,7.029,99710752,15730688
G5B,semi-adaptive,BigDecimal,5,1,3.0131,286.275,5.259,44604632,11536384
G5B,semi-adaptive,BigDecimal,5,2,2.7164,185.156,4.092,63029056,10485760
G5B,semi-adaptive,BigDecimal,5,3,2.6705,354.822,7.041,20708832,14680064
G5B,semi-adaptive,BigDecimal,5,4,2.4968,220.119,4.863,35124584,11536384
G5B,semi-adaptive,BigDecimal,5,5,2.6658,549.578,7.891,1240232,-72346592
G5B,semi-adaptive,BigDecimal,5,6,2.6463,304.141,5.551,44539008,11532288
G5B,semi-adaptive,BigDecimal,5,7,2.5228,199.804,4.194,49330344,10485760
G5B,semi-adaptive,BigDecimal,5,8,2.5253,334.883,7.991,45470648,-26170328
G5B,semi-adaptive,BigDecimal,5,9,2.6319,281.518,5.557,68290504,12582912
G5B,semi-adaptive,BigDecimal,5,10,2.4956,379.737,8.850,49178784,-79702112
G5B,semi-adaptive,BigDecimal,5,11,2.6534,310.568,5.676,42653120,12582912
G5B,semi-adaptive,BigDecimal,5,12,2.5083,256.849,7.297,25258440,11536384
G5B,semi-adaptive,BigDecimal,5,13,2.6871,300.433,8.234,87910632,14680064
G5B,semi-adaptive,BigDecimal,5,14,2.5203,470.002,16.972,46516480,8407912
G5B,semi-adaptive,BigDecimal,5,15,2.5518,161.332,4.749,14546328,11536384
G5B,semi-adaptive,BigDecimal,5,16,2.7168,19.027,0.445,1078072,1050624
G5B,semi-adaptive,BigDecimal,5,17,2.5272,255.489,3.799,52906544,8388608
G5B,semi-adaptive,BigDecimal,5,18,2.7358,342.372,7.297,22425536,13633536
G5B,semi-adaptive,BigDecimal,5,19,2.6159,231.810,4.576,590928,10485760
G5B,semi-adaptive,BigDecimal,5,20,2.7156,252.805,5.553,14562992,11536384
G5B,semi-adaptive,BigDecimal,5,21,2.6907,294.760,5.769,54448528,11536384
G5B,semi-adaptive,BigDecimal,5,22,2.7428,252.636,5.077,72781144,11536384
G5B,semi-adaptive,BigDecimal,5,23,2.6970,318.922,7.347,47573112,12582344
G5B,semi-adaptive,BigDecimal,5,24,2.6638,122.935,2.912,13942888,7342080
G5B,semi-adaptive,BigDecimal,5,25,2.7852,182.390,4.175,68597536,8388608
G5B,semi-adaptive,BigDecimal,5,26,2.5621,220.453,5.974,51645048,10485760
G5B,semi-adaptive,BigDecimal,5,27,2.5340,10.074,0.242,10781288,502504
G5B,semi-adaptive,BigDecimal,5,28,2.6589,588.868,7.573,74316584,15730688
G5B,semi-adaptive,BigDecimal,5,29,2.7846,276.174,5.273,106283152,12582912
G5B,semi-adaptive,BigDecimal,5,30,2.5185,63.751,2.673,31142712,-80732040
G5B,semi-adaptive,BigDecimal,5,31,2.7984,154.914,3.301,40636760,8388608
G5B,semi-adaptive,BigDecimal,5,32,2.6584,181.802,4.325,11734352,10485760
G5B,semi-adaptive,BigDecimal,5,33,2.5342,4.101,0.200,4533152,208888
G5B,semi-adaptive,BigDecimal,5,34,2.6332,313.343,6.255,39879248,12582912
G5B,semi-adaptive,BigDecimal,5,35,2.4551,227.686,5.588,2417672,11532288
G5B,semi-adaptive,BigDecimal,5,36,2.6866,348.516,6.551,43526440,13629440
G5B,semi-adaptive,BigDecimal,5,37,2.7147,367.734,6.811,84888176,13633536
G5B,semi-adaptive,BigDecimal,5,38,2.6567,383.821,7.184,18104184,15730688
G5B,semi-adaptive,Nayuki,1,1,3.0164,89.179,0.201,14678856,0
G5B,semi-adaptive,Nayuki,1,2,2.7636,77.458,0.171,492464,0
G5B,semi-adaptive,Nayuki,1,3,2.7045,189.273,0.301,533000,543360
G5B,semi-adaptive,Nayuki,1,4,2.5290,148.144,0.229,-6087968,0
G5B,semi-adaptive,Nayuki,1,5,2.6933,258.216,0.408,16844000,0
G5B,semi-adaptive,Nayuki,1,6,2.6829,151.207,0.245,1652128,0
G5B,semi-adaptive,Nayuki,1,7,2.5825,85.193,0.248,-7706936,749320
G5B,semi-adaptive,Nayuki,1,8,2.5618,147.749,0.281,-323248,0
G5B,semi-adaptive,Nayuki,1,9,2.6503,123.478,0.270,7987256,705832
G5B,semi-adaptive,Nayuki,1,10,2.5251,128.133,0.253,17940736,0
G5B,semi-adaptive,Nayuki,1,11,2.6748,143.393,0.254,12501872,0
G5B,semi-adaptive,Nayuki,1,12,2.5515,100.739,0.212,3768,0
G5B,semi-adaptive,Nayuki,1,13,2.7135,140.985,0.263,8053504,0
G5B,semi-adaptive,Nayuki,1,14,2.5583,175.572,0.395,7317656,0
G5B,semi-adaptive,Nayuki,1,15,2.5953,85.384,0.178,13903248,0
G5B,semi-adaptive,Nayuki,1,16,2.8319,7.608,0.056,-351216,82856
G5B,semi-adaptive,Nayuki,1,17,2.5850,80.255,0.205,13329696,0
G5B,semi-adaptive,Nayuki,1,18,2.7727,168.193,0.291,375928,0
G5B,semi-adaptive,Nayuki,1,19,2.6574,106.874,0.211,-8638368,0
G5B,semi-adaptive,Nayuki,1,20,2.7500,121.236,0.271,155608,0
G5B,semi-adaptive,Nayuki,1,21,2.7147,115.238,0.255,16777216,0
G5B,semi-adaptive,Nayuki,1,22,2.7524,107.220,0.253,3648184,0
G5B,semi-adaptive,Nayuki,1,23,2.7152,144.602,0.284,5963144,0
G5B,semi-adaptive,Nayuki,1,24,2.7241,42.084,0.155,8388608,0
G5B,semi-adaptive,Nayuki,1,25,2.8169,71.128,0.194,12582912,0
G5B,semi-adaptive,Nayuki,1,26,2.6144,106.098,0.189,152968,0
G5B,semi-adaptive,Nayuki,1,27,2.6408,6.551,0.039,-462152,0
G5B,semi-adaptive,Nayuki,1,28,2.7080,196.097,0.378,1168048,0
G5B,semi-adaptive,Nayuki,1,29,2.8039,111.926,0.214,1605152,0
G5B,semi-adaptive,Nayuki,1,30,2.5820,24.516,0.106,5630112,0
G5B,semi-adaptive,Nayuki,1,31,2.8313,58.192,0.154,-272912,83192
G5B,semi-adaptive,Nayuki,1,32,2.7046,88.446,0.210,-9764544,749192
G5B,semi-adaptive,Nayuki,1,33,2.7397,4.222,0.032,-583120,41600
G5B,semi-adaptive,Nayuki,1,34,2.6819,172.296,0.282,14351872,105824
G5B,semi-adaptive,Nayuki,1,35,2.5128,116.855,0.176,-288632,0
G5B,semi-adaptive,Nayuki,1,36,2.7123,134.415,0.294,18874368,0
G5B,semi-adaptive,Nayuki,1,37,2.7571,151.654,0.274,187544,0
G5B,semi-adaptive,Nayuki,1,38,2.7030,195.247,0.311,13531672,681488
G5B,semi-adaptive,Nayuki,2,1,3.0164,103.775,0.202,159216,0
G5B,semi-adaptive,Nayuki,2,2,2.7636,109.852,0.228,580336,0
G5B,semi-adaptive,Nayuki,2,3,2.7045,167.511,0.306,480744,541768
G5B,semi-adaptive,Nayuki,2,4,2.5290,118.181,0.217,-432640,0
G5B,semi-adaptive,Nayuki,2,5,2.6933,285.497,0.521,9331544,0
G5B,semi-adaptive,Nayuki,2,6,2.6829,140.467,0.245,-8625992,0
G5B,semi-adaptive,Nayuki,2,7,2.5825,91.498,0.207,-5312968,0
G5B,semi-adaptive,Nayuki,2,8,2.5618,144.923,0.281,19641344,0
G5B,semi-adaptive,Nayuki,2,9,2.6503,125.845,0.235,5766416,0
G5B,semi-adaptive,Nayuki,2,10,2.5251,136.547,0.271,6083352,0
G5B,semi-adaptive,Nayuki,2,11,2.6748,123.504,0.263,2974512,0
G5B,semi-adaptive,Nayuki,2,12,2.5515,134.689,0.237,-2101280,0
G5B,semi-adaptive,Nayuki,2,13,2.7135,149.745,0.275,433984,500104
G5B,semi-adaptive,Nayuki,2,14,2.5583,188.531,0.515,8371816,0
G5B,semi-adaptive,Nayuki,2,15,2.5953,87.764,0.180,13905824,0
G5B,semi-adaptive,Nayuki,2,16,2.8319,7.437,0.068,-263248,0
G5B,semi-adaptive,Nayuki,2,17,2.5850,106.694,0.206,12081576,0
G5B,semi-adaptive,Nayuki,2,18,2.7727,165.176,0.289,555816,0
G5B,semi-adaptive,Nayuki,2,19,2.6574,111.878,0.200,-9406800,0
G5B,semi-adaptive,Nayuki,2,20,2.7500,117.321,0.253,130336,0
G5B,semi-adaptive,Nayuki,2,21,2.7147,115.940,0.267,16777216,373168
G5B,semi-adaptive,Nayuki,2,22,2.7524,107.078,0.374,7664248,0
G5B,semi-adaptive,Nayuki,2,23,2.7152,127.735,0.293,7156984,0
G5B,semi-adaptive,Nayuki,2,24,2.7241,42.807,0.199,8388608,0
G5B,semi-adaptive,Nayuki,2,25,2.8169,71.196,0.196,12582912,0
G5B,semi-adaptive,Nayuki,2,26,2.6144,127.630,0.193,-7840792,0
G5B,semi-adaptive,Nayuki,2,27,2.6408,7.338,0.047,89152,0
G5B,semi-adaptive,Nayuki,2,28,2.7080,209.230,0.367,91808,0
G5B,semi-adaptive,Nayuki,2,29,2.8039,138.573,0.215,1541904,0
G5B,semi-adaptive,Nayuki,2,30,2.5820,24.539,0.106,5630208,0
G5B,semi-adaptive,Nayuki,2,31,2.8313,57.151,0.159,-52976,83224
G5B,semi-adaptive,Nayuki,2,32,2.7046,81.327,0.194,6583232,0
G5B,semi-adaptive,Nayuki,2,33,2.7397,3.701,0.036,-615856,41632
G5B,semi-adaptive,Nayuki,2,34,2.6819,134.384,0.275,18874368,0
G5B,semi-adaptive,Nayuki,2,35,2.5128,95.240,0.195,15259872,83096
G5B,semi-adaptive,Nayuki,2,36,2.7123,154.120,0.293,-60552,536496
G5B,semi-adaptive,Nayuki,2,37,2.7571,139.304,0.296,19493912,0
G5B,semi-adaptive,Nayuki,2,38,2.7030,153.501,0.439,20972976,0
G5B,semi-adaptive,Nayuki,3,1,3.0164,135.798,0.222,-2528216,0
G5B,semi-adaptive,Nayuki,3,2,2.7636,65.622,0.150,11805520,0
G5B,semi-adaptive,Nayuki,3,3,2.7045,137.860,0.293,19536200,0
G5B,semi-adaptive,Nayuki,3,4,2.5290,111.063,0.232,44280,0
G5B,semi-adaptive,Nayuki,3,5,2.6933,226.223,0.377,-49488,540304
G5B,semi-adaptive,Nayuki,3,6,2.6829,144.279,0.251,13094544,600720
G5B,semi-adaptive,Nayuki,3,7,2.5825,73.251,0.228,13288248,666896
G5B,semi-adaptive,Nayuki,3,8,2.5618,157.331,0.277,218064,0
G5B,semi-adaptive,Nayuki,3,9,2.6503,137.669,0.249,9115224,0
G5B,semi-adaptive,Nayuki,3,10,2.5251,119.566,0.409,18022976,0
G5B,semi-adaptive,Nayuki,3,11,2.6748,108.462,0.247,16155800,0
G5B,semi-adaptive,Nayuki,3,12,2.5515,125.130,0.220,292272,0
G5B,semi-adaptive,Nayuki,3,13,2.7135,140.529,0.272,383560,0
G5B,semi-adaptive,Nayuki,3,14,2.5583,157.507,0.325,20970056,208120
G5B,semi-adaptive,Nayuki,3,15,2.5953,97.052,0.196,11211408,0
G5B,semi-adaptive,Nayuki,3,16,2.8319,8.081,0.051,-83608,41312
G5B,semi-adaptive,Nayuki,3,17,2.5850,105.690,0.203,12499824,0
G5B,semi-adaptive,Nayuki,3,18,2.7727,150.941,0.288,529192,0
G5B,semi-adaptive,Nayuki,3,19,2.6574,94.034,0.206,-5813392,0
G5B,semi-adaptive,Nayuki,3,20,2.7500,119.702,0.291,3653008,0
G5B,semi-adaptive,Nayuki,3,21,2.7147,174.800,0.310,7246896,0
G5B,semi-adaptive,Nayuki,3,22,2.7524,139.275,0.260,650064,0
G5B,semi-adaptive,Nayuki,3,23,2.7152,143.394,0.269,-3947416,0
G5B,semi-adaptive,Nayuki,3,24,2.7241,58.801,0.185,856832,705752
G5B,semi-adaptive,Nayuki,3,25,2.8169,76.315,0.259,12581784,0
G5B,semi-adaptive,Nayuki,3,26,2.6144,144.642,0.327,1394336,688608
G5B,semi-adaptive,Nayuki,3,27,2.6408,6.356,0.040,-111208,0
G5B,semi-adaptive,Nayuki,3,28,2.7080,308.568,0.375,98664,0
G5B,semi-adaptive,Nayuki,3,29,2.8039,132.103,0.199,235704,0
G5B,semi-adaptive,Nayuki,3,30,2.5820,27.970,0.103,5630640,0
G5B,semi-adaptive,Nayuki,3,31,2.8313,61.692,0.158,-75832,83160
G5B,semi-adaptive,Nayuki,3,32,2.7046,87.471,0.238,7110176,700408
G5B,semi-adaptive,Nayuki,3,33,2.7397,3.785,0.035,-589512,41480
G5B,semi-adaptive,Nayuki,3,34,2.6819,189.349,0.294,1850064,253128
G5B,semi-adaptive,Nayuki,3,35,2.5128,130.119,0.177,4540792,0
G5B,semi-adaptive,Nayuki,3,36,2.7123,162.525,0.399,-24280,541656
G5B,semi-adaptive,Nayuki,3,37,2.7571,147.341,0.296,19493712,0
G5B,semi-adaptive,Nayuki,3,38,2.7030,227.438,0.497,14744848,0
G5B,semi-adaptive,Nayuki,4,1,3.0164,134.610,0.232,139880,0
G5B,semi-adaptive,Nayuki,4,2,2.7636,83.858,0.239,11803872,0
G5B,semi-adaptive,Nayuki,4,3,2.7045,169.475,0.301,534752,0
G5B,semi-adaptive,Nayuki,4,4,2.5290,169.073,0.218,-3623456,0
G5B,semi-adaptive,Nayuki,4,5,2.6933,277.176,0.389,21827408,292016
G5B,semi-adaptive,Nayuki,4,6,2.6829,143.550,0.294,12123680,600216
G5B,semi-adaptive,Nayuki,4,7,2.5825,72.354,0.201,13247176,667024
G5B,semi-adaptive,Nayuki,4,8,2.5618,145.450,0.290,19812184,0
G5B,semi-adaptive,Nayuki,4,9,2.6503,109.621,0.231,16155056,0
G5B,semi-adaptive,Nayuki,4,10,2.5251,125.718,0.266,18023536,0
G5B,semi-adaptive,Nayuki,4,11,2.6748,111.278,0.240,16156160,0
G5B,semi-adaptive,Nayuki,4,12,2.5515,103.144,0.245,9235056,595584
G5B,semi-adaptive,Nayuki,4,13,2.7135,192.872,0.275,155880,0
G5B,semi-adaptive,Nayuki,4,14,2.5583,224.678,0.319,20971584,0
G5B,semi-adaptive,Nayuki,4,15,2.5953,150.988,0.494,-4941384,0
G5B,semi-adaptive,Nayuki,4,16,2.8319,7.954,0.052,-84304,41256
G5B,semi-adaptive,Nayuki,4,17,2.5850,114.189,0.208,12528320,0
G5B,semi-adaptive,Nayuki,4,18,2.7727,272.986,0.297,-3678672,0
G5B,semi-adaptive,Nayuki,4,19,2.6574,112.226,0.214,-5221040,0
G5B,semi-adaptive,Nayuki,4,20,2.7500,160.581,0.256,1649016,0
G5B,semi-adaptive,Nayuki,4,21,2.7147,139.313,0.251,16777216,0
G5B,semi-adaptive,Nayuki,4,22,2.7524,121.213,0.256,5947488,0
G5B,semi-adaptive,Nayuki,4,23,2.7152,125.299,0.344,16777216,0
G5B,semi-adaptive,Nayuki,4,24,2.7241,49.819,0.155,-11880,127080
G5B,semi-adaptive,Nayuki,4,25,2.8169,83.837,0.200,525344,0
G5B,semi-adaptive,Nayuki,4,26,2.6144,94.200,0.186,14680064,0
G5B,semi-adaptive,Nayuki,4,27,2.6408,6.332,0.038,-625288,0
G5B,semi-adaptive,Nayuki,4,28,2.7080,217.676,0.375,916744,627424
G5B,semi-adaptive,Nayuki,4,29,2.8039,117.823,0.192,-7110552,0
G5B,semi-adaptive,Nayuki,4,30,2.5820,24.673,0.141,5626632,0
G5B,semi-adaptive,Nayuki,4,31,2.8313,57.331,0.155,-135848,83240
G5B,semi-adaptive,Nayuki,4,32,2.7046,84.438,0.198,7264336,707712
G5B,semi-adaptive,Nayuki,4,33,2.7397,6.469,0.036,-563896,41776
G5B,semi-adaptive,Nayuki,4,34,2.6819,155.317,0.273,1847720,253200
G5B,semi-adaptive,Nayuki,4,35,2.5128,139.781,0.215,-5266160,0
G5B,semi-adaptive,Nayuki,4,36,2.7123,153.694,0.273,-118576,541344
G5B,semi-adaptive,Nayuki,4,37,2.7571,139.391,0.298,19535024,104376
G5B,semi-adaptive,Nayuki,4,38,2.7030,151.973,0.381,20971576,0
G5B,semi-adaptive,Nayuki,5,1,3.0164,115.365,0.205,122480,0
G5B,semi-adaptive,Nayuki,5,2,2.7636,65.403,0.150,11806208,0
G5B,semi-adaptive,Nayuki,5,3,2.7045,153.137,0.292,518560,0
G5B,semi-adaptive,Nayuki,5,4,2.5290,124.429,0.217,-6132504,0
G5B,semi-adaptive,Nayuki,5,5,2.6933,221.876,0.392,17278952,335120
G5B,semi-adaptive,Nayuki,5,6,2.6829,147.872,0.275,13292608,603488
G5B,semi-adaptive,Nayuki,5,7,2.5825,73.039,0.208,13244856,666864
G5B,semi-adaptive,Nayuki,5,8,2.5618,150.406,0.269,176048,0
G5B,semi-adaptive,Nayuki,5,9,2.6503,120.157,0.228,16155856,0
G5B,semi-adaptive,Nayuki,5,10,2.5251,122.513,0.266,18018128,166280
G5B,semi-adaptive,Nayuki,5,11,2.6748,107.944,0.239,16115968,83064
G5B,semi-adaptive,Nayuki,5,12,2.5515,134.612,0.212,-9070400,0
G5B,semi-adaptive,Nayuki,5,13,2.7135,152.329,0.242,268352,0
G5B,semi-adaptive,Nayuki,5,14,2.5583,193.275,0.292,19335992,0
G5B,semi-adaptive,Nayuki,5,15,2.5953,84.975,0.180,13906304,0
G5B,semi-adaptive,Nayuki,5,16,2.8319,7.808,0.051,-62504,83064
G5B,semi-adaptive,Nayuki,5,17,2.5850,81.288,0.200,13368616,0
G5B,semi-adaptive,Nayuki,5,18,2.7727,158.550,0.314,381504,0
G5B,semi-adaptive,Nayuki,5,19,2.6574,116.527,0.199,-6781384,0
G5B,semi-adaptive,Nayuki,5,20,2.7500,181.411,0.254,-3806920,0
G5B,semi-adaptive,Nayuki,5,21,2.7147,121.577,0.275,16778536,248408
G5B,semi-adaptive,Nayuki,5,22,2.7524,111.451,0.247,1317968,0
G5B,semi-adaptive,Nayuki,5,23,2.7152,137.485,0.269,4507656,0
G5B,semi-adaptive,Nayuki,5,24,2.7241,41.746,0.155,8388608,235184
G5B,semi-adaptive,Nayuki,5,25,2.8169,91.055,0.194,-7071080,0
G5B,semi-adaptive,Nayuki,5,26,2.6144,106.817,0.189,-15144,0
G5B,semi-adaptive,Nayuki,5,27,2.6408,6.659,0.045,-459880,0
G5B,semi-adaptive,Nayuki,5,28,2.7080,230.806,0.369,2069544,0
G5B,semi-adaptive,Nayuki,5,29,2.8039,125.192,0.209,4172880,124736
G5B,semi-adaptive,Nayuki,5,30,2.5820,25.449,0.122,5646248,0
G5B,semi-adaptive,Nayuki,5,31,2.8313,57.059,0.158,-221160,83032
G5B,semi-adaptive,Nayuki,5,32,2.7046,85.518,0.195,6521120,700352
G5B,semi-adaptive,Nayuki,5,33,2.7397,3.554,0.039,-589176,41480
G5B,semi-adaptive,Nayuki,5,34,2.6819,157.516,0.274,832264,0
G5B,semi-adaptive,Nayuki,5,35,2.5128,112.698,0.176,367960,0
G5B,semi-adaptive,Nayuki,5,36,2.7123,143.014,0.285,18872976,0
G5B,semi-adaptive,Nayuki,5,37,2.7571,183.719,0.275,18794184,0
G5B,semi-adaptive,Nayuki,5,38,2.7030,168.474,0.308,126184,0
G5B,adaptive,BigDecimal,1,1,3.1541,212.201,8.813,28726120,-47181464
G5B,adaptive,BigDecimal,1,2,2.9382,144.419,6.161,28589264,13633536
G5B,adaptive,BigDecimal,1,3,2.8438,337.210,9.754,47083768,20971520
G5B,adaptive,BigDecimal,1,4,2.6968,182.679,8.936,30172064,-2498664
G5B,adaptive,BigDecimal,1,5,2.8204,458.060,10.373,169311256,26212352
G5B,adaptive,BigDecimal,1,6,2.8232,240.516,11.211,27424128,-40622808
G5B,adaptive,BigDecimal,1,7,2.7474,173.201,6.882,49945728,15730688
G5B,adaptive,BigDecimal,1,8,2.7022,285.203,10.170,56559800,22022144
G5B,adaptive,BigDecimal,1,9,2.8037,226.012,8.243,41599416,18874368
G5B,adaptive,BigDecimal,1,10,2.6814,271.612,8.462,46071336,19920896
G5B,adaptive,BigDecimal,1,11,2.8221,243.603,14.135,32007208,-53103400
G5B,adaptive,BigDecimal,1,12,2.7209,171.473,7.175,56355152,16777216
G5B,adaptive,BigDecimal,1,13,2.8450,262.610,9.317,53816488,20971520
G5B,adaptive,BigDecimal,1,14,2.6965,369.343,10.051,57565512,23068672
G5B,adaptive,BigDecimal,1,15,2.7659,184.030,10.836,46309112,-59027800
G5B,adaptive,BigDecimal,1,16,3.0796,18.965,1.863,2481672,4194304
G5B,adaptive,BigDecimal,1,17,2.7245,174.892,6.927,51914912,15726592
G5B,adaptive,BigDecimal,1,18,2.9091,351.145,13.321,4154712,-71309328
G5B,adaptive,BigDecimal,1,19,2.8097,172.294,10.680,15321504,-8999824
G5B,adaptive,BigDecimal,1,20,2.8719,250.302,8.088,59717488,18874368
G5B,adaptive,BigDecimal,1,21,2.8619,323.396,8.959,45097560,19920896
G5B,adaptive,BigDecimal,1,22,2.8907,230.036,8.008,26218240,17827840
G5B,adaptive,BigDecimal,1,23,2.8515,286.745,9.442,53191608,19920896
G5B,adaptive,BigDecimal,1,24,2.8922,88.148,5.433,34327544,-76539008
G5B,adaptive,BigDecimal,1,25,2.9613,157.887,7.648,53899160,14680064
G5B,adaptive,BigDecimal,1,26,2.7712,180.353,8.464,21674984,17823744
G5B,adaptive,BigDecimal,1,27,2.9417,11.412,0.923,4185952,2097152
G5B,adaptive,BigDecimal,1,28,2.8217,440.090,10.347,94759328,-70249136
G5B,adaptive,BigDecimal,1,29,2.9518,203.154,8.080,65700552,17823744
G5B,adaptive,BigDecimal,1,30,2.7831,55.074,3.807,32632920,-14591720
G5B,adaptive,BigDecimal,1,31,2.9753,107.066,6.221,20990840,13633536
G5B,adaptive,BigDecimal,1,32,2.8683,163.856,6.875,53241408,15726592
G5B,adaptive,BigDecimal,1,33,3.0411,6.125,1.016,2018136,1050624
G5B,adaptive,BigDecimal,1,34,2.8138,317.609,11.518,27189928,22018048
G5B,adaptive,BigDecimal,1,35,2.6635,195.422,6.780,58229976,16777216
G5B,adaptive,BigDecimal,1,36,2.8604,317.039,11.907,47154432,22022144
G5B,adaptive,BigDecimal,1,37,2.8898,337.836,10.008,107675040,22022144
G5B,adaptive,BigDecimal,1,38,2.8283,379.437,9.502,102820552,25165824
G5B,adaptive,BigDecimal,2,1,3.1541,187.571,8.876,30006784,17823744
G5B,adaptive,BigDecimal,2,2,2.9382,145.298,6.813,16586896,13633536
G5B,adaptive,BigDecimal,2,3,2.8438,344.141,9.990,95684688,20971520
G5B,adaptive,BigDecimal,2,4,2.6968,194.775,7.846,42715408,17827840
G5B,adaptive,BigDecimal,2,5,2.8204,463.060,11.999,68073704,26212352
G5B,adaptive,BigDecimal,2,6,2.8232,239.912,9.667,27089936,-42984016
G5B,adaptive,BigDecimal,2,7,2.7474,151.613,7.642,48325840,15730688
G5B,adaptive,BigDecimal,2,8,2.7022,295.574,10.715,58748808,-55567296
G5B,adaptive,BigDecimal,2,9,2.8037,229.951,9.754,47146704,-58718048
G5B,adaptive,BigDecimal,2,10,2.6814,251.308,9.775,39721752,-55569912
G5B,adaptive,BigDecimal,2,11,2.8221,233.854,9.714,39716776,-57673608
G5B,adaptive,BigDecimal,2,12,2.7209,171.455,7.102,10335216,16777216
G5B,adaptive,BigDecimal,2,13,2.8450,266.691,9.122,46080416,20971520
G5B,adaptive,BigDecimal,2,14,2.6965,361.785,12.199,5175632,-71297912
G5B,adaptive,BigDecimal,2,15,2.7659,171.782,6.701,7825424,16777216
G5B,adaptive,BigDecimal,2,16,3.0796,23.966,2.233,4496680,4194304
G5B,adaptive,BigDecimal,2,17,2.7245,172.031,8.260,52061936,-45028128
G5B,adaptive,BigDecimal,2,18,2.9091,372.027,10.139,48151592,23068672
G5B,adaptive,BigDecimal,2,19,2.8097,170.224,8.804,21511848,-9004832
G5B,adaptive,BigDecimal,2,20,2.8719,250.925,8.126,43076864,18874368
G5B,adaptive,BigDecimal,2,21,2.8619,273.917,9.759,30224664,19920896
G5B,adaptive,BigDecimal,2,22,2.8907,206.039,10.278,28455712,-42878240
G5B,adaptive,BigDecimal,2,23,2.8515,293.197,8.861,122809296,19920896
G5B,adaptive,BigDecimal,2,24,2.8922,91.249,5.029,28250688,11536384
G5B,adaptive,BigDecimal,2,25,2.9613,188.147,6.796,58051544,14680064
G5B,adaptive,BigDecimal,2,26,2.7712,192.110,9.283,17992080,-7538512
G5B,adaptive,BigDecimal,2,27,2.9417,9.541,1.173,10143144,2096488
G5B,adaptive,BigDecimal,2,28,2.8217,406.361,11.598,63893784,25165824
G5B,adaptive,BigDecimal,2,29,2.9518,194.905,7.895,36976664,17823744
G5B,adaptive,BigDecimal,2,30,2.7831,52.137,3.475,10291456,8388608
G5B,adaptive,BigDecimal,2,31,2.9753,112.620,5.043,18238864,13633536
G5B,adaptive,BigDecimal,2,32,2.8683,169.304,6.811,37347624,15726592
G5B,adaptive,BigDecimal,2,33,3.0411,4.724,2.038,5817088,1344624
G5B,adaptive,BigDecimal,2,34,2.8138,320.709,10.637,44687344,-72355936
G5B,adaptive,BigDecimal,2,35,2.6635,184.667,8.811,17905744,-8164088
G5B,adaptive,BigDecimal,2,36,2.8604,339.312,9.844,61728688,22022144
G5B,adaptive,BigDecimal,2,37,2.8898,343.508,10.154,109317544,22022144
G5B,adaptive,BigDecimal,2,38,2.8283,374.789,9.313,40754368,25165824
G5B,adaptive,BigDecimal,3,1,3.1541,196.339,7.991,37019480,17823744
G5B,adaptive,BigDecimal,3,2,2.9382,139.081,6.161,38195728,13633536
G5B,adaptive,BigDecimal,3,3,2.8438,326.173,9.863,51300480,20971520
G5B,adaptive,BigDecimal,3,4,2.6968,178.769,10.764,20115944,-6901560
G5B,adaptive,BigDecimal,3,5,2.8204,456.982,10.504,24046032,26212352
G5B,adaptive,BigDecimal,3,6,2.8232,227.020,8.460,20596760,19920896
G5B,adaptive,BigDecimal,3,7,2.7474,152.246,7.302,22126208,-59761624
G5B,adaptive,BigDecimal,3,8,2.7022,290.428,10.394,62833688,22022144
G5B,adaptive,BigDecimal,3,9,2.8037,229.901,11.955,30816704,-39678664
G5B,adaptive,BigDecimal,3,10,2.6814,260.057,10.518,31679464,-38889504
G5B,adaptive,BigDecimal,3,11,2.8221,223.998,9.139,37672616,-57675600
G5B,adaptive,BigDecimal,3,12,2.7209,179.184,7.147,5339912,16777216
G5B,adaptive,BigDecimal,3,13,2.8450,276.518,9.099,38638976,20971520
G5B,adaptive,BigDecimal,3,14,2.6965,371.328,12.271,99319720,-101714088
G5B,adaptive,BigDecimal,3,15,2.7659,167.885,8.548,33273248,-4605096
G5B,adaptive,BigDecimal,3,16,3.0796,15.434,2.018,7180984,4194304
G5B,adaptive,BigDecimal,3,17,2.7245,178.202,8.204,18047768,15726592
G5B,adaptive,BigDecimal,3,18,2.9091,365.448,10.288,95666016,23068672
G5B,adaptive,BigDecimal,3,19,2.8097,168.867,7.331,58975952,15730688
G5B,adaptive,BigDecimal,3,20,2.8719,251.731,8.630,15415200,18874368
G5B,adaptive,BigDecimal,3,21,2.8619,251.556,8.482,51306552,19920896
G5B,adaptive,BigDecimal,3,22,2.8907,217.908,9.008,30698912,17827840
G5B,adaptive,BigDecimal,3,23,2.8515,296.045,9.098,51312760,19920896
G5B,adaptive,BigDecimal,3,24,2.8922,92.713,5.514,17122920,-24115408
G5B,adaptive,BigDecimal,3,25,2.9613,165.216,6.463,60503744,14680064
G5B,adaptive,BigDecimal,3,26,2.7712,181.883,7.140,27191400,17823744
G5B,adaptive,BigDecimal,3,27,2.9417,10.951,1.171,1843184,2013304
G5B,adaptive,BigDecimal,3,28,2.8217,471.470,10.867,40002288,-98571128
G5B,adaptive,BigDecimal,3,29,2.9518,213.865,8.915,23209488,-47182552
G5B,adaptive,BigDecimal,3,30,2.7831,52.004,3.558,8198056,8388608
G5B,adaptive,BigDecimal,3,31,2.9753,114.104,5.088,18712000,13633536
G5B,adaptive,BigDecimal,3,32,2.8683,176.818,8.176,17393816,-12114168
G5B,adaptive,BigDecimal,3,33,3.0411,5.030,1.055,5867184,1341656
G5B,adaptive,BigDecimal,3,34,2.8138,301.476,10.077,41892368,-74451040
G5B,adaptive,BigDecimal,3,35,2.6635,178.619,8.729,17902704,-8164392
G5B,adaptive,BigDecimal,3,36,2.8604,332.340,9.639,65561792,22022144
G5B,adaptive,BigDecimal,3,37,2.8898,335.695,9.949,65927744,22022144
G5B,adaptive,BigDecimal,3,38,2.8283,363.506,10.671,23988120,-6609392
G5B,adaptive,BigDecimal,4,1,3.1541,219.203,7.779,26041216,17823744
G5B,adaptive,BigDecimal,4,2,2.9382,146.850,5.925,12504192,13633536
G5B,adaptive,BigDecimal,4,3,2.8438,338.820,9.929,28122608,22022144
G5B,adaptive,BigDecimal,4,4,2.6968,191.642,7.929,54590640,17827840
G5B,adaptive,BigDecimal,4,5,2.8204,532.291,12.022,3054296,-82842328
G5B,adaptive,BigDecimal,4,6,2.8232,337.439,12.326,30026448,19920896
G5B,adaptive,BigDecimal,4,7,2.7474,181.561,6.650,47914984,15730688
G5B,adaptive,BigDecimal,4,8,2.7022,330.730,10.700,8405672,23068672
G5B,adaptive,BigDecimal,4,9,2.8037,280.125,9.538,41592536,18874368
G5B,adaptive,BigDecimal,4,10,2.6814,286.357,8.601,37596016,19924992
G5B,adaptive,BigDecimal,4,11,2.8221,229.686,9.357,37668240,-55569784
G5B,adaptive,BigDecimal,4,12,2.7209,217.373,7.944,14559416,16777216
G5B,adaptive,BigDecimal,4,13,2.8450,319.080,10.207,59716064,20971520
G5B,adaptive,BigDecimal,4,14,2.6965,416.942,10.285,57595216,23068672
G5B,adaptive,BigDecimal,4,15,2.7659,205.862,8.123,46861488,-46137832
G5B,adaptive,BigDecimal,4,16,3.0796,18.138,2.129,9319544,4194304
G5B,adaptive,BigDecimal,4,17,2.7245,204.192,7.996,56132752,15726592
G5B,adaptive,BigDecimal,4,18,2.9091,423.715,14.770,112452320,23068672
G5B,adaptive,BigDecimal,4,19,2.8097,203.707,10.226,23031944,-18453128
G5B,adaptive,BigDecimal,4,20,2.8719,304.543,10.544,61743536,-75501144
G5B,adaptive,BigDecimal,4,21,2.8619,302.176,11.163,28900400,19920896
G5B,adaptive,BigDecimal,4,22,2.8907,252.606,8.561,62027168,17827840
G5B,adaptive,BigDecimal,4,23,2.8515,355.349,8.958,72572496,19920896
G5B,adaptive,BigDecimal,4,24,2.8922,123.449,4.866,21774432,11916184
G5B,adaptive,BigDecimal,4,25,2.9613,183.571,6.651,30337448,14680064
G5B,adaptive,BigDecimal,4,26,2.7712,207.194,7.053,33502104,16777216
G5B,adaptive,BigDecimal,4,27,2.9417,9.966,3.013,10054672,-6452512
G5B,adaptive,BigDecimal,4,28,2.8217,514.708,14.212,65189120,25165824
G5B,adaptive,BigDecimal,4,29,2.9518,267.495,12.136,23288752,-40949168
G5B,adaptive,BigDecimal,4,30,2.7831,72.853,3.383,17213728,8388608
G5B,adaptive,BigDecimal,4,31,2.9753,131.440,5.294,20400776,13633536
G5B,adaptive,BigDecimal,4,32,2.8683,210.006,8.429,-31360,16777216
G5B,adaptive,BigDecimal,4,33,3.0411,7.937,1.011,5842760,1267624
G5B,adaptive,BigDecimal,4,34,2.8138,346.916,10.923,41663640,-72350888
G5B,adaptive,BigDecimal,4,35,2.6635,217.940,8.047,40737352,16777216
G5B,adaptive,BigDecimal,4,36,2.8604,370.650,15.741,62992800,-75710136
G5B,adaptive,BigDecimal,4,37,2.8898,435.734,11.587,61732712,22022144
G5B,adaptive,BigDecimal,4,38,2.8283,421.930,17.648,170388424,25165824
G5B,adaptive,BigDecimal,5,1,3.1541,226.914,9.959,22872312,17695288
G5B,adaptive,BigDecimal,5,2,2.9382,170.186,10.465,41891280,-44973936
G5B,adaptive,BigDecimal,5,3,2.8438,373.778,10.067,59668296,20971520
G5B,adaptive,BigDecimal,5,4,2.6968,205.702,9.287,17678016,17827840
G5B,adaptive,BigDecimal,5,5,2.8204,557.093,11.191,32452312,26212352
G5B,adaptive,BigDecimal,5,6,2.8232,278.524,8.363,23964200,19920896
G5B,adaptive,BigDecimal,5,7,2.7474,161.715,6.257,47732096,14680064
G5B,adaptive,BigDecimal,5,8,2.7022,318.431,11.723,56514888,22022144
G5B,adaptive,BigDecimal,5,9,2.8037,256.393,10.667,13361264,-4808840
G5B,adaptive,BigDecimal,5,10,2.6814,305.786,9.346,21448160,19920896
G5B,adaptive,BigDecimal,5,11,2.8221,255.914,14.577,28570816,-56121408
G5B,adaptive,BigDecimal,5,12,2.7209,215.898,8.789,58600832,16777216
G5B,adaptive,BigDecimal,5,13,2.8450,313.119,9.429,59743080,20971520
G5B,adaptive,BigDecimal,5,14,2.6965,400.028,10.789,66030648,23068672
G5B,adaptive,BigDecimal,5,15,2.7659,190.164,10.324,48049720,-46136144
G5B,adaptive,BigDecimal,5,16,3.0796,18.095,1.912,2483824,4194304
G5B,adaptive,BigDecimal,5,17,2.7245,186.916,6.425,51912632,15726592
G5B,adaptive,BigDecimal,5,18,2.9091,426.827,12.121,6211576,-71307656
G5B,adaptive,BigDecimal,5,19,2.8097,199.712,6.962,43924512,15730688
G5B,adaptive,BigDecimal,5,20,2.8719,296.849,16.028,15582608,18874368
G5B,adaptive,BigDecimal,5,21,2.8619,347.345,8.610,13450208,19920896
G5B,adaptive,BigDecimal,5,22,2.8907,243.933,9.753,41837144,-59766400
G5B,adaptive,BigDecimal,5,23,2.8515,315.325,9.978,27140456,-74444888
G5B,adaptive,BigDecimal,5,24,2.8922,106.800,5.071,17579888,11914784
G5B,adaptive,BigDecimal,5,25,2.9613,172.562,6.499,19492176,15179256
G5B,adaptive,BigDecimal,5,26,2.7712,194.067,9.038,20704952,-7532960
G5B,adaptive,BigDecimal,5,27,2.9417,10.069,1.342,10140960,2096448
G5B,adaptive,BigDecimal,5,28,2.8217,464.748,14.070,72281736,24115200
G5B,adaptive,BigDecimal,5,29,2.9518,233.593,9.387,25579944,-42994408
G5B,adaptive,BigDecimal,5,30,2.7831,56.313,4.116,17226096,8388608
G5B,adaptive,BigDecimal,5,31,2.9753,116.958,5.293,22493728,13633536
G5B,adaptive,BigDecimal,5,32,2.8683,179.043,8.519,13565776,16777216
G5B,adaptive,BigDecimal,5,33,3.0411,4.793,0.720,5862352,1261008
G5B,adaptive,BigDecimal,5,34,2.8138,312.755,11.272,43978776,-74448720
G5B,adaptive,BigDecimal,5,35,2.6635,196.203,9.123,17905256,-8164904
G5B,adaptive,BigDecimal,5,36,2.8604,328.319,11.748,46425432,22022144
G5B,adaptive,BigDecimal,5,37,2.8898,358.171,9.447,82347208,22022144
G5B,adaptive,BigDecimal,5,38,2.8283,378.322,11.086,26687968,25165824
G5B,adaptive,Nayuki,1,1,3.1475,143.506,0.202,15008912,0
G5B,adaptive,Nayuki,1,2,2.9382,85.570,0.150,12410832,0
G5B,adaptive,Nayuki,1,3,2.8409,185.485,0.315,19946144,0
G5B,adaptive,Nayuki,1,4,2.7097,138.144,0.217,15495392,0
G5B,adaptive,Nayuki,1,5,2.8329,234.070,0.371,25560152,104688
G5B,adaptive,Nayuki,1,6,2.8293,151.690,0.263,17581960,0
G5B,adaptive,Nayuki,1,7,2.7509,137.828,0.203,13798680,0
G5B,adaptive,Nayuki,1,8,2.6966,195.949,0.297,20574584,0
G5B,adaptive,Nayuki,1,9,2.8221,155.188,0.246,17224760,108024
G5B,adaptive,Nayuki,1,10,2.6903,152.209,0.244,18633960,0
G5B,adaptive,Nayuki,1,11,2.8221,127.607,0.245,16989800,105888
G5B,adaptive,Nayuki,1,12,2.7375,114.738,0.214,15253808,0
G5B,adaptive,Nayuki,1,13,2.8538,166.034,0.263,19082616,0
G5B,adaptive,Nayuki,1,14,2.7100,248.312,0.331,21988272,0
G5B,adaptive,Nayuki,1,15,2.7826,125.832,0.180,14926032,0
G5B,adaptive,Nayuki,1,16,3.1150,7.930,0.081,2272832,0
G5B,adaptive,Nayuki,1,17,2.7211,116.846,0.204,13753264,0
G5B,adaptive,Nayuki,1,18,2.9091,186.442,0.294,19885128,0
G5B,adaptive,Nayuki,1,19,2.8235,123.206,0.199,13179472,0
G5B,adaptive,Nayuki,1,20,2.8750,127.297,0.257,17220584,0
G5B,adaptive,Nayuki,1,21,2.8589,157.608,0.318,17989736,0
G5B,adaptive,Nayuki,1,22,2.9068,123.899,0.233,16107784,0
G5B,adaptive,Nayuki,1,23,2.8606,145.640,0.269,18003016,0
G5B,adaptive,Nayuki,1,24,2.8966,60.911,0.187,8709912,82784
G5B,adaptive,Nayuki,1,25,2.9577,108.688,0.194,13371040,0
G5B,adaptive,Nayuki,1,26,2.7712,127.704,0.270,15194152,664912
G5B,adaptive,Nayuki,1,27,2.9515,5.565,0.038,1742760,41544
G5B,adaptive,Nayuki,1,28,2.8114,221.814,0.369,24278616,0
G5B,adaptive,Nayuki,1,29,2.9582,133.492,0.194,15883848,0
G5B,adaptive,Nayuki,1,30,2.7937,47.479,0.102,5917160,82816
G5B,adaptive,Nayuki,1,31,2.9959,63.589,0.156,9887376,0
G5B,adaptive,Nayuki,1,32,2.8754,95.636,0.213,12802152,121296
G5B,adaptive,Nayuki,1,33,3.0685,2.341,0.027,905808,0
G5B,adaptive,Nayuki,1,34,2.7966,177.522,0.287,20302096,0
G5B,adaptive,Nayuki,1,35,2.6667,140.864,0.181,15888616,657232
G5B,adaptive,Nayuki,1,36,2.8718,197.674,0.277,19895336,0
G5B,adaptive,Nayuki,1,37,2.8927,198.769,0.295,20358552,0
G5B,adaptive,Nayuki,1,38,2.8338,204.155,0.317,22029808,0
G5B,adaptive,Nayuki,2,1,3.1475,146.345,0.217,15073128,105600
G5B,adaptive,Nayuki,2,2,2.9382,98.117,0.154,12822232,0
G5B,adaptive,Nayuki,2,3,2.8409,211.293,0.283,19888888,0
G5B,adaptive,Nayuki,2,4,2.7097,131.385,0.212,15905504,0
G5B,adaptive,Nayuki,2,5,2.8329,292.368,0.382,25628656,105040
G5B,adaptive,Nayuki,2,6,2.8293,154.851,0.244,17794784,0
G5B,adaptive,Nayuki,2,7,2.7509,112.365,0.189,13589312,0
G5B,adaptive,Nayuki,2,8,2.6966,203.313,0.287,20559424,0
G5B,adaptive,Nayuki,2,9,2.8221,150.744,0.251,16821736,108120
G5B,adaptive,Nayuki,2,10,2.6903,155.995,0.253,18459480,0
G5B,adaptive,Nayuki,2,11,2.8221,149.571,0.264,17339568,108144
G5B,adaptive,Nayuki,2,12,2.7375,130.969,0.220,15076976,0
G5B,adaptive,Nayuki,2,13,2.8538,159.194,0.268,19317248,0
G5B,adaptive,Nayuki,2,14,2.7100,214.487,0.319,21994552,0
G5B,adaptive,Nayuki,2,15,2.7826,107.496,0.176,15117592,0
G5B,adaptive,Nayuki,2,16,3.1150,8.277,0.082,2025200,0
G5B,adaptive,Nayuki,2,17,2.7211,102.535,0.203,13827984,0
G5B,adaptive,Nayuki,2,18,2.9091,172.865,0.281,19895848,0
G5B,adaptive,Nayuki,2,19,2.8235,87.875,0.209,13757576,0
G5B,adaptive,Nayuki,2,20,2.8750,146.982,0.266,17216392,0
G5B,adaptive,Nayuki,2,21,2.8589,182.170,0.253,17787992,0
G5B,adaptive,Nayuki,2,22,2.9068,122.318,0.232,15912200,0
G5B,adaptive,Nayuki,2,23,2.8606,153.508,0.277,17986120,0
G5B,adaptive,Nayuki,2,24,2.8966,54.257,0.144,9103128,82784
G5B,adaptive,Nayuki,2,25,2.9577,113.490,0.194,13588280,0
G5B,adaptive,Nayuki,2,26,2.7712,139.803,0.203,15042112,662544
G5B,adaptive,Nayuki,2,27,2.9515,5.431,0.044,1736560,41304
G5B,adaptive,Nayuki,2,28,2.8114,243.855,0.341,24116432,0
G5B,adaptive,Nayuki,2,29,2.9582,134.543,0.205,15661536,0
G5B,adaptive,Nayuki,2,30,2.7937,40.640,0.107,5944560,83032
G5B,adaptive,Nayuki,2,31,2.9959,63.922,0.154,9791984,0
G5B,adaptive,Nayuki,2,32,2.8754,111.866,0.434,12814024,121200
G5B,adaptive,Nayuki,2,33,3.0685,2.375,0.028,905712,0
G5B,adaptive,Nayuki,2,34,2.7966,190.690,0.283,20080456,0
G5B,adaptive,Nayuki,2,35,2.6667,137.071,0.240,15693144,656640
G5B,adaptive,Nayuki,2,36,2.8718,188.642,0.283,19694424,0
G5B,adaptive,Nayuki,2,37,2.8927,204.061,0.428,20557184,0
G5B,adaptive,Nayuki,2,38,2.8338,199.253,0.314,22176944,0
G5B,adaptive,Nayuki,3,1,3.1475,129.782,0.214,14715240,105600
G5B,adaptive,Nayuki,3,2,2.9382,96.452,0.154,12815064,0
G5B,adaptive,Nayuki,3,3,2.8409,190.120,0.305,20114168,0
G5B,adaptive,Nayuki,3,4,2.7097,141.262,0.213,15883488,0
G5B,adaptive,Nayuki,3,5,2.8329,251.233,0.373,25701928,104688
G5B,adaptive,Nayuki,3,6,2.8293,147.762,0.253,17796896,0
G5B,adaptive,Nayuki,3,7,2.7509,111.111,0.199,13599512,0
G5B,adaptive,Nayuki,3,8,2.6966,185.858,0.279,20371320,0
G5B,adaptive,Nayuki,3,9,2.8221,181.667,0.237,17218104,108024
G5B,adaptive,Nayuki,3,10,2.6903,146.716,0.249,18653544,0
G5B,adaptive,Nayuki,3,11,2.8221,146.368,0.259,17216032,108600
G5B,adaptive,Nayuki,3,12,2.7375,107.583,0.209,15145480,0
G5B,adaptive,Nayuki,3,13,2.8538,161.999,0.270,19322224,0
G5B,adaptive,Nayuki,3,14,2.7100,183.894,0.327,21773032,0
G5B,adaptive,Nayuki,3,15,2.7826,116.095,0.172,15069352,0
G5B,adaptive,Nayuki,3,16,3.1150,6.856,0.107,2055656,0
G5B,adaptive,Nayuki,3,17,2.7211,101.597,0.212,13733352,0
G5B,adaptive,Nayuki,3,18,2.9091,179.845,0.288,20042432,0
G5B,adaptive,Nayuki,3,19,2.8235,113.478,0.211,13387520,0
G5B,adaptive,Nayuki,3,20,2.8750,148.622,0.259,17017984,0
G5B,adaptive,Nayuki,3,21,2.8589,158.040,0.252,17985096,0
G5B,adaptive,Nayuki,3,22,2.9068,145.069,0.236,15703304,0
G5B,adaptive,Nayuki,3,23,2.8606,165.675,0.271,17988168,0
G5B,adaptive,Nayuki,3,24,2.8966,61.305,0.146,9098560,41400
G5B,adaptive,Nayuki,3,25,2.9577,100.630,0.194,13118544,0
G5B,adaptive,Nayuki,3,26,2.7712,127.573,0.197,15031504,0
G5B,adaptive,Nayuki,3,27,2.9515,5.570,0.039,1717776,39944
G5B,adaptive,Nayuki,3,28,2.8114,235.648,0.370,24248704,0
G5B,adaptive,Nayuki,3,29,2.9582,126.588,0.200,15833920,0
G5B,adaptive,Nayuki,3,30,2.7937,31.302,0.139,5920384,83248
G5B,adaptive,Nayuki,3,31,2.9959,57.710,0.194,9837760,0
G5B,adaptive,Nayuki,3,32,2.8754,92.487,0.205,12610552,120928
G5B,adaptive,Nayuki,3,33,3.0685,2.378,0.036,905720,0
G5B,adaptive,Nayuki,3,34,2.7966,191.372,0.287,20065120,0
G5B,adaptive,Nayuki,3,35,2.6667,143.243,0.192,15871504,660040
G5B,adaptive,Nayuki,3,36,2.8718,193.966,0.281,20210576,0
G5B,adaptive,Nayuki,3,37,2.8927,186.586,0.336,20556144,0
G5B,adaptive,Nayuki,3,38,2.8338,202.299,0.328,22175592,0
G5B,adaptive,Nayuki,4,1,3.1475,123.585,0.212,14890240,104176
G5B,adaptive,Nayuki,4,2,2.9382,113.171,0.155,12825848,0
G5B,adaptive,Nayuki,4,3,2.8409,181.124,0.290,20085496,0
G5B,adaptive,Nayuki,4,4,2.7097,149.801,0.206,15880928,0
G5B,adaptive,Nayuki,4,5,2.8329,244.683,0.388,25425392,105040
G5B,adaptive,Nayuki,4,6,2.8293,167.211,0.245,17986272,0
G5B,adaptive,Nayuki,4,7,2.7509,106.934,0.269,13500104,0
G5B,adaptive,Nayuki,4,8,2.6966,183.334,0.270,20941864,0
G5B,adaptive,Nayuki,4,9,2.8221,146.138,0.296,17220736,104544
G5B,adaptive,Nayuki,4,10,2.6903,152.690,0.254,18589648,0
G5B,adaptive,Nayuki,4,11,2.8221,146.467,0.272,17236960,107568
G5B,adaptive,Nayuki,4,12,2.7375,130.992,0.215,15123344,0
G5B,adaptive,Nayuki,4,13,2.8538,176.769,0.244,19318816,0
G5B,adaptive,Nayuki,4,14,2.7100,189.116,0.327,22448128,0
G5B,adaptive,Nayuki,4,15,2.7826,142.461,0.184,15073224,0
G5B,adaptive,Nayuki,4,16,3.1150,6.579,0.085,2055688,0
G5B,adaptive,Nayuki,4,17,2.7211,117.876,0.214,13739912,0
G5B,adaptive,Nayuki,4,18,2.9091,194.689,0.297,19688440,0
G5B,adaptive,Nayuki,4,19,2.8235,122.179,0.212,13780544,662136
G5B,adaptive,Nayuki,4,20,2.8750,128.928,0.251,16145768,0
G5B,adaptive,Nayuki,4,21,2.8589,165.150,0.266,18089072,663040
G5B,adaptive,Nayuki,4,22,2.9068,136.729,0.233,15659872,0
G5B,adaptive,Nayuki,4,23,2.8606,155.052,0.278,17797520,0
G5B,adaptive,Nayuki,4,24,2.8966,58.945,0.141,9103128,0
G5B,adaptive,Nayuki,4,25,2.9577,104.738,0.193,13595432,0
G5B,adaptive,Nayuki,4,26,2.7712,126.265,0.208,15445568,662544
G5B,adaptive,Nayuki,4,27,2.9515,5.305,0.054,1736560,41304
G5B,adaptive,Nayuki,4,28,2.8114,223.116,0.367,24087472,0
G5B,adaptive,Nayuki,4,29,2.9582,152.465,0.191,15896864,0
G5B,adaptive,Nayuki,4,30,2.7937,44.142,0.102,5696296,83032
G5B,adaptive,Nayuki,4,31,2.9959,66.065,0.148,9712152,0
G5B,adaptive,Nayuki,4,32,2.8754,126.552,0.204,12803208,121272
G5B,adaptive,Nayuki,4,33,3.0685,3.975,0.029,905808,0
G5B,adaptive,Nayuki,4,34,2.7966,211.332,0.273,20067632,0
G5B,adaptive,Nayuki,4,35,2.6667,134.146,0.183,15914328,656640
G5B,adaptive,Nayuki,4,36,2.8718,177.094,0.324,20077912,0
G5B,adaptive,Nayuki,4,37,2.8927,174.486,0.299,20823528,0
G5B,adaptive,Nayuki,4,38,2.8338,233.895,0.343,21649928,706656
G5B,adaptive,Nayuki,5,1,3.1475,139.488,0.217,15036936,665440
G5B,adaptive,Nayuki,5,2,2.9382,92.519,0.150,12810024,0
G5B,adaptive,Nayuki,5,3,2.8409,182.138,0.304,19693552,0
G5B,adaptive,Nayuki,5,4,2.7097,144.483,0.210,15696528,0
G5B,adaptive,Nayuki,5,5,2.8329,268.864,0.464,25420776,113760
G5B,adaptive,Nayuki,5,6,2.8293,144.013,0.254,17972496,0
G5B,adaptive,Nayuki,5,7,2.7509,127.065,0.201,13760864,0
G5B,adaptive,Nayuki,5,8,2.6966,242.440,0.288,20355048,0
G5B,adaptive,Nayuki,5,9,2.8221,154.145,0.252,17210424,108024
G5B,adaptive,Nayuki,5,10,2.6903,170.937,0.239,18656104,0
G5B,adaptive,Nayuki,5,11,2.8221,149.603,0.259,17213984,108600
G5B,adaptive,Nayuki,5,12,2.7375,123.728,0.211,15111688,0
G5B,adaptive,Nayuki,5,13,2.8538,183.495,1.084,19308720,0
G5B,adaptive,Nayuki,5,14,2.7100,196.735,0.325,21984696,0
G5B,adaptive,Nayuki,5,15,2.7826,127.136,0.177,14919864,0
G5B,adaptive,Nayuki,5,16,3.1150,8.356,0.072,2023200,0
G5B,adaptive,Nayuki,5,17,2.7211,120.473,0.213,13912064,0
G5B,adaptive,Nayuki,5,18,2.9091,188.881,0.437,20074576,0
G5B,adaptive,Nayuki,5,19,2.8235,109.892,0.196,13397072,0
G5B,adaptive,Nayuki,5,20,2.8750,147.336,0.366,17015776,0
G5B,adaptive,Nayuki,5,21,2.8589,156.589,0.256,18185832,0
G5B,adaptive,Nayuki,5,22,2.9068,153.945,0.272,15698696,0
G5B,adaptive,Nayuki,5,23,2.8606,184.917,0.273,17987656,0
G5B,adaptive,Nayuki,5,24,2.8966,54.407,0.153,8904472,82784
G5B,adaptive,Nayuki,5,25,2.9577,104.416,0.192,13403960,0
G5B,adaptive,Nayuki,5,26,2.7712,131.438,0.209,15215680,662544
G5B,adaptive,Nayuki,5,27,2.9515,5.387,0.039,1736560,41304
G5B,adaptive,Nayuki,5,28,2.8114,249.102,0.343,24247096,0
G5B,adaptive,Nayuki,5,29,2.9582,142.924,0.197,15824864,0
G5B,adaptive,Nayuki,5,30,2.7937,40.505,0.110,5745392,83032
G5B,adaptive,Nayuki,5,31,2.9959,62.842,0.165,9799664,0
G5B,adaptive,Nayuki,5,32,2.8754,116.478,0.614,12992200,121200
G5B,adaptive,Nayuki,5,33,3.0685,2.384,0.028,905712,0
G5B,adaptive,Nayuki,5,34,2.7966,195.371,0.270,19908368,0
G5B,adaptive,Nayuki,5,35,2.6667,207.179,0.222,15686488,656640
G5B,adaptive,Nayuki,5,36,2.8718,187.575,0.276,20051080,0
G5B,adaptive,Nayuki,5,37,2.8927,181.182,0.302,20020504,662712
G5B,adaptive,Nayuki,5,38,2.8338,235.249,0.326,21992000,0
G6B,static,BigDecimal,1,1,3.0787,407.795,6.078,127804312,12582912
G6B,static,BigDecimal,1,2,2.5855,230.499,4.010,36501280,9439232
G6B,static,BigDecimal,1,3,2.3949,496.977,6.381,149076408,12582912
G6B,static,BigDecimal,1,4,2.3742,252.681,6.376,65048496,11532288
G6B,static,BigDecimal,1,5,2.3591,659.647,8.136,84765544,15726592
G6B,static,BigDecimal,1,6,2.4726,402.557,5.864,32200008,12582912
G6B,static,BigDecimal,1,7,2.3649,208.008,4.885,45704008,9435136
G6B,static,BigDecimal,1,8,2.4747,496.058,7.052,147393000,15726592
G6B,static,BigDecimal,1,9,2.4080,334.255,5.424,128621944,12582912
G6B,static,BigDecimal,1,10,2.3540,364.520,5.675,70551904,12582912
G6B,static,BigDecimal,1,11,2.4387,334.889,5.420,84797024,12582912
G6B,static,BigDecimal,1,12,2.3654,260.567,4.697,81477792,11536384
G6B,static,BigDecimal,1,13,2.6404,453.525,6.763,9362800,15730688
G6B,static,BigDecimal,1,14,2.1978,506.871,6.666,60626920,13629440
G6B,static,BigDecimal,1,15,2.3679,254.326,4.424,62737952,10485760
G6B,static,BigDecimal,1,16,2.4867,24.369,0.386,860144,1046528
G6B,static,BigDecimal,1,17,2.3197,320.585,4.551,18994704,10485760
G6B,static,BigDecimal,1,18,2.5938,562.054,7.106,55396856,13629440
G6B,static,BigDecimal,1,19,2.3668,316.197,4.758,60560376,9439232
G6B,static,BigDecimal,1,20,2.4313,418.547,5.633,63797752,11532288
G6B,static,BigDecimal,1,21,2.2733,410.542,5.451,101039816,11536384
G6B,static,BigDecimal,1,22,2.5145,436.448,5.078,63902064,11536384
G6B,static,BigDecimal,1,23,2.4333,471.332,5.501,30466080,10485760
G6B,static,BigDecimal,1,24,2.2716,139.577,2.550,69021512,6291456
G6B,static,BigDecimal,1,25,2.3556,212.898,3.959,65340496,8388608
G6B,static,BigDecimal,1,26,2.3693,262.238,6.297,68157696,-82836704
G6B,static,BigDecimal,1,27,2.4175,14.238,0.283,1273720,377072
G6B,static,BigDecimal,1,28,2.3979,716.051,7.622,30376728,15730688
G6B,static,BigDecimal,1,29,2.6624,301.971,5.469,27398696,12582912
G6B,static,BigDecimal,1,30,2.3651,90.153,2.065,21842440,4194304
G6B,static,BigDecimal,1,31,2.6173,183.972,3.626,19736488,8388608
G6B,static,BigDecimal,1,32,2.4413,280.019,4.211,83705304,9435136
G6B,static,BigDecimal,1,33,2.5479,5.671,0.174,6543808,250248
G6B,static,BigDecimal,1,34,2.2665,490.438,6.615,164559360,11536384
G6B,static,BigDecimal,1,35,2.2596,297.315,4.757,49756560,10485760
G6B,static,BigDecimal,1,36,2.3732,542.239,14.184,80583968,-162521032
G6B,static,BigDecimal,1,37,2.4633,742.286,7.159,58238160,13629440
G6B,static,BigDecimal,1,38,2.3515,757.568,7.247,44823848,15726592
G6B,static,BigDecimal,2,1,3.0787,582.562,6.181,149804504,11536384
G6B,static,BigDecimal,2,2,2.5855,226.181,4.208,97942960,9439232
G6B,static,BigDecimal,2,3,2.3949,593.752,6.422,40723936,13629440
G6B,static,BigDecimal,2,4,2.3742,252.178,4.999,48079768,11532288
G6B,static,BigDecimal,2,5,2.3591,631.825,8.140,139247224,15726592
G6B,static,BigDecimal,2,6,2.4726,347.653,5.724,167430904,12582912
G6B,static,BigDecimal,2,7,2.3649,253.747,4.477,20836640,9435136
G6B,static,BigDecimal,2,8,2.4747,455.569,6.803,95328432,15726592
G6B,static,BigDecimal,2,9,2.4080,339.677,6.432,26034024,-78640008
G6B,static,BigDecimal,2,10,2.3540,398.211,5.942,62649752,12582912
G6B,static,BigDecimal,2,11,2.4387,350.578,5.398,86932864,11536384
G6B,static,BigDecimal,2,12,2.3654,242.582,4.709,92976216,11536384
G6B,static,BigDecimal,2,13,2.6404,478.284,7.000,7188520,15730688
G6B,static,BigDecimal,2,14,2.1978,647.449,6.475,77345784,13629440
G6B,static,BigDecimal,2,15,2.3679,245.667,4.367,57494696,10485760
G6B,static,BigDecimal,2,16,2.4867,22.894,0.376,809320,1046528
G6B,static,BigDecimal,2,17,2.3197,312.771,4.514,23399584,10485760
G6B,static,BigDecimal,2,18,2.5938,531.463,6.933,237123680,13629440
G6B,static,BigDecimal,2,19,2.3668,305.609,4.430,87860696,9439232
G6B,static,BigDecimal,2,20,2.4313,425.147,5.607,84248288,11532288
G6B,static,BigDecimal,2,21,2.2733,389.929,5.354,6119776,12582912
G6B,static,BigDecimal,2,22,2.5145,428.059,5.201,135291208,11536384
G6B,static,BigDecimal,2,23,2.4333,451.041,5.495,111453536,11532288
G6B,static,BigDecimal,2,24,2.2716,151.921,3.357,34413712,-85986464
G6B,static,BigDecimal,2,25,2.3556,222.250,4.132,59059864,8388608
G6B,static,BigDecimal,2,26,2.3693,265.263,4.850,51257968,11532288
G6B,static,BigDecimal,2,27,2.4175,12.789,0.342,1266080,376520
G6B,static,BigDecimal,2,28,2.3979,655.111,8.469,109974032,15730688
G6B,static,BigDecimal,2,29,2.6624,282.559,5.450,103374512,12582912
G6B,static,BigDecimal,2,30,2.3651,88.035,2.059,42310032,5244928
G6B,static,BigDecimal,2,31,2.6173,167.789,3.458,37744744,8388608
G6B,static,BigDecimal,2,32,2.4413,283.674,4.194,54344408,9435136
G6B,static,BigDecimal,2,33,2.5479,6.220,0.172,6629280,167640
G6B,static,BigDecimal,2,34,2.2665,468.297,5.542,198129224,11536384
G6B,static,BigDecimal,2,35,2.2596,254.478,4.575,49718040,10485760
G6B,static,BigDecimal,2,36,2.3732,483.402,6.311,966432,13633536
G6B,static,BigDecimal,2,37,2.4633,510.221,6.602,47986272,13629440
G6B,static,BigDecimal,2,38,2.3515,558.388,7.519,183889088,15726592
G6B,static,BigDecimal,3,1,3.0787,409.257,6.128,145288360,12582912
G6B,static,BigDecimal,3,2,2.5855,211.839,4.004,49530592,9439232
G6B,static,BigDecimal,3,3,2.3949,668.830,6.473,30292176,12582912
G6B,static,BigDecimal,3,4,2.3742,246.470,4.995,66835872,11532288
G6B,static,BigDecimal,3,5,2.3591,618.213,8.264,72279440,15726592
G6B,static,BigDecimal,3,6,2.4726,421.507,5.706,171046720,12582912
G6B,static,BigDecimal,3,7,2.3649,210.326,4.716,45709384,9435136
G6B,static,BigDecimal,3,8,2.4747,486.683,7.424,36523480,-77597664
G6B,static,BigDecimal,3,9,2.4080,324.713,5.324,72164064,11536384
G6B,static,BigDecimal,3,10,2.3540,379.050,5.641,144400056,12582912
G6B,static,BigDecimal,3,11,2.4387,354.873,7.097,120243216,-123727328
G6B,static,BigDecimal,3,12,2.3654,239.741,4.675,6092288,10485760
G6B,static,BigDecimal,3,13,2.6404,441.118,6.854,86875024,15730688
G6B,static,BigDecimal,3,14,2.1978,515.586,6.661,77424704,13629440
G6B,static,BigDecimal,3,15,2.3679,237.219,4.355,57872904,10485760
G6B,static,BigDecimal,3,16,2.4867,22.904,0.375,2988056,1047032
G6B,static,BigDecimal,3,17,2.3197,319.166,5.241,27823784,10485760
G6B,static,BigDecimal,3,18,2.5938,548.310,7.433,89055824,13629440
G6B,static,BigDecimal,3,19,2.3668,314.139,4.338,214150504,9439232
G6B,static,BigDecimal,3,20,2.4313,419.654,6.857,97128136,11532288
G6B,static,BigDecimal,3,21,2.2733,394.292,6.139,56308592,11536384
G6B,static,BigDecimal,3,22,2.5145,422.734,5.188,49423280,10487808
G6B,static,BigDecimal,3,23,2.4333,439.312,5.578,40068504,10485760
G6B,static,BigDecimal,3,24,2.2716,131.830,2.583,62647928,6291456
G6B,static,BigDecimal,3,25,2.3556,243.959,4.840,77574144,-86022840
G6B,static,BigDecimal,3,26,2.3693,305.002,4.858,30310536,10485760
G6B,static,BigDecimal,3,27,2.4175,13.185,0.275,1140424,416128
G6B,static,BigDecimal,3,28,2.3979,696.611,7.624,38128232,15730688
G6B,static,BigDecimal,3,29,2.6624,284.639,5.459,71069400,12582912
G6B,static,BigDecimal,3,30,2.3651,84.697,2.049,17605472,4194304
G6B,static,BigDecimal,3,31,2.6173,172.058,3.518,10054640,8388608
G6B,static,BigDecimal,3,32,2.4413,310.987,4.414,24682928,9435136
G6B,static,BigDecimal,3,33,2.5479,7.870,0.314,302656,250832
G6B,static,BigDecimal,3,34,2.2665,480.559,5.990,36617824,11536384
G6B,static,BigDecimal,3,35,2.2596,282.775,4.811,50200720,10485760
G6B,static,BigDecimal,3,36,2.3732,514.742,7.573,44954560,13633536
G6B,static,BigDecimal,3,37,2.4633,568.756,7.754,76043880,14680064
G6B,static,BigDecimal,3,38,2.3515,539.413,7.555,76853952,15726592
G6B,static,BigDecimal,4,1,3.0787,420.496,6.407,90504432,12582912
G6B,static,BigDecimal,4,2,2.5855,210.700,5.522,54991832,9439232
G6B,static,BigDecimal,4,3,2.3949,518.927,6.401,9232280,12582912
G6B,static,BigDecimal,4,4,2.3742,285.169,4.966,74160704,11532288
G6B,static,BigDecimal,4,5,2.3591,682.280,9.024,15589272,15726592
G6B,static,BigDecimal,4,6,2.4726,389.369,5.712,155033200,12582912
G6B,static,BigDecimal,4,7,2.3649,202.268,4.785,45326416,9435136
G6B,static,BigDecimal,4,8,2.4747,451.673,7.943,49157736,-75508784
G6B,static,BigDecimal,4,9,2.4080,341.003,5.535,13449936,11536384
G6B,static,BigDecimal,4,10,2.3540,389.620,7.588,64266656,12582912
G6B,static,BigDecimal,4,11,2.4387,460.005,8.858,122703616,12582912
G6B,static,BigDecimal,4,12,2.3654,510.054,7.759,51455248,11536384
G6B,static,BigDecimal,4,13,2.6404,781.452,7.788,67250928,14680064
G6B,static,BigDecimal,4,14,2.1978,810.604,7.898,24911440,13629440
G6B,static,BigDecimal,4,15,2.3679,315.891,5.562,3927248,10485760
G6B,static,BigDecimal,4,16,2.4867,30.246,0.382,749936,1047032
G6B,static,BigDecimal,4,17,2.3197,400.817,6.126,117668480,-100678168
G6B,static,BigDecimal,4,18,2.5938,655.103,9.851,55323720,13629440
G6B,static,BigDecimal,4,19,2.3668,569.723,4.565,138453592,9439232
G6B,static,BigDecimal,4,20,2.4313,477.279,5.994,70049480,11532288
G6B,static,BigDecimal,4,21,2.2733,480.393,5.531,56362208,11536384
G6B,static,BigDecimal,4,22,2.5145,424.288,5.260,172323312,10487808
G6B,static,BigDecimal,4,23,2.4333,554.628,8.489,14463336,11532288
G6B,static,BigDecimal,4,24,2.2716,143.835,3.009,66843640,6291456
G6B,static,BigDecimal,4,25,2.3556,302.293,4.147,16664608,8388608
G6B,static,BigDecimal,4,26,2.3693,264.469,5.013,70338248,11532288
G6B,static,BigDecimal,4,27,2.4175,13.793,0.273,3327000,0
G6B,static,BigDecimal,4,28,2.3979,680.751,7.791,68038816,14680064
G6B,static,BigDecimal,4,29,2.6624,293.702,6.577,6033216,12582912
G6B,static,BigDecimal,4,30,2.3651,85.002,2.073,15506824,4194304
G6B,static,BigDecimal,4,31,2.6173,169.809,3.647,85459912,8388608
G6B,static,BigDecimal,4,32,2.4413,290.792,4.216,33591872,9435136
G6B,static,BigDecimal,4,33,2.5479,5.925,0.232,6503912,335240
G6B,static,BigDecimal,4,34,2.2665,492.067,5.720,69643480,11536384
G6B,static,BigDecimal,4,35,2.2596,257.981,5.036,114995856,10485760
G6B,static,BigDecimal,4,36,2.3732,553.588,7.102,30253392,13633536
G6B,static,BigDecimal,4,37,2.4633,568.286,7.768,86780432,-77595872
G6B,static,BigDecimal,4,38,2.3515,579.884,7.585,50202672,-112198016
G6B,static,BigDecimal,5,1,3.0787,426.118,6.943,2872032,11536384
G6B,static,BigDecimal,5,2,2.5855,222.858,5.302,40376552,9439232
G6B,static,BigDecimal,5,3,2.3949,600.852,7.681,29670472,-111140696
G6B,static,BigDecimal,5,4,2.3742,281.239,6.486,54186400,11532288
G6B,static,BigDecimal,5,5,2.3591,686.015,10.078,74236808,15726592
G6B,static,BigDecimal,5,6,2.4726,442.140,5.751,167602656,12582912
G6B,static,BigDecimal,5,7,2.3649,208.926,6.517,45709328,9435136
G6B,static,BigDecimal,5,8,2.4747,497.547,7.176,65931328,14680064
G6B,static,BigDecimal,5,9,2.4080,387.127,5.503,79645568,11536384
G6B,static,BigDecimal,5,10,2.3540,393.503,6.957,52281752,12582912
G6B,static,BigDecimal,5,11,2.4387,365.748,5.876,50156480,11536384
G6B,static,BigDecimal,5,12,2.3654,244.790,4.873,1890264,11536384
G6B,static,BigDecimal,5,13,2.6404,486.644,6.907,91129296,15730688
G6B,static,BigDecimal,5,14,2.1978,518.375,7.028,51302176,13629440
G6B,static,BigDecimal,5,15,2.3679,252.719,4.436,118187928,10485760
G6B,static,BigDecimal,5,16,2.4867,24.207,0.558,2987328,1047032
G6B,static,BigDecimal,5,17,2.3197,349.062,4.530,25941088,10485760
G6B,static,BigDecimal,5,18,2.5938,573.122,7.509,237592392,13629440
G6B,static,BigDecimal,5,19,2.3668,326.875,4.846,92328912,9439232
G6B,static,BigDecimal,5,20,2.4313,442.653,7.126,125646072,-143736656
G6B,static,BigDecimal,5,21,2.2733,396.062,5.350,26339344,11536384
G6B,static,BigDecimal,5,22,2.5145,396.007,5.369,177275968,11536384
G6B,static,BigDecimal,5,23,2.4333,489.591,5.471,64900048,11532288
G6B,static,BigDecimal,5,24,2.2716,136.262,2.849,64753608,6291456
G6B,static,BigDecimal,5,25,2.3556,232.806,4.524,18828592,-81787432
G6B,static,BigDecimal,5,26,2.3693,248.634,4.845,59455736,11532288
G6B,static,BigDecimal,5,27,2.4175,12.901,0.279,1642280,376632
G6B,static,BigDecimal,5,28,2.3979,659.479,7.789,32202744,15730688
G6B,static,BigDecimal,5,29,2.6624,285.013,6.339,48261640,12582912
G6B,static,BigDecimal,5,30,2.3651,86.617,2.052,19742056,4194304
G6B,static,BigDecimal,5,31,2.6173,174.446,3.455,12049632,8388608
G6B,static,BigDecimal,5,32,2.4413,277.343,4.299,35307424,9435136
G6B,static,BigDecimal,5,33,2.5479,5.616,0.213,6544032,250584
G6B,static,BigDecimal,5,34,2.2665,477.936,5.578,19885904,11536384
G6B,static,BigDecimal,5,35,2.2596,263.819,4.683,50218744,10485760
G6B,static,BigDecimal,5,36,2.3732,513.135,6.255,28199496,13633536
G6B,static,BigDecimal,5,37,2.4633,566.192,7.885,87824472,-174059616
G6B,static,BigDecimal,5,38,2.3515,581.340,8.334,67089056,15726592
G6B,static,Nayuki,1,1,3.0689,119.373,0.283,19382128,124672
G6B,static,Nayuki,1,2,2.5891,84.722,0.184,14642432,0
G6B,static,Nayuki,1,3,2.4091,194.969,0.393,24726880,0
G6B,static,Nayuki,1,4,2.3742,134.892,0.263,19115304,0
G6B,static,Nayuki,1,5,2.3741,249.884,0.453,31053432,0
G6B,static,Nayuki,1,6,2.4878,154.314,0.293,21429144,0
G6B,static,Nayuki,1,7,2.3860,90.755,0.236,16343400,0
G6B,static,Nayuki,1,8,2.4719,203.547,0.348,24744488,0
G6B,static,Nayuki,1,9,2.4049,141.825,0.287,21216960,0
G6B,static,Nayuki,1,10,2.3599,161.851,0.387,22695072,0
G6B,static,Nayuki,1,11,2.4540,153.112,0.320,21345424,0
G6B,static,Nayuki,1,12,2.3654,118.144,0.278,17598976,662560
G6B,static,Nayuki,1,13,2.6433,170.224,0.331,22453520,662112
G6B,static,Nayuki,1,14,2.2114,194.523,0.418,26843464,662136
G6B,static,Nayuki,1,15,2.3813,117.827,0.211,17788968,0
G6B,static,Nayuki,1,16,2.4779,10.657,0.063,2760920,41560
G6B,static,Nayuki,1,17,2.3129,99.961,0.339,17486216,0
G6B,static,Nayuki,1,18,2.5909,184.304,0.394,24925616,0
G6B,static,Nayuki,1,19,2.3806,113.313,0.272,17013456,0
G6B,static,Nayuki,1,20,2.4500,150.379,0.356,20742880,0
G6B,static,Nayuki,1,21,2.2823,170.135,0.326,21988832,0
G6B,static,Nayuki,1,22,2.5209,127.188,0.330,19308664,663992
G6B,static,Nayuki,1,23,2.4485,164.314,0.367,22187920,0
G6B,static,Nayuki,1,24,2.2759,60.869,0.176,11503752,0
G6B,static,Nayuki,1,25,2.3662,109.074,0.246,16346448,0
G6B,static,Nayuki,1,26,2.3791,132.632,0.232,18253224,0
G6B,static,Nayuki,1,27,2.4078,7.226,0.072,2140928,41424
G6B,static,Nayuki,1,28,2.3979,261.756,0.467,29089944,195096
G6B,static,Nayuki,1,29,2.6752,137.100,0.244,20175320,0
G6B,static,Nayuki,1,30,2.3704,34.794,0.136,7287120,82640
G6B,static,Nayuki,1,31,2.6008,56.152,0.188,11843832,0
G6B,static,Nayuki,1,32,2.4484,93.938,0.246,16128112,0
G6B,static,Nayuki,1,33,2.6301,2.658,0.033,1091448,40384
G6B,static,Nayuki,1,34,2.2693,167.782,0.358,24253832,652520
G6B,static,Nayuki,1,35,2.2564,132.419,0.294,19246864,0
G6B,static,Nayuki,1,36,2.3704,181.461,0.370,24741808,0
G6B,static,Nayuki,1,37,2.4633,201.162,0.375,24945544,0
G6B,static,Nayuki,1,38,2.3542,210.863,0.425,26843592,0
G6B,static,Nayuki,2,1,3.0689,123.113,0.270,18913200,0
G6B,static,Nayuki,2,2,2.5891,93.344,0.237,14723584,0
G6B,static,Nayuki,2,3,2.4091,185.824,0.398,24755288,0
G6B,static,Nayuki,2,4,2.3742,134.056,0.257,19117008,0
G6B,static,Nayuki,2,5,2.3741,235.133,0.473,31473696,0
G6B,static,Nayuki,2,6,2.4878,134.492,0.298,20991864,0
G6B,static,Nayuki,2,7,2.3860,94.913,0.238,16350744,0
G6B,static,Nayuki,2,8,2.4719,177.596,0.347,25137352,0
G6B,static,Nayuki,2,9,2.4049,140.166,0.290,21218072,0
G6B,static,Nayuki,2,10,2.3599,173.517,0.307,22841944,0
G6B,static,Nayuki,2,11,2.4540,153.831,0.288,21218432,0
G6B,static,Nayuki,2,12,2.3654,115.978,0.274,17596984,662032
G6B,static,Nayuki,2,13,2.6433,164.486,0.325,22845648,662064
G6B,static,Nayuki,2,14,2.2114,188.364,0.410,26646848,662136
G6B,static,Nayuki,2,15,2.3813,124.014,0.216,17792552,0
G6B,static,Nayuki,2,16,2.4779,11.280,0.063,2763992,41560
G6B,static,Nayuki,2,17,2.3129,112.188,0.272,17489848,0
G6B,static,Nayuki,2,18,2.5909,180.578,0.394,24534960,0
G6B,static,Nayuki,2,19,2.3806,105.076,0.289,17210064,0
G6B,static,Nayuki,2,20,2.4500,137.477,0.356,20356320,0
G6B,static,Nayuki,2,21,2.2823,165.311,0.395,22190560,0
G6B,static,Nayuki,2,22,2.5209,126.267,0.332,19118200,663992
G6B,static,Nayuki,2,23,2.4485,149.350,0.386,22189456,0
G6B,static,Nayuki,2,24,2.2759,74.473,0.177,11508872,0
G6B,static,Nayuki,2,25,2.3662,100.572,0.244,16159056,0
G6B,static,Nayuki,2,26,2.3791,132.060,0.316,18444712,0
G6B,static,Nayuki,2,27,2.4078,7.645,0.071,2140928,41424
G6B,static,Nayuki,2,28,2.3979,248.367,0.571,29157384,298216
G6B,static,Nayuki,2,29,2.6752,118.306,0.241,19103056,0
G6B,static,Nayuki,2,30,2.3704,45.427,0.220,7287056,82624
G6B,static,Nayuki,2,31,2.6008,69.458,0.190,11646072,0
G6B,static,Nayuki,2,32,2.4484,102.997,0.270,16135256,0
G6B,static,Nayuki,2,33,2.6301,2.709,0.032,1091448,40384
G6B,static,Nayuki,2,34,2.2693,173.228,0.402,24112312,685792
G6B,static,Nayuki,2,35,2.2564,135.749,0.211,19131128,0
G6B,static,Nayuki,2,36,2.3704,170.115,0.364,24552544,0
G6B,static,Nayuki,2,37,2.4633,206.298,0.378,24551360,662960
G6B,static,Nayuki,2,38,2.3542,189.982,0.401,27163536,0
G6B,static,Nayuki,3,1,3.0689,115.018,0.281,19439312,0
G6B,static,Nayuki,3,2,2.5891,109.452,0.186,15117264,0
G6B,static,Nayuki,3,3,2.4091,215.003,0.437,24746896,0
G6B,static,Nayuki,3,4,2.3742,144.105,0.316,18928960,0
G6B,static,Nayuki,3,5,2.3741,242.102,0.452,31063248,0
G6B,static,Nayuki,3,6,2.4878,158.174,0.312,21339000,0
G6B,static,Nayuki,3,7,2.3860,108.160,0.379,16546840,0
G6B,static,Nayuki,3,8,2.4719,178.082,0.361,24550600,0
G6B,static,Nayuki,3,9,2.4049,154.066,0.286,21210904,0
G6B,static,Nayuki,3,10,2.3599,189.091,0.435,22843480,0
G6B,static,Nayuki,3,11,2.4540,194.191,0.509,21405824,0
G6B,static,Nayuki,3,12,2.3654,157.661,0.421,17979960,662032
G6B,static,Nayuki,3,13,2.6433,305.252,0.480,22656160,662032
G6B,static,Nayuki,3,14,2.2114,368.908,0.681,26841960,662152
G6B,static,Nayuki,3,15,2.3813,178.323,0.318,17985584,0
G6B,static,Nayuki,3,16,2.4779,12.335,0.065,2769112,41560
G6B,static,Nayuki,3,17,2.3129,208.237,0.325,17493944,0
G6B,static,Nayuki,3,18,2.5909,273.597,0.647,24738224,0
G6B,static,Nayuki,3,19,2.3806,150.266,0.445,17014480,0
G6B,static,Nayuki,3,20,2.4500,216.742,0.533,20552928,0
G6B,static,Nayuki,3,21,2.2823,254.341,0.342,21989856,0
G6B,static,Nayuki,3,22,2.5209,179.763,0.342,19131512,663992
G6B,static,Nayuki,3,23,2.4485,189.721,0.387,21996944,0
G6B,static,Nayuki,3,24,2.2759,90.858,0.177,11499656,0
G6B,static,Nayuki,3,25,2.3662,137.607,0.358,16161616,0
G6B,static,Nayuki,3,26,2.3791,150.969,0.237,18053544,0
G6B,static,Nayuki,3,27,2.4078,7.227,0.072,2140928,41424
G6B,static,Nayuki,3,28,2.3979,350.416,0.486,29161624,195096
G6B,static,Nayuki,3,29,2.6752,163.827,0.252,20149208,0
G6B,static,Nayuki,3,30,2.3704,46.338,0.151,7459152,82640
G6B,static,Nayuki,3,31,2.6008,76.435,0.188,11645688,0
G6B,static,Nayuki,3,32,2.4484,140.606,0.250,16325232,0
G6B,static,Nayuki,3,33,2.6301,2.686,0.033,1091448,40384
G6B,static,Nayuki,3,34,2.2693,274.090,0.583,24112824,685792
G6B,static,Nayuki,3,35,2.2564,146.834,0.278,19115256,0
G6B,static,Nayuki,3,36,2.3704,238.317,0.488,24744032,0
G6B,static,Nayuki,3,37,2.4633,236.863,0.590,24746944,662960
G6B,static,Nayuki,3,38,2.3542,298.740,0.546,27307112,0
G6B,static,Nayuki,4,1,3.0689,148.717,0.290,19083472,0
G6B,static,Nayuki,4,2,2.5891,112.632,0.308,14725584,0
G6B,static,Nayuki,4,3,2.4091,237.188,0.586,24743824,0
G6B,static,Nayuki,4,4,2.3742,148.660,0.415,18921792,0
G6B,static,Nayuki,4,5,2.3741,326.431,0.792,31037504,0
G6B,static,Nayuki,4,6,2.4878,234.909,0.410,21219224,0
G6B,static,Nayuki,4,7,2.3860,147.298,0.238,16536936,0
G6B,static,Nayuki,4,8,2.4719,258.203,0.395,24745000,0
G6B,static,Nayuki,4,9,2.4049,196.962,0.481,21221568,0
G6B,static,Nayuki,4,10,2.3599,184.136,0.446,22645968,0
G6B,static,Nayuki,4,11,2.4540,216.640,0.316,21023352,0
G6B,static,Nayuki,4,12,2.3654,145.141,0.330,17802808,662032
G6B,static,Nayuki,4,13,2.6433,209.051,0.390,22451872,662032
G6B,static,Nayuki,4,14,2.2114,324.225,0.424,26839912,662152
G6B,static,Nayuki,4,15,2.3813,149.232,0.213,18185264,0
G6B,static,Nayuki,4,16,2.4779,11.134,0.063,2557144,41560
G6B,static,Nayuki,4,17,2.3129,160.363,0.442,17487800,0
G6B,static,Nayuki,4,18,2.5909,231.225,0.642,24905464,0
G6B,static,Nayuki,4,19,2.3806,117.587,0.272,16802840,0
G6B,static,Nayuki,4,20,2.4500,207.414,0.609,20553632,0
G6B,static,Nayuki,4,21,2.2823,207.925,0.316,22178320,0
G6B,static,Nayuki,4,22,2.5209,122.504,0.385,19126920,664000
G6B,static,Nayuki,4,23,2.4485,171.663,0.380,22182288,0
G6B,static,Nayuki,4,24,2.2759,88.845,0.180,11307656,0
G6B,static,Nayuki,4,25,2.3662,114.955,0.251,16362832,0
G6B,static,Nayuki,4,26,2.3791,154.116,0.381,18447784,0
G6B,static,Nayuki,4,27,2.4078,8.677,0.063,2140928,41424
G6B,static,Nayuki,4,28,2.3979,268.537,0.737,29163672,195096
G6B,static,Nayuki,4,29,2.6752,128.614,0.244,20428760,0
G6B,static,Nayuki,4,30,2.3704,38.859,0.187,7458640,82640
G6B,static,Nayuki,4,31,2.6008,56.135,0.231,11645688,0
G6B,static,Nayuki,4,32,2.4484,92.221,0.243,16323696,0
G6B,static,Nayuki,4,33,2.6301,2.559,0.032,1091448,40384
G6B,static,Nayuki,4,34,2.2693,188.435,0.370,24305336,685792
G6B,static,Nayuki,4,35,2.2564,135.839,0.222,19307256,0
G6B,static,Nayuki,4,36,2.3704,174.519,0.367,24748640,0
G6B,static,Nayuki,4,37,2.4633,222.524,0.376,24551872,662960
G6B,static,Nayuki,4,38,2.3542,213.947,0.389,27040288,0
G6B,static,Nayuki,5,1,3.0689,115.678,0.268,19124328,0
G6B,static,Nayuki,5,2,2.5891,88.007,0.215,14921144,0
G6B,static,Nayuki,5,3,2.4091,190.787,0.390,24747608,0
G6B,static,Nayuki,5,4,2.3742,134.498,0.257,19118032,0
G6B,static,Nayuki,5,5,2.3741,252.413,0.472,31049304,0
G6B,static,Nayuki,5,6,2.4878,141.839,0.297,21020056,0
G6B,static,Nayuki,5,7,2.3860,113.362,0.235,16553320,0
G6B,static,Nayuki,5,8,2.4719,198.834,0.342,24741928,0
G6B,static,Nayuki,5,9,2.4049,142.981,0.285,21224128,0
G6B,static,Nayuki,5,10,2.3599,157.896,0.306,22648016,0
G6B,static,Nayuki,5,11,2.4540,154.797,0.292,21212792,0
G6B,static,Nayuki,5,12,2.3654,122.268,0.276,17601592,662032
G6B,static,Nayuki,5,13,2.6433,181.207,0.322,22649072,662080
G6B,static,Nayuki,5,14,2.2114,209.876,0.397,26843456,662136
G6B,static,Nayuki,5,15,2.3813,118.791,0.211,17989160,0
G6B,static,Nayuki,5,16,2.4779,11.146,0.064,2557144,41560
G6B,static,Nayuki,5,17,2.3129,126.838,0.260,17370560,0
G6B,static,Nayuki,5,18,2.5909,186.225,0.395,24729008,0
G6B,static,Nayuki,5,19,2.3806,108.971,0.264,16815824,0
G6B,static,Nayuki,5,20,2.4500,154.159,0.344,20552928,0
G6B,static,Nayuki,5,21,2.2823,142.260,0.328,21983712,0
G6B,static,Nayuki,5,22,2.5209,144.287,0.504,19130488,663992
G6B,static,Nayuki,5,23,2.4485,170.258,0.575,22174096,0
G6B,static,Nayuki,5,24,2.2759,69.318,0.176,11304584,0
G6B,static,Nayuki,5,25,2.3662,98.695,0.250,16352080,0
G6B,static,Nayuki,5,26,2.3791,124.835,0.238,18440104,0
G6B,static,Nayuki,5,27,2.4078,7.453,0.081,2140928,41424
G6B,static,Nayuki,5,28,2.3979,246.675,0.505,30056552,159232
G6B,static,Nayuki,5,29,2.6752,117.677,0.251,18995824,0
G6B,static,Nayuki,5,30,2.3704,52.249,0.133,7288920,82408
G6B,static,Nayuki,5,31,2.6008,59.420,0.187,11839008,0
G6B,static,Nayuki,5,32,2.4484,93.666,0.242,16127712,0
G6B,static,Nayuki,5,33,2.6301,2.586,0.032,1091448,40384
G6B,static,Nayuki,5,34,2.2693,193.006,0.359,24111264,685720
G6B,static,Nayuki,5,35,2.2564,123.935,0.211,19301736,0
G6B,static,Nayuki,5,36,2.3704,181.195,0.354,24940616,0
G6B,static,Nayuki,5,37,2.4633,189.859,0.370,24761768,662952
G6B,static,Nayuki,5,38,2.3542,205.970,0.414,27157392,0
G6B,semi-adaptive,BigDecimal,1,1,2.8590,402.892,5.640,93283544,11532288
G6B,semi-adaptive,BigDecimal,1,2,2.3927,179.702,4.522,8487864,8388608
G6B,semi-adaptive,BigDecimal,1,3,2.2869,478.572,6.121,96659056,13629440
G6B,semi-adaptive,BigDecimal,1,4,2.1581,300.553,4.055,140899600,7342080
G6B,semi-adaptive,BigDecimal,1,5,2.2818,680.290,7.817,307322920,14680064
G6B,semi-adaptive,BigDecimal,1,6,2.3140,404.547,6.122,106256280,10485760
G6B,semi-adaptive,BigDecimal,1,7,2.2000,206.834,4.731,71180424,8388608
G6B,semi-adaptive,BigDecimal,1,8,2.2640,498.116,5.650,49022208,-82833616
G6B,semi-adaptive,BigDecimal,1,9,2.2669,348.191,4.534,51042232,10485760
G6B,semi-adaptive,BigDecimal,1,10,2.1475,360.983,5.217,74407496,11532288
G6B,semi-adaptive,BigDecimal,1,11,2.2883,355.805,4.751,33383904,9435136
G6B,semi-adaptive,BigDecimal,1,12,2.1794,226.869,3.508,84271104,6291456
G6B,semi-adaptive,BigDecimal,1,13,2.4444,315.317,5.080,30882480,11532288
G6B,semi-adaptive,BigDecimal,1,14,2.0650,488.948,6.217,153678224,12582912
G6B,semi-adaptive,BigDecimal,1,15,2.1806,151.857,3.784,52496344,10486032
G6B,semi-adaptive,BigDecimal,1,16,2.3009,22.836,0.419,16435448,497024
G6B,semi-adaptive,BigDecimal,1,17,2.1361,303.808,4.040,161533720,8388608
G6B,semi-adaptive,BigDecimal,1,18,2.4432,485.339,6.084,69735592,11532288
G6B,semi-adaptive,BigDecimal,1,19,2.2630,302.355,4.031,14882952,8388608
G6B,semi-adaptive,BigDecimal,1,20,2.3375,428.478,5.776,11581720,12582912
G6B,semi-adaptive,BigDecimal,1,21,2.2072,405.512,5.418,64656712,10485760
G6B,semi-adaptive,BigDecimal,1,22,2.3987,400.611,6.384,93097512,10485760
G6B,semi-adaptive,BigDecimal,1,23,2.3273,415.977,6.544,133350112,11532288
G6B,semi-adaptive,BigDecimal,1,24,2.2026,143.671,2.575,86270512,5240832
G6B,semi-adaptive,BigDecimal,1,25,2.3169,196.626,3.607,3179896,8388608
G6B,semi-adaptive,BigDecimal,1,26,2.1732,229.281,4.142,43283184,8388608
G6B,semi-adaptive,BigDecimal,1,27,2.1845,43.800,0.296,4388288,1050624
G6B,semi-adaptive,BigDecimal,1,28,2.2817,692.735,7.297,185615624,14680064
G6B,semi-adaptive,BigDecimal,1,29,2.4823,258.986,4.404,-7532776,9439232
G6B,semi-adaptive,BigDecimal,1,30,2.1587,91.095,1.819,4611344,4194304
G6B,semi-adaptive,BigDecimal,1,31,2.4897,172.014,4.138,28372984,-82837112
G6B,semi-adaptive,BigDecimal,1,32,2.2954,193.077,3.527,14900200,7337984
G6B,semi-adaptive,BigDecimal,1,33,2.2192,5.712,0.204,1305960,250696
G6B,semi-adaptive,BigDecimal,1,34,2.1719,374.700,5.815,35622616,12582912
G6B,semi-adaptive,BigDecimal,1,35,2.0929,220.101,4.884,36232152,-80733808
G6B,semi-adaptive,BigDecimal,1,36,2.2821,498.986,5.770,166095488,11532288
G6B,semi-adaptive,BigDecimal,1,37,2.3503,488.002,6.569,5044088,10485760
G6B,semi-adaptive,BigDecimal,1,38,2.2643,367.881,5.530,93844008,12582912
G6B,semi-adaptive,BigDecimal,2,1,2.8590,440.730,5.372,78586400,11532288
G6B,semi-adaptive,BigDecimal,2,2,2.3927,236.996,5.121,54777512,8388608
G6B,semi-adaptive,BigDecimal,2,3,2.2869,585.526,6.782,59504,13629440
G6B,semi-adaptive,BigDecimal,2,4,2.1581,308.170,4.819,12947640,8388608
G6B,semi-adaptive,BigDecimal,2,5,2.2818,795.781,8.050,90852304,14680064
G6B,semi-adaptive,BigDecimal,2,6,2.3140,390.292,7.250,-5260376,10485760
G6B,semi-adaptive,BigDecimal,2,7,2.2000,215.750,5.936,1026232,7428752
G6B,semi-adaptive,BigDecimal,2,8,2.2640,494.102,5.014,-19889624,10485760
G6B,semi-adaptive,BigDecimal,2,9,2.2669,356.681,5.484,63669344,9435136
G6B,semi-adaptive,BigDecimal,2,10,2.1475,442.529,5.902,77149160,11532288
G6B,semi-adaptive,BigDecimal,2,11,2.2883,440.880,5.137,-19742936,10485760
G6B,semi-adaptive,BigDecimal,2,12,2.1794,219.647,3.423,26799144,6291456
G6B,semi-adaptive,BigDecimal,2,13,2.4444,323.928,5.513,19607704,11532288
G6B,semi-adaptive,BigDecimal,2,14,2.0650,519.855,6.394,61368008,13629440
G6B,semi-adaptive,BigDecimal,2,15,2.1806,144.177,4.455,-12833824,-60820520
G6B,semi-adaptive,BigDecimal,2,16,2.3009,22.540,0.361,1367144,0
G6B,semi-adaptive,BigDecimal,2,17,2.1361,317.494,4.122,137923232,8388608
G6B,semi-adaptive,BigDecimal,2,18,2.4432,507.620,7.065,32689592,11532288
G6B,semi-adaptive,BigDecimal,2,19,2.2630,303.201,4.097,55788872,9435136
G6B,semi-adaptive,BigDecimal,2,20,2.3375,400.438,7.282,78483896,-132126080
G6B,semi-adaptive,BigDecimal,2,21,2.2072,409.058,5.075,16767584,10485760
G6B,semi-adaptive,BigDecimal,2,22,2.3987,392.299,5.167,26902984,10485760
G6B,semi-adaptive,BigDecimal,2,23,2.3273,433.654,5.626,28671464,11532288
G6B,semi-adaptive,BigDecimal,2,24,2.2026,143.969,2.852,32244696,5240832
G6B,semi-adaptive,BigDecimal,2,25,2.3169,200.403,3.908,8261328,8388608
G6B,semi-adaptive,BigDecimal,2,26,2.1732,272.903,4.502,33254456,-79690192
G6B,semi-adaptive,BigDecimal,2,27,2.1845,14.963,0.301,3281416,1050624
G6B,semi-adaptive,BigDecimal,2,28,2.2817,782.671,7.566,229420088,14680064
G6B,semi-adaptive,BigDecimal,2,29,2.4823,287.232,4.615,-5863544,9439232
G6B,semi-adaptive,BigDecimal,2,30,2.1587,108.824,2.139,4548712,4194304
G6B,semi-adaptive,BigDecimal,2,31,2.4897,210.341,4.399,32588504,7342080
G6B,semi-adaptive,BigDecimal,2,32,2.2954,212.152,4.050,8605752,7337984
G6B,semi-adaptive,BigDecimal,2,33,2.2192,4.794,0.155,4865744,167040
G6B,semi-adaptive,BigDecimal,2,34,2.1719,434.393,6.260,58377064,12582912
G6B,semi-adaptive,BigDecimal,2,35,2.0929,268.403,4.124,32497248,9439232
G6B,semi-adaptive,BigDecimal,2,36,2.2821,561.178,7.553,163729112,-80742792
G6B,semi-adaptive,BigDecimal,2,37,2.3503,586.113,5.736,14226880,11536384
G6B,semi-adaptive,BigDecimal,2,38,2.2643,380.821,5.925,30662928,12582912
G6B,semi-adaptive,BigDecimal,3,1,2.8590,440.791,5.860,6485192,11532288
G6B,semi-adaptive,BigDecimal,3,2,2.3927,185.555,4.018,22672704,7342080
G6B,semi-adaptive,BigDecimal,3,3,2.2869,585.346,7.046,123263472,-194001224
G6B,semi-adaptive,BigDecimal,3,4,2.1581,300.620,3.892,15348224,8388608
G6B,semi-adaptive,BigDecimal,3,5,2.2818,832.593,9.066,30263200,15730688
G6B,semi-adaptive,BigDecimal,3,6,2.3140,385.354,5.151,61618880,10485760
G6B,semi-adaptive,BigDecimal,3,7,2.2000,229.686,4.189,65966632,8388608
G6B,semi-adaptive,BigDecimal,3,8,2.2640,588.927,6.408,46608064,9439232
G6B,semi-adaptive,BigDecimal,3,9,2.2669,399.614,4.824,32171984,10485760
G6B,semi-adaptive,BigDecimal,3,10,2.1475,413.359,4.988,26180168,11532288
G6B,semi-adaptive,BigDecimal,3,11,2.2883,360.466,4.907,69032672,10485760
G6B,semi-adaptive,BigDecimal,3,12,2.1794,219.015,3.331,-15457072,6291456
G6B,semi-adaptive,BigDecimal,3,13,2.4444,394.395,7.027,28152736,11532288
G6B,semi-adaptive,BigDecimal,3,14,2.0650,560.377,7.745,6640072,13629440
G6B,semi-adaptive,BigDecimal,3,15,2.1806,183.197,3.769,13031792,10485760
G6B,semi-adaptive,BigDecimal,3,16,2.3009,25.475,0.408,-486744,0
G6B,semi-adaptive,BigDecimal,3,17,2.1361,332.073,4.188,34768464,8388608
G6B,semi-adaptive,BigDecimal,3,18,2.4432,578.932,7.352,43589344,-80747904
G6B,semi-adaptive,BigDecimal,3,19,2.2630,499.809,5.315,141779216,9435136
G6B,semi-adaptive,BigDecimal,3,20,2.3375,474.960,6.902,64159376,-79706256
G6B,semi-adaptive,BigDecimal,3,21,2.2072,456.172,5.792,37078088,11532288
G6B,semi-adaptive,BigDecimal,3,22,2.3987,432.655,5.472,10867384,10485760
G6B,semi-adaptive,BigDecimal,3,23,2.3273,491.161,6.082,-20882944,11532288
G6B,semi-adaptive,BigDecimal,3,24,2.2026,152.172,2.937,-8889320,5240832
G6B,semi-adaptive,BigDecimal,3,25,2.3169,221.103,4.009,6539160,8388608
G6B,semi-adaptive,BigDecimal,3,26,2.1732,259.043,4.424,84938952,8388608
G6B,semi-adaptive,BigDecimal,3,27,2.1845,14.321,0.310,3237456,1050624
G6B,semi-adaptive,BigDecimal,3,28,2.2817,878.156,9.546,144893312,14680064
G6B,semi-adaptive,BigDecimal,3,29,2.4823,281.133,4.677,55341888,9439232
G6B,semi-adaptive,BigDecimal,3,30,2.1587,81.578,1.995,75775872,4194304
G6B,semi-adaptive,BigDecimal,3,31,2.4897,190.176,3.565,33750416,8388608
G6B,semi-adaptive,BigDecimal,3,32,2.2954,217.732,4.538,38513144,7337984
G6B,semi-adaptive,BigDecimal,3,33,2.2192,5.241,0.216,4861144,166128
G6B,semi-adaptive,BigDecimal,3,34,2.1719,483.991,6.193,68654224,12582912
G6B,semi-adaptive,BigDecimal,3,35,2.0929,253.446,4.934,42976304,-84932616
G6B,semi-adaptive,BigDecimal,3,36,2.2821,650.598,6.390,153863720,11532288
G6B,semi-adaptive,BigDecimal,3,37,2.3503,559.166,8.841,-13193072,-30933304
G6B,semi-adaptive,BigDecimal,3,38,2.2643,400.164,6.152,-24245056,12582912
G6B,semi-adaptive,BigDecimal,4,1,2.8590,482.529,6.198,119458912,11532288
G6B,semi-adaptive,BigDecimal,4,2,2.3927,208.305,3.830,39774888,8388608
G6B,semi-adaptive,BigDecimal,4,3,2.2869,628.271,6.845,-308136,13629440
G6B,semi-adaptive,BigDecimal,4,4,2.1581,294.381,5.099,49665208,8388608
G6B,semi-adaptive,BigDecimal,4,5,2.2818,694.431,9.227,-29957416,14680064
G6B,semi-adaptive,BigDecimal,4,6,2.3140,489.943,5.112,56660144,10485760
G6B,semi-adaptive,BigDecimal,4,7,2.2000,224.822,5.349,-15132824,-83898408
G6B,semi-adaptive,BigDecimal,4,8,2.2640,530.937,5.638,-18115192,9439232
G6B,semi-adaptive,BigDecimal,4,9,2.2669,395.817,5.871,134942568,10485760
G6B,semi-adaptive,BigDecimal,4,10,2.1475,410.723,5.185,1909400,10485760
G6B,semi-adaptive,BigDecimal,4,11,2.2883,388.002,6.503,22375888,10485760
G6B,semi-adaptive,BigDecimal,4,12,2.1794,234.359,3.710,20175640,6291456
G6B,semi-adaptive,BigDecimal,4,13,2.4444,433.446,6.946,11981312,-158329640
G6B,semi-adaptive,BigDecimal,4,14,2.0650,546.721,7.481,40076704,13629440
G6B,semi-adaptive,BigDecimal,4,15,2.1806,196.705,4.369,-5445160,10485760
G6B,semi-adaptive,BigDecimal,4,16,2.3009,25.755,0.372,1611536,0
G6B,semi-adaptive,BigDecimal,4,17,2.1361,346.237,4.243,5482792,8388608
G6B,semi-adaptive,BigDecimal,4,18,2.4432,571.945,8.237,22027432,-78662432
G6B,semi-adaptive,BigDecimal,4,19,2.2630,355.598,4.467,137281224,9435136
G6B,semi-adaptive,BigDecimal,4,20,2.3375,511.375,6.504,89625168,12582912
G6B,semi-adaptive,BigDecimal,4,21,2.2072,447.274,6.810,26166264,10485760
G6B,semi-adaptive,BigDecimal,4,22,2.3987,476.361,6.069,123566944,-192945000
G6B,semi-adaptive,BigDecimal,4,23,2.3273,468.109,6.320,-6395592,11532288
G6B,semi-adaptive,BigDecimal,4,24,2.2026,145.077,2.895,14294528,5240832
G6B,semi-adaptive,BigDecimal,4,25,2.3169,240.074,4.203,125499760,8388608
G6B,semi-adaptive,BigDecimal,4,26,2.1732,254.757,4.829,47737520,8388608
G6B,semi-adaptive,BigDecimal,4,27,2.1845,14.724,0.309,1396072,1050624
G6B,semi-adaptive,BigDecimal,4,28,2.2817,857.132,9.352,45429160,14680064
G6B,semi-adaptive,BigDecimal,4,29,2.4823,337.915,4.673,57904384,9439232
G6B,semi-adaptive,BigDecimal,4,30,2.1587,86.126,2.868,31794960,-62920896
G6B,semi-adaptive,BigDecimal,4,31,2.4897,191.862,3.581,74588800,8388608
G6B,semi-adaptive,BigDecimal,4,32,2.2954,225.755,3.854,71732952,7337984
G6B,semi-adaptive,BigDecimal,4,33,2.2192,4.758,0.174,4866432,167216
G6B,semi-adaptive,BigDecimal,4,34,2.1719,478.578,6.506,13695080,12582912
G6B,semi-adaptive,BigDecimal,4,35,2.0929,292.749,4.128,-14750536,8388608
G6B,semi-adaptive,BigDecimal,4,36,2.2821,628.618,6.131,147066520,11532288
G6B,semi-adaptive,BigDecimal,4,37,2.3503,571.362,6.659,8642312,11536384
G6B,semi-adaptive,BigDecimal,4,38,2.2643,412.454,7.653,-22197344,-27755504
G6B,semi-adaptive,BigDecimal,5,1,2.8590,455.415,6.006,29379504,11532288
G6B,semi-adaptive,BigDecimal,5,2,2.3927,192.751,3.869,26870696,7342080
G6B,semi-adaptive,BigDecimal,5,3,2.2869,625.093,7.915,89931656,13629440
G6B,semi-adaptive,BigDecimal,5,4,2.1581,298.265,4.425,42462712,8388608
G6B,semi-adaptive,BigDecimal,5,5,2.2818,709.596,8.298,1515320,14680064
G6B,semi-adaptive,BigDecimal,5,6,2.3140,462.438,5.735,30913080,10485760
G6B,semi-adaptive,BigDecimal,5,7,2.2000,237.151,4.118,68087072,8388608
G6B,semi-adaptive,BigDecimal,5,8,2.2640,652.464,5.382,56822456,9439232
G6B,semi-adaptive,BigDecimal,5,9,2.2669,465.831,4.909,82161456,9435136
G6B,semi-adaptive,BigDecimal,5,10,2.1475,418.324,5.570,12440640,11532288
G6B,semi-adaptive,BigDecimal,5,11,2.2883,399.841,5.362,37877848,9435136
G6B,semi-adaptive,BigDecimal,5,12,2.1794,235.255,3.664,20215880,6291456
G6B,semi-adaptive,BigDecimal,5,13,2.4444,429.405,5.371,36003136,11532288
G6B,semi-adaptive,BigDecimal,5,14,2.0650,536.989,7.560,-12135392,12582912
G6B,semi-adaptive,BigDecimal,5,15,2.1806,151.569,4.684,3012432,10485760
G6B,semi-adaptive,BigDecimal,5,16,2.3009,28.802,0.482,12186920,0
G6B,semi-adaptive,BigDecimal,5,17,2.1361,342.852,4.093,-6728040,8388608
G6B,semi-adaptive,BigDecimal,5,18,2.4432,597.383,6.718,53777592,11532288
G6B,semi-adaptive,BigDecimal,5,19,2.2630,322.918,5.297,103090296,9435136
G6B,semi-adaptive,BigDecimal,5,20,2.3375,456.593,6.496,48263248,12582912
G6B,semi-adaptive,BigDecimal,5,21,2.2072,517.531,5.910,141173000,10485760
G6B,semi-adaptive,BigDecimal,5,22,2.3987,445.005,5.442,-11857344,10485760
G6B,semi-adaptive,BigDecimal,5,23,2.3273,526.030,6.192,89101472,11532288
G6B,semi-adaptive,BigDecimal,5,24,2.2026,157.571,3.295,61178160,5240832
G6B,semi-adaptive,BigDecimal,5,25,2.3169,226.255,4.462,35243184,8388608
G6B,semi-adaptive,BigDecimal,5,26,2.1732,254.820,4.015,31069904,8388608
G6B,semi-adaptive,BigDecimal,5,27,2.1845,14.810,0.298,3267160,1050624
G6B,semi-adaptive,BigDecimal,5,28,2.2817,737.786,7.711,-14674504,14680064
G6B,semi-adaptive,BigDecimal,5,29,2.4823,282.702,5.088,57539120,9439232
G6B,semi-adaptive,BigDecimal,5,30,2.1587,84.623,2.761,20483480,4194304
G6B,semi-adaptive,BigDecimal,5,31,2.4897,213.455,4.261,75144752,-15597448
G6B,semi-adaptive,BigDecimal,5,32,2.2954,200.741,3.840,8466936,7337984
G6B,semi-adaptive,BigDecimal,5,33,2.2192,5.479,0.156,4864720,0
G6B,semi-adaptive,BigDecimal,5,34,2.1719,384.162,6.178,85304512,12582912
G6B,semi-adaptive,BigDecimal,5,35,2.0929,255.066,4.699,46824592,9439232
G6B,semi-adaptive,BigDecimal,5,36,2.2821,533.985,7.618,-1893056,-78654968
G6B,semi-adaptive,BigDecimal,5,37,2.3503,579.774,6.942,184174592,10485760
G6B,semi-adaptive,BigDecimal,5,38,2.2643,509.948,8.771,-4773704,-81799224
G6B,semi-adaptive,Nayuki,1,1,2.8852,138.366,0.291,-7891664,0
G6B,semi-adaptive,Nayuki,1,2,2.4436,113.163,0.250,76128,0
G6B,semi-adaptive,Nayuki,1,3,2.3409,233.563,0.411,3568064,0
G6B,semi-adaptive,Nayuki,1,4,2.1935,112.177,0.285,17935680,0
G6B,semi-adaptive,Nayuki,1,5,2.2943,317.699,0.705,-17168536,499032
G6B,semi-adaptive,Nayuki,1,6,2.3415,173.146,0.297,50680,0
G6B,semi-adaptive,Nayuki,1,7,2.2737,86.407,0.242,15302592,125440
G6B,semi-adaptive,Nayuki,1,8,2.2921,250.966,0.366,15610888,0
G6B,semi-adaptive,Nayuki,1,9,2.3067,212.440,0.414,-15433224,0
G6B,semi-adaptive,Nayuki,1,10,2.1947,148.491,0.360,21431392,0
G6B,semi-adaptive,Nayuki,1,11,2.3067,135.955,0.310,20036408,96536
G6B,semi-adaptive,Nayuki,1,12,2.2326,142.418,0.286,18666472,666632
G6B,semi-adaptive,Nayuki,1,13,2.4561,242.797,0.330,17343624,0
G6B,semi-adaptive,Nayuki,1,14,2.1247,295.980,0.428,12026720,1046528
G6B,semi-adaptive,Nayuki,1,15,2.2475,144.182,0.225,-9131264,125104
G6B,semi-adaptive,Nayuki,1,16,2.4071,9.253,0.083,172384,0
G6B,semi-adaptive,Nayuki,1,17,2.2041,162.282,0.316,-3639040,124728
G6B,semi-adaptive,Nayuki,1,18,2.4773,253.278,0.704,-2880440,0
G6B,semi-adaptive,Nayuki,1,19,2.2976,119.457,0.298,-6087312,0
G6B,semi-adaptive,Nayuki,1,20,2.3500,131.335,0.530,19495264,0
G6B,semi-adaptive,Nayuki,1,21,2.2342,194.352,0.318,22446296,0
G6B,semi-adaptive,Nayuki,1,22,2.4180,118.328,0.594,18292784,0
G6B,semi-adaptive,Nayuki,1,23,2.3515,217.794,0.372,22020112,0
G6B,semi-adaptive,Nayuki,1,24,2.2759,59.392,0.208,212200,0
G6B,semi-adaptive,Nayuki,1,25,2.3380,114.164,0.333,-4367536,229968
G6B,semi-adaptive,Nayuki,1,26,2.2222,140.145,0.236,88464,0
G6B,semi-adaptive,Nayuki,1,27,2.3301,6.746,0.059,-818000,82576
G6B,semi-adaptive,Nayuki,1,28,2.3359,232.026,0.665,28490656,0
G6B,semi-adaptive,Nayuki,1,29,2.4695,135.538,0.256,7982824,0
G6B,semi-adaptive,Nayuki,1,30,2.2434,27.562,0.134,6951016,0
G6B,semi-adaptive,Nayuki,1,31,2.5021,53.958,0.195,11145272,0
G6B,semi-adaptive,Nayuki,1,32,2.3630,86.026,0.249,-50256,0
G6B,semi-adaptive,Nayuki,1,33,2.4110,4.564,0.041,1061488,40904
G6B,semi-adaptive,Nayuki,1,34,2.2006,242.607,0.390,965888,0
G6B,semi-adaptive,Nayuki,1,35,2.1538,154.881,0.218,124592,0
G6B,semi-adaptive,Nayuki,1,36,2.3248,270.595,0.476,17724152,0
G6B,semi-adaptive,Nayuki,1,37,2.3955,271.369,0.623,-2312552,0
G6B,semi-adaptive,Nayuki,1,38,2.3106,360.265,0.463,15880784,748128
G6B,semi-adaptive,Nayuki,2,1,2.8852,138.261,0.544,-5953376,0
G6B,semi-adaptive,Nayuki,2,2,2.4436,95.347,0.245,-2615240,0
G6B,semi-adaptive,Nayuki,2,3,2.3409,273.256,0.413,-1878328,0
G6B,semi-adaptive,Nayuki,2,4,2.1935,141.302,0.280,114368,623784
G6B,semi-adaptive,Nayuki,2,5,2.2943,414.756,0.495,12901984,0
G6B,semi-adaptive,Nayuki,2,6,2.3415,148.314,0.465,20198368,0
G6B,semi-adaptive,Nayuki,2,7,2.2737,103.254,0.403,6132968,0
G6B,semi-adaptive,Nayuki,2,8,2.2921,271.197,0.349,16479280,0
G6B,semi-adaptive,Nayuki,2,9,2.3067,169.614,0.398,530936,218944
G6B,semi-adaptive,Nayuki,2,10,2.1947,207.128,5.580,21314608,85376
G6B,semi-adaptive,Nayuki,2,11,2.3067,179.799,0.361,428248,0
G6B,semi-adaptive,Nayuki,2,12,2.2326,106.996,0.276,16777216,0
G6B,semi-adaptive,Nayuki,2,13,2.4561,228.800,0.351,14527032,0
G6B,semi-adaptive,Nayuki,2,14,2.1247,285.354,0.443,8345864,499112
G6B,semi-adaptive,Nayuki,2,15,2.2475,166.862,0.329,11724952,0
G6B,semi-adaptive,Nayuki,2,16,2.4071,8.944,0.065,57952,0
G6B,semi-adaptive,Nayuki,2,17,2.2041,129.812,0.273,-60968,0
G6B,semi-adaptive,Nayuki,2,18,2.4773,267.348,0.408,13271104,0
G6B,semi-adaptive,Nayuki,2,19,2.2976,102.973,0.290,421568,353032
G6B,semi-adaptive,Nayuki,2,20,2.3500,126.720,0.351,18874368,0
G6B,semi-adaptive,Nayuki,2,21,2.2342,139.588,0.539,20970184,166456
G6B,semi-adaptive,Nayuki,2,22,2.4180,114.368,0.462,18292144,0
G6B,semi-adaptive,Nayuki,2,23,2.3515,223.002,0.395,14984608,224680
G6B,semi-adaptive,Nayuki,2,24,2.2759,51.721,0.224,9823232,662512
G6B,semi-adaptive,Nayuki,2,25,2.3380,100.408,0.362,71416,352128
G6B,semi-adaptive,Nayuki,2,26,2.2222,116.426,0.246,17718120,331760
G6B,semi-adaptive,Nayuki,2,27,2.3301,7.145,0.060,-165856,0
G6B,semi-adaptive,Nayuki,2,28,2.3359,292.826,0.494,28366456,0
G6B,semi-adaptive,Nayuki,2,29,2.4695,125.082,0.369,18292088,0
G6B,semi-adaptive,Nayuki,2,30,2.2434,30.303,0.147,6292192,166168
G6B,semi-adaptive,Nayuki,2,31,2.5021,67.197,0.329,201416,0
G6B,semi-adaptive,Nayuki,2,32,2.3630,89.109,0.259,-65664,0
G6B,semi-adaptive,Nayuki,2,33,2.4110,4.270,0.035,1059984,41000
G6B,semi-adaptive,Nayuki,2,34,2.2006,220.494,0.416,-361360,947744
G6B,semi-adaptive,Nayuki,2,35,2.1538,160.077,0.230,-3539936,124856
G6B,semi-adaptive,Nayuki,2,36,2.3248,217.531,0.392,2274120,0
G6B,semi-adaptive,Nayuki,2,37,2.3955,266.744,0.499,2807960,0
G6B,semi-adaptive,Nayuki,2,38,2.3106,248.602,0.424,12954056,544008
G6B,semi-adaptive,Nayuki,3,1,2.8852,148.464,0.286,-7704648,0
G6B,semi-adaptive,Nayuki,3,2,2.4436,109.347,0.192,441552,0
G6B,semi-adaptive,Nayuki,3,3,2.3409,254.916,0.416,11451416,0
G6B,semi-adaptive,Nayuki,3,4,2.1935,116.455,0.268,18022368,0
G6B,semi-adaptive,Nayuki,3,5,2.2943,437.490,0.573,2723760,0
G6B,semi-adaptive,Nayuki,3,6,2.3415,141.049,0.350,20183880,124728
G6B,semi-adaptive,Nayuki,3,7,2.2737,142.398,0.248,-4956144,0
G6B,semi-adaptive,Nayuki,3,8,2.2921,286.973,0.365,-5563288,0
G6B,semi-adaptive,Nayuki,3,9,2.3067,198.979,0.310,406488,0
G6B,semi-adaptive,Nayuki,3,10,2.1947,213.171,0.347,10512840,668264
G6B,semi-adaptive,Nayuki,3,11,2.3067,129.261,0.334,20201536,0
G6B,semi-adaptive,Nayuki,3,12,2.2326,112.502,0.329,16777216,373544
G6B,semi-adaptive,Nayuki,3,13,2.4561,237.357,0.324,16584120,0
G6B,semi-adaptive,Nayuki,3,14,2.1247,342.689,0.411,10044776,0
G6B,semi-adaptive,Nayuki,3,15,2.2475,103.855,0.233,16777216,0
G6B,semi-adaptive,Nayuki,3,16,2.4071,7.666,0.076,2512536,599272
G6B,semi-adaptive,Nayuki,3,17,2.2041,97.840,0.277,16156984,0
G6B,semi-adaptive,Nayuki,3,18,2.4773,263.602,0.397,14412968,0
G6B,semi-adaptive,Nayuki,3,19,2.2976,110.740,0.306,-8123152,0
G6B,semi-adaptive,Nayuki,3,20,2.3500,173.768,0.608,4853864,665320
G6B,semi-adaptive,Nayuki,3,21,2.2342,150.299,0.334,20971512,373808
G6B,semi-adaptive,Nayuki,3,22,2.4180,144.260,0.334,7845032,0
G6B,semi-adaptive,Nayuki,3,23,2.3515,140.803,0.542,20351960,0
G6B,semi-adaptive,Nayuki,3,24,2.2759,60.879,0.199,-167224,83216
G6B,semi-adaptive,Nayuki,3,25,2.3380,106.329,0.397,13039688,0
G6B,semi-adaptive,Nayuki,3,26,2.2222,113.759,0.319,17633632,0
G6B,semi-adaptive,Nayuki,3,27,2.3301,5.972,0.047,2097152,0
G6B,semi-adaptive,Nayuki,3,28,2.3359,343.573,0.654,-6932280,0
G6B,semi-adaptive,Nayuki,3,29,2.4695,144.462,0.283,1326304,0
G6B,semi-adaptive,Nayuki,3,30,2.2434,28.833,0.149,6291456,165632
G6B,semi-adaptive,Nayuki,3,31,2.5021,69.907,0.211,214488,0
G6B,semi-adaptive,Nayuki,3,32,2.3630,98.180,0.404,-51360,0
G6B,semi-adaptive,Nayuki,3,33,2.4110,4.370,0.040,1059984,41000
G6B,semi-adaptive,Nayuki,3,34,2.2006,250.297,0.478,8911688,907824
G6B,semi-adaptive,Nayuki,3,35,2.1538,158.855,0.236,737432,0
G6B,semi-adaptive,Nayuki,3,36,2.3248,262.974,0.373,18276280,0
G6B,semi-adaptive,Nayuki,3,37,2.3955,262.788,0.375,3306072,0
G6B,semi-adaptive,Nayuki,3,38,2.3106,328.117,0.681,5989144,791992
G6B,semi-adaptive,Nayuki,4,1,2.8852,161.605,0.359,-5993904,0
G6B,semi-adaptive,Nayuki,4,2,2.4436,114.958,0.302,65080,0
G6B,semi-adaptive,Nayuki,4,3,2.3409,265.914,0.407,1188672,0
G6B,semi-adaptive,Nayuki,4,4,2.1935,148.377,0.278,118440,624000
G6B,semi-adaptive,Nayuki,4,5,2.2943,431.539,0.491,16869856,0
G6B,semi-adaptive,Nayuki,4,6,2.3415,144.391,0.333,20199584,0
G6B,semi-adaptive,Nayuki,4,7,2.2737,100.780,0.246,5991088,0
G6B,semi-adaptive,Nayuki,4,8,2.2921,286.367,0.509,8994544,0
G6B,semi-adaptive,Nayuki,4,9,2.3067,137.133,0.357,20037464,0
G6B,semi-adaptive,Nayuki,4,10,2.1947,212.440,0.492,21272232,626016
G6B,semi-adaptive,Nayuki,4,11,2.3067,189.664,0.384,529872,219064
G6B,semi-adaptive,Nayuki,4,12,2.2326,104.490,0.279,16777216,373656
G6B,semi-adaptive,Nayuki,4,13,2.4561,266.581,0.345,16584056,0
G6B,semi-adaptive,Nayuki,4,14,2.1247,289.441,0.518,12151608,0
G6B,semi-adaptive,Nayuki,4,15,2.2475,137.147,0.341,15570248,0
G6B,semi-adaptive,Nayuki,4,16,2.4071,9.664,0.066,151200,0
G6B,semi-adaptive,Nayuki,4,17,2.2041,141.059,0.267,15384,0
G6B,semi-adaptive,Nayuki,4,18,2.4773,257.046,0.619,4019152,0
G6B,semi-adaptive,Nayuki,4,19,2.2976,132.174,0.289,-3897632,125072
G6B,semi-adaptive,Nayuki,4,20,2.3500,130.897,0.359,19494200,0
G6B,semi-adaptive,Nayuki,4,21,2.2342,146.605,0.345,20972832,414536
G6B,semi-adaptive,Nayuki,4,22,2.4180,119.439,0.329,18252504,373016
G6B,semi-adaptive,Nayuki,4,23,2.3515,133.978,0.626,20309528,0
G6B,semi-adaptive,Nayuki,4,24,2.2759,57.566,0.211,185264,748528
G6B,semi-adaptive,Nayuki,4,25,2.3380,106.137,0.276,-63312,347552
G6B,semi-adaptive,Nayuki,4,26,2.2222,133.493,0.378,89912,0
G6B,semi-adaptive,Nayuki,4,27,2.3301,6.684,0.058,-258128,82672
G6B,semi-adaptive,Nayuki,4,28,2.3359,233.172,0.481,28490696,0
G6B,semi-adaptive,Nayuki,4,29,2.4695,122.356,0.422,18252504,373032
G6B,semi-adaptive,Nayuki,4,30,2.2434,28.629,0.216,6291456,166120
G6B,semi-adaptive,Nayuki,4,31,2.5021,64.269,0.205,447248,0
G6B,semi-adaptive,Nayuki,4,32,2.3630,98.507,0.245,336,0
G6B,semi-adaptive,Nayuki,4,33,2.4110,4.094,0.045,1059688,41008
G6B,semi-adaptive,Nayuki,4,34,2.2006,286.670,0.375,-906384,166216
G6B,semi-adaptive,Nayuki,4,35,2.1538,159.253,0.242,19951096,0
G6B,semi-adaptive,Nayuki,4,36,2.3248,272.766,0.403,22984504,0
G6B,semi-adaptive,Nayuki,4,37,2.3955,269.128,0.393,-11290056,0
G6B,semi-adaptive,Nayuki,4,38,2.3106,305.909,0.654,21803008,0
G6B,semi-adaptive,Nayuki,5,1,2.8852,170.528,0.489,-8084672,124536
G6B,semi-adaptive,Nayuki,5,2,2.4436,91.451,0.198,-5558280,82472
G6B,semi-adaptive,Nayuki,5,3,2.3409,264.005,0.768,16661288,0
G6B,semi-adaptive,Nayuki,5,4,2.1935,148.910,0.301,-78800,0
G6B,semi-adaptive,Nayuki,5,5,2.2943,429.118,0.593,-23994344,457472
G6B,semi-adaptive,Nayuki,5,6,2.3415,143.080,0.315,20032640,415032
G6B,semi-adaptive,Nayuki,5,7,2.2737,99.812,0.255,6695760,0
G6B,semi-adaptive,Nayuki,5,8,2.2921,272.298,0.551,18575704,0
G6B,semi-adaptive,Nayuki,5,9,2.3067,173.417,0.292,411872,0
G6B,semi-adaptive,Nayuki,5,10,2.1947,225.259,0.353,11659128,1050624
G6B,semi-adaptive,Nayuki,5,11,2.3067,201.215,0.308,478760,0
G6B,semi-adaptive,Nayuki,5,12,2.2326,160.787,0.283,-1269248,706832
G6B,semi-adaptive,Nayuki,5,13,2.4561,226.299,0.337,8233288,374064
G6B,semi-adaptive,Nayuki,5,14,2.1247,329.452,0.424,11833632,1037416
G6B,semi-adaptive,Nayuki,5,15,2.2475,139.959,0.291,-7675392,0
G6B,semi-adaptive,Nayuki,5,16,2.4071,8.137,0.082,2513160,599240
G6B,semi-adaptive,Nayuki,5,17,2.2041,131.264,0.491,-4116880,126624
G6B,semi-adaptive,Nayuki,5,18,2.4773,239.149,0.493,17409816,0
G6B,semi-adaptive,Nayuki,5,19,2.2976,107.938,0.438,631560,348552
G6B,semi-adaptive,Nayuki,5,20,2.3500,163.117,0.487,408384,541672
G6B,semi-adaptive,Nayuki,5,21,2.2342,217.457,0.596,16867128,0
G6B,semi-adaptive,Nayuki,5,22,2.4180,157.793,0.336,231984,0
G6B,semi-adaptive,Nayuki,5,23,2.3515,136.135,0.385,20391584,270048
G6B,semi-adaptive,Nayuki,5,24,2.2759,57.642,0.215,493816,665696
G6B,semi-adaptive,Nayuki,5,25,2.3380,99.130,0.289,-72552,348696
G6B,semi-adaptive,Nayuki,5,26,2.2222,112.177,0.278,17716272,0
G6B,semi-adaptive,Nayuki,5,27,2.3301,6.837,0.060,2097152,0
G6B,semi-adaptive,Nayuki,5,28,2.3359,347.729,0.490,24080760,0
G6B,semi-adaptive,Nayuki,5,29,2.4695,118.236,0.252,17711184,0
G6B,semi-adaptive,Nayuki,5,30,2.2434,33.175,0.154,6292192,166144
G6B,semi-adaptive,Nayuki,5,31,2.5021,65.127,0.208,425128,0
G6B,semi-adaptive,Nayuki,5,32,2.3630,95.697,0.252,-154264,0
G6B,semi-adaptive,Nayuki,5,33,2.4110,3.834,0.051,1059688,41008
G6B,semi-adaptive,Nayuki,5,34,2.2006,251.000,0.428,1694256,165088
G6B,semi-adaptive,Nayuki,5,35,2.1538,119.403,0.242,18253224,0
G6B,semi-adaptive,Nayuki,5,36,2.3248,276.146,0.364,15728640,0
G6B,semi-adaptive,Nayuki,5,37,2.3955,257.324,0.718,3418936,680576
G6B,semi-adaptive,Nayuki,5,38,2.3106,317.546,6.077,5794296,-23666968
G6B,adaptive,BigDecimal,1,1,3.0164,366.367,11.935,72351296,19924992
G6B,adaptive,BigDecimal,1,2,2.6364,175.699,8.466,30610112,15726592
G6B,adaptive,BigDecimal,1,3,2.4801,527.639,14.043,40008880,23068672
G6B,adaptive,BigDecimal,1,4,2.3774,314.300,9.335,62350616,17823744
G6B,adaptive,BigDecimal,1,5,2.4489,715.737,16.583,78543048,27262976
G6B,adaptive,BigDecimal,1,6,2.5091,345.607,9.655,50197496,19920896
G6B,adaptive,BigDecimal,1,7,2.4386,250.362,8.490,29258000,15726592
G6B,adaptive,BigDecimal,1,8,2.4579,453.107,11.290,8155600,20971520
G6B,adaptive,BigDecimal,1,9,2.4601,373.031,11.062,24974896,14431136
G6B,adaptive,BigDecimal,1,10,2.3540,381.468,10.473,79546776,19920896
G6B,adaptive,BigDecimal,1,11,2.4816,346.881,9.297,10413408,18874368
G6B,adaptive,BigDecimal,1,12,2.4120,311.460,10.195,57567368,-76540128
G6B,adaptive,BigDecimal,1,13,2.6140,428.117,12.521,6056032,-72348288
G6B,adaptive,BigDecimal,1,14,2.2602,534.016,12.155,58679640,23068672
G6B,adaptive,BigDecimal,1,15,2.4147,231.732,7.702,53408144,16777216
G6B,adaptive,BigDecimal,1,16,2.7080,20.548,1.768,674232,3143680
G6B,adaptive,BigDecimal,1,17,2.3537,290.520,11.557,67055880,17823744
G6B,adaptive,BigDecimal,1,18,2.6278,515.719,14.399,47038864,23068672
G6B,adaptive,BigDecimal,1,19,2.4740,267.969,10.147,47051032,16777216
G6B,adaptive,BigDecimal,1,20,2.5125,384.840,12.354,35472528,-11538832
G6B,adaptive,BigDecimal,1,21,2.3964,407.790,10.498,53167680,19924992
G6B,adaptive,BigDecimal,1,22,2.5691,330.011,9.770,15594056,18874368
G6B,adaptive,BigDecimal,1,23,2.4909,429.217,11.968,83765888,20971520
G6B,adaptive,BigDecimal,1,24,2.4612,110.239,7.011,22827272,12582816
G6B,adaptive,BigDecimal,1,25,2.5176,264.853,9.127,58837840,15730688
G6B,adaptive,BigDecimal,1,26,2.4020,315.531,8.617,53413272,16777216
G6B,adaptive,BigDecimal,1,27,2.6408,12.507,2.298,1050784,-8215304
G6B,adaptive,BigDecimal,1,28,2.4574,669.311,17.273,11434720,-65012360
G6B,adaptive,BigDecimal,1,29,2.6656,328.176,9.280,61729168,17823744
G6B,adaptive,BigDecimal,1,30,2.4497,69.738,13.101,9960632,-13757976
G6B,adaptive,BigDecimal,1,31,2.6914,158.798,6.961,26575120,14680064
G6B,adaptive,BigDecimal,1,32,2.5196,250.323,8.714,14639056,16777216
G6B,adaptive,BigDecimal,1,33,2.7808,5.838,2.133,7036936,-10883480
G6B,adaptive,BigDecimal,1,34,2.3696,437.460,10.714,61782056,20971520
G6B,adaptive,BigDecimal,1,35,2.3173,273.661,7.963,65977808,17823744
G6B,adaptive,BigDecimal,1,36,2.4758,488.132,13.706,78525824,23068672
G6B,adaptive,BigDecimal,1,37,2.5395,532.737,12.697,21906768,23068672
G6B,adaptive,BigDecimal,1,38,2.4523,563.246,13.472,21838968,-2616768
G6B,adaptive,BigDecimal,2,1,3.0164,313.828,11.166,19734952,-12122304
G6B,adaptive,BigDecimal,2,2,2.6364,182.531,7.461,40532624,15726592
G6B,adaptive,BigDecimal,2,3,2.4801,506.616,11.796,55538056,-67108528
G6B,adaptive,BigDecimal,2,4,2.3774,338.836,8.713,32319960,17823744
G6B,adaptive,BigDecimal,2,5,2.4489,714.362,14.393,61722696,27262976
G6B,adaptive,BigDecimal,2,6,2.5091,361.282,11.652,2986584,19920896
G6B,adaptive,BigDecimal,2,7,2.4386,231.537,8.480,89895128,15726592
G6B,adaptive,BigDecimal,2,8,2.4579,470.134,13.754,54408920,-68147200
G6B,adaptive,BigDecimal,2,9,2.4601,361.027,9.001,81618440,17823744
G6B,adaptive,BigDecimal,2,10,2.3540,384.305,10.014,24931024,19920896
G6B,adaptive,BigDecimal,2,11,2.4816,349.745,9.013,77464592,18874368
G6B,adaptive,BigDecimal,2,12,2.4120,291.740,10.940,20602672,17823744
G6B,adaptive,BigDecimal,2,13,2.6140,489.357,12.113,66928072,20971520
G6B,adaptive,BigDecimal,2,14,2.2602,511.018,12.781,22996488,23068672
G6B,adaptive,BigDecimal,2,15,2.4147,243.356,8.887,29271328,-56617496
G6B,adaptive,BigDecimal,2,16,2.7080,20.995,2.517,6926016,3143680
G6B,adaptive,BigDecimal,2,17,2.3537,274.902,9.926,75423152,17823744
G6B,adaptive,BigDecimal,2,18,2.6278,513.586,11.887,55428136,23068672
G6B,adaptive,BigDecimal,2,19,2.4740,277.264,10.001,47053888,16777216
G6B,adaptive,BigDecimal,2,20,2.5125,395.514,12.756,161144208,20971520
G6B,adaptive,BigDecimal,2,21,2.3964,413.182,9.866,54486200,19924992
G6B,adaptive,BigDecimal,2,22,2.5691,333.212,11.883,74151608,18874368
G6B,adaptive,BigDecimal,2,23,2.4909,389.930,10.958,65290264,19924992
G6B,adaptive,BigDecimal,2,24,2.4612,109.672,6.105,22676648,12582912
G6B,adaptive,BigDecimal,2,25,2.5176,247.593,7.718,61808464,15730688
G6B,adaptive,BigDecimal,2,26,2.4020,298.886,8.345,51464272,16777216
G6B,adaptive,BigDecimal,2,27,2.6408,14.314,1.832,1430920,-8501568
G6B,adaptive,BigDecimal,2,28,2.4574,603.585,15.797,63756744,-67115960
G6B,adaptive,BigDecimal,2,29,2.6656,326.374,8.569,74295640,17823744
G6B,adaptive,BigDecimal,2,30,2.4497,69.381,4.817,9961960,9317760
G6B,adaptive,BigDecimal,2,31,2.6914,152.567,7.582,8278832,-60817480
G6B,adaptive,BigDecimal,2,32,2.5196,272.336,8.399,67023472,16777216
G6B,adaptive,BigDecimal,2,33,2.7808,5.787,1.573,7047744,-10896312
G6B,adaptive,BigDecimal,2,34,2.3696,463.013,12.497,41704144,22018048
G6B,adaptive,BigDecimal,2,35,2.3173,280.744,7.613,62512696,17823744
G6B,adaptive,BigDecimal,2,36,2.4758,509.082,14.243,19889240,23068672
G6B,adaptive,BigDecimal,2,37,2.5395,502.400,12.886,91017104,23068672
G6B,adaptive,BigDecimal,2,38,2.4523,527.178,13.138,2954784,-67108264
G6B,adaptive,BigDecimal,3,1,3.0164,331.292,10.080,51116216,19924992
G6B,adaptive,BigDecimal,3,2,2.6364,165.256,8.290,43168904,-26251112
G6B,adaptive,BigDecimal,3,3,2.4801,467.765,11.361,84890272,23068672
G6B,adaptive,BigDecimal,3,4,2.3774,302.542,9.957,112165856,17823744
G6B,adaptive,BigDecimal,3,5,2.4489,711.256,13.462,47053504,27262976
G6B,adaptive,BigDecimal,3,6,2.5091,354.872,9.752,52824400,19920896
G6B,adaptive,BigDecimal,3,7,2.4386,220.087,9.494,69438272,16777216
G6B,adaptive,BigDecimal,3,8,2.4579,424.314,10.151,37258080,22022144
G6B,adaptive,BigDecimal,3,9,2.4601,332.704,10.011,73244264,-13671264
G6B,adaptive,BigDecimal,3,10,2.3540,353.894,9.499,56053320,19920896
G6B,adaptive,BigDecimal,3,11,2.4816,330.912,9.324,52234016,18874368
G6B,adaptive,BigDecimal,3,12,2.4120,294.550,9.575,21600176,-91221704
G6B,adaptive,BigDecimal,3,13,2.6140,425.165,10.629,75190336,22022144
G6B,adaptive,BigDecimal,3,14,2.2602,505.829,12.248,1968720,-71298736
G6B,adaptive,BigDecimal,3,15,2.4147,217.639,7.733,5066320,16777216
G6B,adaptive,BigDecimal,3,16,2.7080,19.590,1.790,5126744,3143680
G6B,adaptive,BigDecimal,3,17,2.3537,260.688,8.438,14064032,17823744
G6B,adaptive,BigDecimal,3,18,2.6278,485.219,14.966,15506336,32
G6B,adaptive,BigDecimal,3,19,2.4740,288.888,8.609,52317560,16777216
G6B,adaptive,BigDecimal,3,20,2.5125,345.732,11.103,20768008,-8804840
G6B,adaptive,BigDecimal,3,21,2.3964,331.256,10.173,22984816,19924992
G6B,adaptive,BigDecimal,3,22,2.5691,301.014,9.953,42886656,18874368
G6B,adaptive,BigDecimal,3,23,2.4909,418.099,10.441,85861536,20971520
G6B,adaptive,BigDecimal,3,24,2.4612,109.241,6.374,58467944,-48236608
G6B,adaptive,BigDecimal,3,25,2.5176,241.072,8.132,35850400,15730688
G6B,adaptive,BigDecimal,3,26,2.4020,273.981,8.545,51256168,16777216
G6B,adaptive,BigDecimal,3,27,2.6408,13.050,2.107,3191368,-3984504
G6B,adaptive,BigDecimal,3,28,2.4574,584.375,14.734,67061128,25165824
G6B,adaptive,BigDecimal,3,29,2.6656,295.358,8.248,74298376,17823744
G6B,adaptive,BigDecimal,3,30,2.4497,75.049,5.084,14398304,-16177760
G6B,adaptive,BigDecimal,3,31,2.6914,136.926,6.427,28668096,14680064
G6B,adaptive,BigDecimal,3,32,2.5196,233.437,8.640,4111320,16777216
G6B,adaptive,BigDecimal,3,33,2.7808,5.615,2.373,6963992,1717960
G6B,adaptive,BigDecimal,3,34,2.3696,370.753,10.405,61790088,20971520
G6B,adaptive,BigDecimal,3,35,2.3173,272.991,8.055,9315840,17823744
G6B,adaptive,BigDecimal,3,36,2.4758,451.841,13.081,65901520,23068672
G6B,adaptive,BigDecimal,3,37,2.5395,495.506,12.978,30481960,23068672
G6B,adaptive,BigDecimal,3,38,2.4523,483.869,13.996,55428056,24119296
G6B,adaptive,BigDecimal,4,1,3.0164,316.542,10.240,99640168,19924992
G6B,adaptive,BigDecimal,4,2,2.6364,189.334,7.449,49798544,-43001488
G6B,adaptive,BigDecimal,4,3,2.4801,475.934,12.057,74402448,23068672
G6B,adaptive,BigDecimal,4,4,2.3774,275.875,7.995,49147280,17823744
G6B,adaptive,BigDecimal,4,5,2.4489,592.017,14.881,89042112,27262976
G6B,adaptive,BigDecimal,4,6,2.5091,326.513,9.676,50216584,19920896
G6B,adaptive,BigDecimal,4,7,2.4386,224.547,8.361,35537952,15726592
G6B,adaptive,BigDecimal,4,8,2.4579,472.511,10.893,8193928,20971520
G6B,adaptive,BigDecimal,4,9,2.4601,371.233,9.533,45910152,-72349264
G6B,adaptive,BigDecimal,4,10,2.3540,372.498,9.927,3958344,19920896
G6B,adaptive,BigDecimal,4,11,2.4816,348.627,9.773,54490744,18874368
G6B,adaptive,BigDecimal,4,12,2.4120,285.638,8.552,34436592,17823744
G6B,adaptive,BigDecimal,4,13,2.6140,412.837,11.438,46026656,-69208280
G6B,adaptive,BigDecimal,4,14,2.2602,518.119,15.283,1971080,-69201448
G6B,adaptive,BigDecimal,4,15,2.4147,228.315,8.493,27231136,-54513568
G6B,adaptive,BigDecimal,4,16,2.7080,23.805,1.981,6924752,3143680
G6B,adaptive,BigDecimal,4,17,2.3537,280.765,8.661,52329904,17823744
G6B,adaptive,BigDecimal,4,18,2.6278,504.460,13.178,11309168,-6308624
G6B,adaptive,BigDecimal,4,19,2.4740,268.004,8.934,49161160,16777216
G6B,adaptive,BigDecimal,4,20,2.5125,407.769,13.179,14527552,-75508736
G6B,adaptive,BigDecimal,4,21,2.3964,399.812,12.182,31343344,17827864
G6B,adaptive,BigDecimal,4,22,2.5691,341.484,10.111,23967328,-77592008
G6B,adaptive,BigDecimal,4,23,2.4909,409.592,13.570,85862488,-2542336
G6B,adaptive,BigDecimal,4,24,2.4612,114.424,6.689,33072784,12582912
G6B,adaptive,BigDecimal,4,25,2.5176,262.383,9.409,69520984,-84938032
G6B,adaptive,BigDecimal,4,26,2.4020,282.443,8.610,40802800,16777216
G6B,adaptive,BigDecimal,4,27,2.6408,12.984,1.357,3192224,2097152
G6B,adaptive,BigDecimal,4,28,2.4574,640.213,14.171,86937720,25165824
G6B,adaptive,BigDecimal,4,29,2.6656,316.224,9.765,2317360,17823744
G6B,adaptive,BigDecimal,4,30,2.4497,69.919,5.457,9950736,9317848
G6B,adaptive,BigDecimal,4,31,2.6914,142.629,8.842,8278144,-60814648
G6B,adaptive,BigDecimal,4,32,2.5196,266.338,9.718,64931248,-75497464
G6B,adaptive,BigDecimal,4,33,2.7808,5.535,1.879,7047776,-10895664
G6B,adaptive,BigDecimal,4,34,2.3696,410.671,10.390,61778480,20971520
G6B,adaptive,BigDecimal,4,35,2.3173,266.589,7.581,89005720,17823744
G6B,adaptive,BigDecimal,4,36,2.4758,468.892,12.744,17746856,21107352
G6B,adaptive,BigDecimal,4,37,2.5395,499.143,11.931,72085520,-69208152
G6B,adaptive,BigDecimal,4,38,2.4523,528.451,13.620,15545584,-17788168
G6B,adaptive,BigDecimal,5,1,3.0164,354.397,10.797,53325904,19924992
G6B,adaptive,BigDecimal,5,2,2.6364,180.146,8.977,47698928,-43002464
G6B,adaptive,BigDecimal,5,3,2.4801,486.418,13.557,38703144,23068672
G6B,adaptive,BigDecimal,5,4,2.3774,408.385,10.600,47959368,-81735976
G6B,adaptive,BigDecimal,5,5,2.4489,714.679,16.171,66018936,27262976
G6B,adaptive,BigDecimal,5,6,2.5091,341.334,12.512,4034592,19920896
G6B,adaptive,BigDecimal,5,7,2.4386,223.584,8.922,66678808,15726592
G6B,adaptive,BigDecimal,5,8,2.4579,457.172,11.998,56544680,20971520
G6B,adaptive,BigDecimal,5,9,2.4601,350.316,10.737,49872656,17823744
G6B,adaptive,BigDecimal,5,10,2.3540,393.927,9.988,43788728,19920896
G6B,adaptive,BigDecimal,5,11,2.4816,357.443,10.532,119413240,18874368
G6B,adaptive,BigDecimal,5,12,2.4120,281.065,8.229,53371824,17823744
G6B,adaptive,BigDecimal,5,13,2.6140,436.462,12.804,47202616,20971520
G6B,adaptive,BigDecimal,5,14,2.2602,554.456,13.568,4055696,-71303456
G6B,adaptive,BigDecimal,5,15,2.4147,220.110,9.120,5080560,16777216
G6B,adaptive,BigDecimal,5,16,2.7080,20.129,1.790,5125736,3143680
G6B,adaptive,BigDecimal,5,17,2.3537,260.897,10.648,26884704,-74459368
G6B,adaptive,BigDecimal,5,18,2.6278,515.756,12.171,49147208,23068672
G6B,adaptive,BigDecimal,5,19,2.4740,279.316,8.936,49111800,17823744
G6B,adaptive,BigDecimal,5,20,2.5125,387.611,11.010,20755056,20971520
G6B,adaptive,BigDecimal,5,21,2.3964,384.092,12.422,61315376,-74440008
G6B,adaptive,BigDecimal,5,22,2.5691,338.388,11.626,67841432,18874368
G6B,adaptive,BigDecimal,5,23,2.4909,444.677,12.509,60665912,19924992
G6B,adaptive,BigDecimal,5,24,2.4612,129.692,7.224,31180224,12582912
G6B,adaptive,BigDecimal,5,25,2.5176,276.000,7.875,35551848,15730688
G6B,adaptive,BigDecimal,5,26,2.4020,266.732,8.341,13219760,16777216
G6B,adaptive,BigDecimal,5,27,2.6408,15.104,2.218,3108536,-1369640
G6B,adaptive,BigDecimal,5,28,2.4574,628.523,15.750,11383888,25165824
G6B,adaptive,BigDecimal,5,29,2.6656,317.516,8.434,28091792,17823744
G6B,adaptive,BigDecimal,5,30,2.4497,66.357,5.707,10006064,-13748904
G6B,adaptive,BigDecimal,5,31,2.6914,144.683,7.129,28443336,14680064
G6B,adaptive,BigDecimal,5,32,2.5196,234.360,7.641,15410952,16777216
G6B,adaptive,BigDecimal,5,33,2.7808,6.119,2.071,7037352,-10666568
G6B,adaptive,BigDecimal,5,34,2.3696,407.796,10.962,53303272,20971520
G6B,adaptive,BigDecimal,5,35,2.3173,287.018,8.645,60283816,17823744
G6B,adaptive,BigDecimal,5,36,2.4758,445.019,11.295,63839072,23068672
G6B,adaptive,BigDecimal,5,37,2.5395,521.375,11.955,44882680,-71297208
G6B,adaptive,BigDecimal,5,38,2.4523,514.265,14.231,55423768,25165824
G6B,adaptive,Nayuki,1,1,3.0164,197.771,0.360,18804360,0
G6B,adaptive,Nayuki,1,2,2.6473,100.493,0.308,15171552,0
G6B,adaptive,Nayuki,1,3,2.4773,308.428,0.464,24322792,0
G6B,adaptive,Nayuki,1,4,2.3742,167.641,0.336,19122056,0
G6B,adaptive,Nayuki,1,5,2.4539,432.621,0.480,30850280,0
G6B,adaptive,Nayuki,1,6,2.5122,202.375,0.447,21407424,0
G6B,adaptive,Nayuki,1,7,2.4421,105.344,0.250,16546296,0
G6B,adaptive,Nayuki,1,8,2.4719,283.580,0.496,24745168,0
G6B,adaptive,Nayuki,1,9,2.4540,204.345,0.333,20552456,662120
G6B,adaptive,Nayuki,1,10,2.3599,233.954,0.324,22852640,0
G6B,adaptive,Nayuki,1,11,2.4785,205.244,0.319,20751648,662088
G6B,adaptive,Nayuki,1,12,2.4186,160.122,0.323,17786896,0
G6B,adaptive,Nayuki,1,13,2.6199,241.815,0.348,23045392,0
G6B,adaptive,Nayuki,1,14,2.2547,312.056,0.590,26371984,0
G6B,adaptive,Nayuki,1,15,2.4080,150.346,0.231,17790168,0
G6B,adaptive,Nayuki,1,16,2.7611,11.118,0.068,2725744,41424
G6B,adaptive,Nayuki,1,17,2.3673,138.824,0.294,16649280,260160
G6B,adaptive,Nayuki,1,18,2.6364,259.778,0.438,24273952,0
G6B,adaptive,Nayuki,1,19,2.4913,110.595,0.281,16563720,0
G6B,adaptive,Nayuki,1,20,2.5250,202.399,0.471,20076776,0
G6B,adaptive,Nayuki,1,21,2.4024,219.175,0.333,21535864,663976
G6B,adaptive,Nayuki,1,22,2.5723,171.611,0.518,19116672,0
G6B,adaptive,Nayuki,1,23,2.4970,213.826,0.398,21418416,0
G6B,adaptive,Nayuki,1,24,2.4483,67.423,0.212,10737664,108096
G6B,adaptive,Nayuki,1,25,2.5070,108.881,0.265,15877264,662048
G6B,adaptive,Nayuki,1,26,2.4052,171.137,0.291,18257824,0
G6B,adaptive,Nayuki,1,27,2.6408,7.835,0.074,2099424,41528
G6B,adaptive,Nayuki,1,28,2.4599,367.071,0.784,28369416,155864
G6B,adaptive,Nayuki,1,29,2.6752,184.078,0.258,20008720,0
G6B,adaptive,Nayuki,1,30,2.4550,45.370,0.137,7075976,81536
G6B,adaptive,Nayuki,1,31,2.6996,77.566,0.339,11837392,0
G6B,adaptive,Nayuki,1,32,2.5338,127.050,0.259,15672520,0
G6B,adaptive,Nayuki,1,33,2.7397,3.203,0.034,1089152,0
G6B,adaptive,Nayuki,1,34,2.3840,256.091,0.413,23397024,718008
G6B,adaptive,Nayuki,1,35,2.3333,178.272,0.219,19112416,0
G6B,adaptive,Nayuki,1,36,2.4843,279.942,0.548,24081128,0
G6B,adaptive,Nayuki,1,37,2.5537,274.388,0.407,24082440,661896
G6B,adaptive,Nayuki,1,38,2.4632,323.544,0.424,26178592,0
G6B,adaptive,Nayuki,2,1,3.0164,143.917,0.335,18447600,0
G6B,adaptive,Nayuki,2,2,2.6473,118.169,0.198,15117984,0
G6B,adaptive,Nayuki,2,3,2.4773,261.840,0.474,24085096,0
G6B,adaptive,Nayuki,2,4,2.3742,167.042,0.356,19112592,0
G6B,adaptive,Nayuki,2,5,2.4539,429.609,0.462,31046320,0
G6B,adaptive,Nayuki,2,6,2.5122,202.553,0.306,21226184,0
G6B,adaptive,Nayuki,2,7,2.4421,136.377,0.242,16354832,0
G6B,adaptive,Nayuki,2,8,2.4719,324.472,0.385,24943696,0
G6B,adaptive,Nayuki,2,9,2.4540,234.812,0.308,20751648,662160
G6B,adaptive,Nayuki,2,10,2.3599,210.568,0.484,22653688,0
G6B,adaptive,Nayuki,2,11,2.4785,218.516,0.326,20756728,662072
G6B,adaptive,Nayuki,2,12,2.4186,157.869,0.434,17987400,0
G6B,adaptive,Nayuki,2,13,2.6199,285.097,0.395,22654192,0
G6B,adaptive,Nayuki,2,14,2.2547,316.448,0.435,26178448,0
G6B,adaptive,Nayuki,2,15,2.4080,134.903,0.221,17984728,0
G6B,adaptive,Nayuki,2,16,2.7611,11.815,0.067,2514288,41424
G6B,adaptive,Nayuki,2,17,2.3673,167.465,0.292,16799272,260184
G6B,adaptive,Nayuki,2,18,2.6364,276.041,0.640,24077336,0
G6B,adaptive,Nayuki,2,19,2.4913,119.738,0.309,16349704,0
G6B,adaptive,Nayuki,2,20,2.5250,192.521,0.356,20073192,0
G6B,adaptive,Nayuki,2,21,2.4024,229.677,0.339,21131896,663976
G6B,adaptive,Nayuki,2,22,2.5723,163.065,0.403,19123328,0
G6B,adaptive,Nayuki,2,23,2.4970,204.536,0.392,21406136,0
G6B,adaptive,Nayuki,2,24,2.4483,82.661,0.192,10741760,108096
G6B,adaptive,Nayuki,2,25,2.5070,124.426,0.265,16065168,662048
G6B,adaptive,Nayuki,2,26,2.4052,170.861,0.287,18666912,0
G6B,adaptive,Nayuki,2,27,2.6408,9.690,0.071,2099424,41528
G6B,adaptive,Nayuki,2,28,2.4599,416.555,0.550,28586152,0
G6B,adaptive,Nayuki,2,29,2.6752,180.747,0.341,18902800,0
G6B,adaptive,Nayuki,2,30,2.4550,36.398,0.138,7084904,82504
G6B,adaptive,Nayuki,2,31,2.6996,62.057,0.195,11647144,0
G6B,adaptive,Nayuki,2,32,2.5338,127.387,0.289,15669512,0
G6B,adaptive,Nayuki,2,33,2.7397,2.658,0.034,1088992,0
G6B,adaptive,Nayuki,2,34,2.3840,256.387,0.411,23399864,716816
G6B,adaptive,Nayuki,2,35,2.3333,178.380,0.220,19124904,0
G6B,adaptive,Nayuki,2,36,2.4843,293.772,0.743,24089160,0
G6B,adaptive,Nayuki,2,37,2.5537,278.073,0.403,24088240,660040
G6B,adaptive,Nayuki,2,38,2.4632,329.141,0.412,26180608,0
G6B,adaptive,Nayuki,3,1,3.0164,158.860,0.283,18460392,0
G6B,adaptive,Nayuki,3,2,2.6473,133.036,0.200,14920936,0
G6B,adaptive,Nayuki,3,3,2.4773,283.794,0.471,24088168,0
G6B,adaptive,Nayuki,3,4,2.3742,185.962,0.316,18927248,0
G6B,adaptive,Nayuki,3,5,2.4539,416.039,0.543,31052976,0
G6B,adaptive,Nayuki,3,6,2.5122,214.140,0.314,21424840,0
G6B,adaptive,Nayuki,3,7,2.4421,125.578,0.376,16166928,0
G6B,adaptive,Nayuki,3,8,2.4719,298.585,0.359,24746576,0
G6B,adaptive,Nayuki,3,9,2.4540,230.938,0.312,20359968,662160
G6B,adaptive,Nayuki,3,10,2.3599,229.071,0.547,22845176,0
G6B,adaptive,Nayuki,3,11,2.4785,232.849,0.324,20744440,662072
G6B,adaptive,Nayuki,3,12,2.4186,152.231,0.295,17993544,0
G6B,adaptive,Nayuki,3,13,2.6199,259.799,0.345,22844656,0
G6B,adaptive,Nayuki,3,14,2.2547,318.221,0.426,26377616,0
G6B,adaptive,Nayuki,3,15,2.4080,159.433,0.269,17788632,0
G6B,adaptive,Nayuki,3,16,2.7611,11.836,0.107,2718576,41424
G6B,adaptive,Nayuki,3,17,2.3673,148.386,0.429,16643624,260184
G6B,adaptive,Nayuki,3,18,2.6364,281.595,0.561,24272920,0
G6B,adaptive,Nayuki,3,19,2.4913,126.881,0.413,16724488,0
G6B,adaptive,Nayuki,3,20,2.5250,237.257,0.391,20090088,0
G6B,adaptive,Nayuki,3,21,2.4024,225.571,0.331,21320312,663976
G6B,adaptive,Nayuki,3,22,2.5723,178.726,0.338,19297920,0
G6B,adaptive,Nayuki,3,23,2.4970,240.495,0.577,21210544,0
G6B,adaptive,Nayuki,3,24,2.4483,92.945,0.198,10741248,108096
G6B,adaptive,Nayuki,3,25,2.5070,140.758,0.300,15687824,662048
G6B,adaptive,Nayuki,3,26,2.4052,165.093,0.403,18463648,0
G6B,adaptive,Nayuki,3,27,2.6408,8.038,0.054,2296032,41528
G6B,adaptive,Nayuki,3,28,2.4599,389.918,0.496,29494976,158472
G6B,adaptive,Nayuki,3,29,2.6752,130.594,0.297,18604792,0
G6B,adaptive,Nayuki,3,30,2.4550,48.993,0.146,7216456,80200
G6B,adaptive,Nayuki,3,31,2.6996,60.115,0.294,11634504,0
G6B,adaptive,Nayuki,3,32,2.5338,131.973,0.248,15667464,0
G6B,adaptive,Nayuki,3,33,2.7397,2.724,0.036,1085600,40368
G6B,adaptive,Nayuki,3,34,2.3840,292.205,0.402,23200424,719216
G6B,adaptive,Nayuki,3,35,2.3333,179.048,0.329,18912592,0
G6B,adaptive,Nayuki,3,36,2.4843,268.001,0.379,24081128,0
G6B,adaptive,Nayuki,3,37,2.5537,311.211,0.689,24280072,661896
G6B,adaptive,Nayuki,3,38,2.4632,359.010,0.404,26377248,0
G6B,adaptive,Nayuki,4,1,3.0164,150.305,0.289,18260208,0
G6B,adaptive,Nayuki,4,2,2.6473,115.410,0.191,14920864,0
G6B,adaptive,Nayuki,4,3,2.4773,279.799,0.389,24096360,0
G6B,adaptive,Nayuki,4,4,2.3742,191.269,0.287,18922128,0
G6B,adaptive,Nayuki,4,5,2.4539,418.645,0.533,31057072,0
G6B,adaptive,Nayuki,4,6,2.5122,217.806,0.319,21209768,0
G6B,adaptive,Nayuki,4,7,2.4421,139.840,0.284,16359928,0
G6B,adaptive,Nayuki,4,8,2.4719,306.690,0.355,24973008,0
G6B,adaptive,Nayuki,4,9,2.4540,208.151,0.301,20355336,662120
G6B,adaptive,Nayuki,4,10,2.3599,208.136,0.319,22844448,0
G6B,adaptive,Nayuki,4,11,2.4785,226.442,0.323,20756256,662088
G6B,adaptive,Nayuki,4,12,2.4186,183.229,0.271,18000904,0
G6B,adaptive,Nayuki,4,13,2.6199,245.606,0.515,23046416,0
G6B,adaptive,Nayuki,4,14,2.2547,302.875,0.831,26219104,0
G6B,adaptive,Nayuki,4,15,2.4080,143.511,0.243,18110456,0
G6B,adaptive,Nayuki,4,16,2.7611,11.089,0.109,2516272,41688
G6B,adaptive,Nayuki,4,17,2.3673,153.313,0.340,16603648,0
G6B,adaptive,Nayuki,4,18,2.6364,262.573,0.494,24077632,0
G6B,adaptive,Nayuki,4,19,2.4913,146.677,0.448,16356608,0
G6B,adaptive,Nayuki,4,20,2.5250,178.961,0.565,19691320,0
G6B,adaptive,Nayuki,4,21,2.4024,191.307,0.397,21519064,663848
G6B,adaptive,Nayuki,4,22,2.5723,156.937,0.351,19124800,0
G6B,adaptive,Nayuki,4,23,2.4970,222.160,0.386,21018544,0
G6B,adaptive,Nayuki,4,24,2.4483,87.070,0.249,10741760,108096
G6B,adaptive,Nayuki,4,25,2.5070,109.712,0.279,16078480,662048
G6B,adaptive,Nayuki,4,26,2.4052,148.684,0.246,18453408,0
G6B,adaptive,Nayuki,4,27,2.6408,7.555,0.052,2099424,41528
G6B,adaptive,Nayuki,4,28,2.4599,338.061,0.736,30853016,158472
G6B,adaptive,Nayuki,4,29,2.6752,123.746,0.256,18604792,0
G6B,adaptive,Nayuki,4,30,2.4550,49.967,0.143,7057736,80200
G6B,adaptive,Nayuki,4,31,2.6996,59.305,0.194,11828552,0
G6B,adaptive,Nayuki,4,32,2.5338,145.215,0.253,15671560,0
G6B,adaptive,Nayuki,4,33,2.7397,2.652,0.035,1085600,40368
G6B,adaptive,Nayuki,4,34,2.3840,235.692,0.409,23620328,650472
G6B,adaptive,Nayuki,4,35,2.3333,161.835,0.226,19106640,0
G6B,adaptive,Nayuki,4,36,2.4843,238.673,0.380,24086248,0
G6B,adaptive,Nayuki,4,37,2.5537,263.000,0.396,24278024,661896
G6B,adaptive,Nayuki,4,38,2.4632,298.671,0.655,26182176,0
G6B,adaptive,Nayuki,5,1,3.0164,134.678,0.390,18457840,0
G6B,adaptive,Nayuki,5,2,2.6473,110.854,0.199,14722720,0
G6B,adaptive,Nayuki,5,3,2.4773,263.409,0.391,24086120,0
G6B,adaptive,Nayuki,5,4,2.3742,158.903,0.265,19326096,0
G6B,adaptive,Nayuki,5,5,2.4539,348.290,0.458,31059392,0
G6B,adaptive,Nayuki,5,6,2.5122,165.412,0.303,21176632,0
G6B,adaptive,Nayuki,5,7,2.4421,109.353,0.246,16547880,0
G6B,adaptive,Nayuki,5,8,2.4719,215.834,0.366,24941624,0
G6B,adaptive,Nayuki,5,9,2.4540,183.238,0.308,20754224,662112
G6B,adaptive,Nayuki,5,10,2.3599,201.227,0.312,22656248,0
G6B,adaptive,Nayuki,5,11,2.4785,193.262,0.485,20751096,662072
G6B,adaptive,Nayuki,5,12,2.4186,172.224,0.408,17981256,0
G6B,adaptive,Nayuki,5,13,2.6199,249.359,0.339,22845680,0
G6B,adaptive,Nayuki,5,14,2.2547,288.052,0.425,26182544,0
G6B,adaptive,Nayuki,5,15,2.4080,126.536,0.242,17984216,0
G6B,adaptive,Nayuki,5,16,2.7611,11.000,0.066,2724720,41424
G6B,adaptive,Nayuki,5,17,2.3673,133.306,0.399,16649256,260184
G6B,adaptive,Nayuki,5,18,2.6364,237.021,0.434,24070680,0
G6B,adaptive,Nayuki,5,19,2.4913,121.996,0.281,16350216,0
G6B,adaptive,Nayuki,5,20,2.5250,199.579,0.381,19889896,0
G6B,adaptive,Nayuki,5,21,2.4024,185.405,0.527,21519480,663976
G6B,adaptive,Nayuki,5,22,2.5723,145.189,0.333,19124352,0
G6B,adaptive,Nayuki,5,23,2.4970,177.741,0.377,21612464,0
G6B,adaptive,Nayuki,5,24,2.4483,71.860,0.193,10740736,108096
G6B,adaptive,Nayuki,5,25,2.5070,138.708,0.437,15904400,662048
G6B,adaptive,Nayuki,5,26,2.4052,188.835,0.254,18673056,0
G6B,adaptive,Nayuki,5,27,2.6408,8.705,0.082,2297568,41528
G6B,adaptive,Nayuki,5,28,2.4599,366.262,0.510,29289064,159168
G6B,adaptive,Nayuki,5,29,2.6752,131.873,0.256,19538488,0
G6B,adaptive,Nayuki,5,30,2.4550,35.985,0.138,7403056,81072
G6B,adaptive,Nayuki,5,31,2.6996,60.919,0.197,11844312,0
G6B,adaptive,Nayuki,5,32,2.5338,152.833,0.254,15678976,0
G6B,adaptive,Nayuki,5,33,2.7397,2.942,0.037,1088776,0
G6B,adaptive,Nayuki,5,34,2.3840,239.967,0.401,23202272,717816
G6B,adaptive,Nayuki,5,35,2.3333,168.827,0.219,19115184,0
G6B,adaptive,Nayuki,5,36,2.4843,232.497,0.411,24287792,0
G6B,adaptive,Nayuki,5,37,2.5537,235.818,0.410,24278704,660040
G6B,adaptive,Nayuki,5,38,2.4632,332.819,0.408,26181632,0
G7B,static,BigDecimal,1,1,3.0328,1227.680,5.974,13811944,9439232
G7B,static,BigDecimal,1,2,2.6764,854.129,3.682,92912352,8388608
G7B,static,BigDecimal,1,3,2.4773,1634.656,8.714,1783648,12582912
G7B,static,BigDecimal,1,4,2.4484,1175.731,5.196,38269408,-114211008
G7B,static,BigDecimal,1,5,2.4713,2246.392,8.244,59577408,13633536
G7B,static,BigDecimal,1,6,2.5274,1363.084,5.098,16446792,10485760
G7B,static,BigDecimal,1,7,2.4561,909.388,4.116,82366120,8388608
G7B,static,BigDecimal,1,8,2.5449,1673.557,6.420,65017928,12582912
G7B,static,BigDecimal,1,9,2.4479,1325.112,4.598,64808008,9439232
G7B,static,BigDecimal,1,10,2.4366,1487.435,5.691,23813776,-19329336
G7B,static,BigDecimal,1,11,2.5061,1316.458,4.992,32474792,9986728
G7B,static,BigDecimal,1,12,2.4485,1059.488,4.535,32413016,9439232
G7B,static,BigDecimal,1,13,2.6667,1578.061,7.521,176685840,11532288
G7B,static,BigDecimal,1,14,2.3144,1807.911,5.766,167302832,12582912
G7B,static,BigDecimal,1,15,2.4849,1058.337,4.218,61280072,9439232
G7B,static,BigDecimal,1,16,2.5664,82.220,0.340,14569608,0
G7B,static,BigDecimal,1,17,2.3946,1058.755,4.006,178717152,8388608
G7B,static,BigDecimal,1,18,2.6818,1683.559,6.998,166229624,12582912
G7B,static,BigDecimal,1,19,2.4048,1036.861,4.779,17429632,8388608
G7B,static,BigDecimal,1,20,2.4688,1333.002,6.531,14284320,-81688120
G7B,static,BigDecimal,1,21,2.3303,1455.287,5.550,9782216,10485760
G7B,static,BigDecimal,1,22,2.5048,1279.276,7.516,83533888,-20884384
G7B,static,BigDecimal,1,23,2.4758,1445.281,6.501,5165088,-20814520
G7B,static,BigDecimal,1,24,2.3707,562.905,2.476,812840,5244928
G7B,static,BigDecimal,1,25,2.4366,930.068,4.564,90894360,7337984
G7B,static,BigDecimal,1,26,2.5033,1117.896,5.976,66851808,-133072392
G7B,static,BigDecimal,1,27,2.5534,75.575,0.297,18191112,1132328
G7B,static,BigDecimal,1,28,2.4651,2191.005,8.082,266467920,13629440
G7B,static,BigDecimal,1,29,2.6881,1263.216,5.218,151961680,10485760
G7B,static,BigDecimal,1,30,2.4603,309.915,3.113,41553832,-23480360
G7B,static,BigDecimal,1,31,2.5556,604.343,3.471,4908112,6291456
G7B,static,BigDecimal,1,32,2.4840,902.415,4.983,58741248,8388608
G7B,static,BigDecimal,1,33,2.5753,26.558,0.199,9435656,0
G7B,static,BigDecimal,1,34,2.3582,1589.371,6.064,20744024,10942160
G7B,static,BigDecimal,1,35,2.3846,1158.573,4.512,289408,8388608
G7B,static,BigDecimal,1,36,2.4672,1585.121,6.020,12201376,10485760
G7B,static,BigDecimal,1,37,2.5282,1706.670,6.138,15427664,11532288
G7B,static,BigDecimal,1,38,2.4441,1849.055,7.626,13571368,12582912
G7B,static,BigDecimal,2,1,3.0328,1212.377,6.564,13433576,9439232
G7B,static,BigDecimal,2,2,2.6764,845.156,4.242,102704760,8388608
G7B,static,BigDecimal,2,3,2.4773,1662.641,6.826,125167272,12582912
G7B,static,BigDecimal,2,4,2.4484,1369.426,6.219,19615544,6102456
G7B,static,BigDecimal,2,5,2.4713,2404.216,9.522,33167144,13633536
G7B,static,BigDecimal,2,6,2.5274,1356.056,5.293,161213616,10485760
G7B,static,BigDecimal,2,7,2.4561,934.118,6.997,42516232,-21446320
G7B,static,BigDecimal,2,8,2.5449,1733.161,7.542,37359616,11532288
G7B,static,BigDecimal,2,9,2.4479,1336.048,4.878,102587248,10485760
G7B,static,BigDecimal,2,10,2.4366,1479.776,6.189,44700936,10485760
G7B,static,BigDecimal,2,11,2.5061,1329.264,5.808,21631896,9435136
G7B,static,BigDecimal,2,12,2.4485,1083.246,5.443,81064200,-128879712
G7B,static,BigDecimal,2,13,2.6667,1517.802,7.819,45747264,12582912
G7B,static,BigDecimal,2,14,2.3144,1864.095,9.961,12287184,-77495104
G7B,static,BigDecimal,2,15,2.4849,1076.155,4.218,113341416,9439232
G7B,static,BigDecimal,2,16,2.5664,83.374,0.368,16386296,0
G7B,static,BigDecimal,2,17,2.3946,1029.876,3.986,10595424,8388608
G7B,static,BigDecimal,2,18,2.6818,1643.039,7.102,71884128,12582912
G7B,static,BigDecimal,2,19,2.4048,1008.416,4.228,109994616,8388608
G7B,static,BigDecimal,2,20,2.4688,1333.690,4.981,12533976,9435136
G7B,static,BigDecimal,2,21,2.3303,1400.789,4.808,1779392,10485760
G7B,static,BigDecimal,2,22,2.5048,1335.915,5.352,77337528,9435136
G7B,static,BigDecimal,2,23,2.4758,1564.518,5.381,17617840,9439232
G7B,static,BigDecimal,2,24,2.3707,604.715,3.271,39165288,5244928
G7B,static,BigDecimal,2,25,2.4366,1016.822,4.408,147785208,7337984
G7B,static,BigDecimal,2,26,2.5033,1210.556,5.481,87452584,10485760
G7B,static,BigDecimal,2,27,2.5534,82.416,0.396,18263104,1139480
G7B,static,BigDecimal,2,28,2.4651,2297.103,7.625,126331720,13629440
G7B,static,BigDecimal,2,29,2.6881,1160.546,5.406,61269232,9435136
G7B,static,BigDecimal,2,30,2.4603,295.886,1.948,39676872,4194352
G7B,static,BigDecimal,2,31,2.5556,589.325,3.026,51249568,6291456
G7B,static,BigDecimal,2,32,2.4840,868.994,4.448,59253200,8388608
G7B,static,BigDecimal,2,33,2.5753,24.594,0.180,1014840,334360
G7B,static,BigDecimal,2,34,2.3582,1416.458,6.419,3575160,10485760
G7B,static,BigDecimal,2,35,2.3846,1069.527,4.545,73044552,8388608
G7B,static,BigDecimal,2,36,2.4672,1581.146,5.896,6998760,10485760
G7B,static,BigDecimal,2,37,2.5282,1662.005,7.556,13247120,-20107888
G7B,static,BigDecimal,2,38,2.4441,1819.956,8.608,28145808,12582912
G7B,static,BigDecimal,3,1,3.0328,1193.251,6.126,165093856,10028296
G7B,static,BigDecimal,3,2,2.6764,854.102,4.517,34219664,8388608
G7B,static,BigDecimal,3,3,2.4773,1604.957,7.677,3796848,12582912
G7B,static,BigDecimal,3,4,2.4484,1140.172,4.435,153661688,9435136
G7B,static,BigDecimal,3,5,2.4713,2242.427,7.651,3915168,13633536
G7B,static,BigDecimal,3,6,2.5274,1336.398,4.824,57005192,10485760
G7B,static,BigDecimal,3,7,2.4561,911.854,4.523,42513800,9439232
G7B,static,BigDecimal,3,8,2.5449,1627.923,7.599,33161536,11532288
G7B,static,BigDecimal,3,9,2.4479,1343.037,6.404,4845792,-22509136
G7B,static,BigDecimal,3,10,2.4366,1481.244,5.826,55177960,10485760
G7B,static,BigDecimal,3,11,2.5061,1317.860,5.573,112459512,10485760
G7B,static,BigDecimal,3,12,2.4485,1090.119,5.009,18899440,9439232
G7B,static,BigDecimal,3,13,2.6667,1548.694,6.203,167310176,11532288
G7B,static,BigDecimal,3,14,2.3144,1859.401,6.407,38748720,12582912
G7B,static,BigDecimal,3,15,2.4849,1022.229,4.950,78580240,8388608
G7B,static,BigDecimal,3,16,2.5664,83.029,0.453,14533640,0
G7B,static,BigDecimal,3,17,2.3946,1067.366,4.643,17476912,7342080
G7B,static,BigDecimal,3,18,2.6818,1727.284,9.651,10468968,12582912
G7B,static,BigDecimal,3,19,2.4048,999.893,4.518,103933344,8388608
G7B,static,BigDecimal,3,20,2.4688,1328.034,5.232,1507448,9438664
G7B,static,BigDecimal,3,21,2.3303,1441.261,5.236,47833032,9435136
G7B,static,BigDecimal,3,22,2.5048,1215.419,4.764,180753408,9435136
G7B,static,BigDecimal,3,23,2.4758,1452.666,4.905,13242488,9439232
G7B,static,BigDecimal,3,24,2.3707,537.500,4.955,39351792,5244928
G7B,static,BigDecimal,3,25,2.4366,920.522,4.656,66938056,1520736
G7B,static,BigDecimal,3,26,2.5033,1118.241,5.398,54400008,10485760
G7B,static,BigDecimal,3,27,2.5534,67.000,0.278,8294368,1050624
G7B,static,BigDecimal,3,28,2.4651,2226.653,10.218,26966768,-9656688
G7B,static,BigDecimal,3,29,2.6881,1180.507,5.049,138034088,10485760
G7B,static,BigDecimal,3,30,2.4603,305.709,2.986,41256552,-1427856
G7B,static,BigDecimal,3,31,2.5556,610.671,4.666,17582832,6291456
G7B,static,BigDecimal,3,32,2.4840,915.209,5.122,101900344,8388608
G7B,static,BigDecimal,3,33,2.5753,28.261,0.259,9426808,207912
G7B,static,BigDecimal,3,34,2.3582,1587.452,6.369,80701784,7020568
G7B,static,BigDecimal,3,35,2.3846,1190.458,5.152,27527344,9435136
G7B,static,BigDecimal,3,36,2.4672,1656.871,8.533,26158160,10485760
G7B,static,BigDecimal,3,37,2.5282,1683.077,7.126,7027688,-18362984
G7B,static,BigDecimal,3,38,2.4441,1886.364,6.719,9102616,12582912
G7B,static,BigDecimal,4,1,3.0328,1209.104,6.221,87160264,-164532208
G7B,static,BigDecimal,4,2,2.6764,868.362,3.749,53078896,8388608
G7B,static,BigDecimal,4,3,2.4773,1667.329,9.386,77205912,11536384
G7B,static,BigDecimal,4,4,2.4484,1160.577,5.503,84761592,9435136
G7B,static,BigDecimal,4,5,2.4713,2241.971,7.691,26878992,13633536
G7B,static,BigDecimal,4,6,2.5274,1358.148,5.774,159120560,9439232
G7B,static,BigDecimal,4,7,2.4561,937.747,3.995,46793096,9439232
G7B,static,BigDecimal,4,8,2.5449,1678.837,7.282,33161040,11532288
G7B,static,BigDecimal,4,9,2.4479,1332.682,5.638,134490624,9435136
G7B,static,BigDecimal,4,10,2.4366,1465.148,6.376,26167808,10485760
G7B,static,BigDecimal,4,11,2.5061,1309.529,5.664,27914520,9435136
G7B,static,BigDecimal,4,12,2.4485,1081.511,7.967,80525288,-156378288
G7B,static,BigDecimal,4,13,2.6667,1529.242,7.274,12277432,-77494024
G7B,static,BigDecimal,4,14,2.3144,1815.821,8.715,29711936,-16688896
G7B,static,BigDecimal,4,15,2.4849,1037.401,4.434,38212216,9439232
G7B,static,BigDecimal,4,16,2.5664,84.614,0.352,12402864,0
G7B,static,BigDecimal,4,17,2.3946,1100.927,4.682,46882224,8388608
G7B,static,BigDecimal,4,18,2.6818,1703.584,9.164,25826248,12582912
G7B,static,BigDecimal,4,19,2.4048,1003.861,4.391,50255184,8388608
G7B,static,BigDecimal,4,20,2.4688,1322.890,5.968,80146056,8388608
G7B,static,BigDecimal,4,21,2.3303,1428.976,5.119,7766648,9435136
G7B,static,BigDecimal,4,22,2.5048,1217.344,5.085,77302560,9435136
G7B,static,BigDecimal,4,23,2.4758,1421.128,6.350,19728192,9439232
G7B,static,BigDecimal,4,24,2.3707,546.703,2.902,37536648,5244928
G7B,static,BigDecimal,4,25,2.4366,918.621,3.936,159653744,7337984
G7B,static,BigDecimal,4,26,2.5033,1103.729,5.321,4547496,-74352984
G7B,static,BigDecimal,4,27,2.5534,68.639,0.344,9312096,1050624
G7B,static,BigDecimal,4,28,2.4651,2202.023,7.810,186283344,13629440
G7B,static,BigDecimal,4,29,2.6881,1226.131,4.920,23731968,10485760
G7B,static,BigDecimal,4,30,2.4603,319.878,2.674,38774304,4194256
G7B,static,BigDecimal,4,31,2.5556,593.818,4.019,15420752,-21135704
G7B,static,BigDecimal,4,32,2.4840,894.636,4.060,42355208,8388608
G7B,static,BigDecimal,4,33,2.5753,32.716,0.183,1011176,334592
G7B,static,BigDecimal,4,34,2.3582,1560.638,6.071,26663856,10485760
G7B,static,BigDecimal,4,35,2.3846,1148.387,4.543,15054904,9111576
G7B,static,BigDecimal,4,36,2.4672,1586.797,5.524,20596280,11536384
G7B,static,BigDecimal,4,37,2.5282,1673.314,6.989,3285368,11532288
G7B,static,BigDecimal,4,38,2.4441,1783.632,7.275,9018520,12582912
G7B,static,BigDecimal,5,1,3.0328,1197.937,6.447,11628888,10030072
G7B,static,BigDecimal,5,2,2.6764,855.896,3.734,48769512,8388608
G7B,static,BigDecimal,5,3,2.4773,1645.706,6.450,24855360,-79590504
G7B,static,BigDecimal,5,4,2.4484,1086.250,5.488,6309152,8388608
G7B,static,BigDecimal,5,5,2.4713,2156.657,8.764,14292192,-76455240
G7B,static,BigDecimal,5,6,2.5274,1161.857,4.660,174638264,9439232
G7B,static,BigDecimal,5,7,2.4561,778.044,3.816,15320168,9439232
G7B,static,BigDecimal,5,8,2.5449,1477.655,6.295,45760024,11532288
G7B,static,BigDecimal,5,9,2.4479,1146.120,4.720,91061344,10485760
G7B,static,BigDecimal,5,10,2.4366,1282.359,5.260,28315936,10942656
G7B,static,BigDecimal,5,11,2.5061,1191.054,5.238,26977864,9654816
G7B,static,BigDecimal,5,12,2.4485,893.126,4.282,38716184,9439232
G7B,static,BigDecimal,5,13,2.6667,1381.077,5.750,49861832,11534336
G7B,static,BigDecimal,5,14,2.3144,1616.860,8.463,30274824,-77502680
G7B,static,BigDecimal,5,15,2.4849,894.458,3.927,53059000,9439232
G7B,static,BigDecimal,5,16,2.5664,72.827,0.333,12345632,0
G7B,static,BigDecimal,5,17,2.3946,911.212,4.057,44781480,8388608
G7B,static,BigDecimal,5,18,2.6818,1479.896,6.272,34301760,12582912
G7B,static,BigDecimal,5,19,2.4048,857.143,3.847,98080744,8388608
G7B,static,BigDecimal,5,20,2.4688,1134.132,4.356,5969880,9435136
G7B,static,BigDecimal,5,21,2.3303,1231.967,4.821,52008496,9435136
G7B,static,BigDecimal,5,22,2.5048,1052.725,4.594,73071360,9435136
G7B,static,BigDecimal,5,23,2.4758,1238.260,5.801,25794432,-22055456
G7B,static,BigDecimal,5,24,2.3707,523.705,2.847,47036312,5244928
G7B,static,BigDecimal,5,25,2.4366,826.826,3.576,38934104,7337984
G7B,static,BigDecimal,5,26,2.5033,1055.909,4.558,27010432,9439232
G7B,static,BigDecimal,5,27,2.5534,68.406,0.329,9458872,1050624
G7B,static,BigDecimal,5,28,2.4651,2098.151,9.090,251394472,13629440
G7B,static,BigDecimal,5,29,2.6881,1122.486,4.697,12206016,10485760
G7B,static,BigDecimal,5,30,2.4603,255.211,2.440,34846272,4194248
G7B,static,BigDecimal,5,31,2.5556,470.753,2.830,100712,6291456
G7B,static,BigDecimal,5,32,2.4840,755.236,4.978,27674192,9439232
G7B,static,BigDecimal,5,33,2.5753,24.914,0.178,9433024,333920
G7B,static,BigDecimal,5,34,2.3582,1363.729,5.060,20463064,10485760
G7B,static,BigDecimal,5,35,2.3846,1050.211,4.739,12647488,9366032
G7B,static,BigDecimal,5,36,2.4672,1447.524,6.239,4600432,11536384
G7B,static,BigDecimal,5,37,2.5282,1438.317,7.902,25835568,-78549712
G7B,static,BigDecimal,5,38,2.4441,1788.645,6.720,13563104,12583096
G7B,static,Nayuki,1,1,3.0426,872.021,0.221,78381968,0
G7B,static,Nayuki,1,2,2.6764,635.243,0.168,63284608,0
G7B,static,Nayuki,1,3,2.4773,1132.903,0.320,106581720,0
G7B,static,Nayuki,1,4,2.4516,959.869,0.233,78845528,0
G7B,static,Nayuki,1,5,2.4738,1913.185,0.439,129611192,0
G7B,static,Nayuki,1,6,2.5366,1098.513,0.289,86677000,0
G7B,static,Nayuki,1,7,2.4702,773.087,0.254,67838568,0
G7B,static,Nayuki,1,8,2.5618,1337.583,0.489,105404816,0
G7B,static,Nayuki,1,9,2.4540,1147.057,0.390,89293504,0
G7B,static,Nayuki,1,10,2.4307,1264.389,0.300,93296752,292040
G7B,static,Nayuki,1,11,2.5031,1138.496,0.371,86988112,0
G7B,static,Nayuki,1,12,2.4718,920.605,0.224,72004456,0
G7B,static,Nayuki,1,13,2.6667,1266.765,0.291,95044560,208904
G7B,static,Nayuki,1,14,2.3198,1593.544,0.370,116558320,292328
G7B,static,Nayuki,1,15,2.4883,908.324,0.197,70698168,0
G7B,static,Nayuki,1,16,2.5487,67.169,0.056,11187016,83456
G7B,static,Nayuki,1,17,2.3946,880.591,0.220,72335992,0
G7B,static,Nayuki,1,18,2.6818,1376.067,0.327,105496960,0
G7B,static,Nayuki,1,19,2.4083,842.796,0.224,70721328,0
G7B,static,Nayuki,1,20,2.4750,1092.943,0.269,87054248,0
G7B,static,Nayuki,1,21,2.3303,1217.567,0.387,91773496,0
G7B,static,Nayuki,1,22,2.4952,988.869,0.247,81213120,0
G7B,static,Nayuki,1,23,2.4970,1168.084,0.292,93062752,0
G7B,static,Nayuki,1,24,2.3793,449.825,0.149,43920792,0
G7B,static,Nayuki,1,25,2.4507,798.445,0.205,66614248,0
G7B,static,Nayuki,1,26,2.5098,976.736,0.223,75538216,0
G7B,static,Nayuki,1,27,2.5631,68.841,0.051,8515952,83496
G7B,static,Nayuki,1,28,2.4806,1900.108,0.385,126204152,0
G7B,static,Nayuki,1,29,2.7010,964.079,0.222,76586928,0
G7B,static,Nayuki,1,30,2.4550,266.182,0.106,30041568,0
G7B,static,Nayuki,1,31,2.5679,511.473,0.153,47040576,82776
G7B,static,Nayuki,1,32,2.5053,819.586,0.236,68008864,0
G7B,static,Nayuki,1,33,2.6301,25.400,0.032,4270424,83136
G7B,static,Nayuki,1,34,2.3610,1273.360,0.312,103133712,1046528
G7B,static,Nayuki,1,35,2.3846,986.879,0.219,77130536,0
G7B,static,Nayuki,1,36,2.4843,1360.029,0.438,105496320,0
G7B,static,Nayuki,1,37,2.5311,1426.259,0.349,107627168,1050624
G7B,static,Nayuki,1,38,2.4632,1581.790,0.350,113761712,0
G7B,static,Nayuki,2,1,3.0426,1035.974,0.274,82737384,0
G7B,static,Nayuki,2,2,2.6764,735.978,0.165,62965368,250416
G7B,static,Nayuki,2,3,2.4773,1393.696,0.453,107620032,0
G7B,static,Nayuki,2,4,2.4516,1015.189,0.231,77928968,292632
G7B,static,Nayuki,2,5,2.4738,1974.208,0.412,127552160,0
G7B,static,Nayuki,2,6,2.5366,1144.717,0.260,86824864,167208
G7B,static,Nayuki,2,7,2.4702,799.967,0.211,67454464,0
G7B,static,Nayuki,2,8,2.5618,1439.140,0.417,103325888,0
G7B,static,Nayuki,2,9,2.4540,1085.777,0.253,86503240,292376
G7B,static,Nayuki,2,10,2.4307,1269.088,0.276,93754792,0
G7B,static,Nayuki,2,11,2.5031,1114.648,0.369,86826896,208712
G7B,static,Nayuki,2,12,2.4718,933.969,0.253,73717592,0
G7B,static,Nayuki,2,13,2.6667,1292.939,0.296,96050112,250680
G7B,static,Nayuki,2,14,2.3198,1613.976,0.340,118975152,0
G7B,static,Nayuki,2,15,2.4883,900.414,0.232,74421664,0
G7B,static,Nayuki,2,16,2.5487,69.060,0.063,11432976,83440
G7B,static,Nayuki,2,17,2.3946,861.998,0.349,72357848,372000
G7B,static,Nayuki,2,18,2.6818,1383.258,0.337,103123376,0
G7B,static,Nayuki,2,19,2.4083,874.316,0.212,71326400,0
G7B,static,Nayuki,2,20,2.4750,1087.233,0.366,83051544,208688
G7B,static,Nayuki,2,21,2.3303,1213.939,0.285,91479248,208976
G7B,static,Nayuki,2,22,2.4952,980.654,0.271,81602160,788296
G7B,static,Nayuki,2,23,2.4970,1188.069,0.383,90389496,209648
G7B,static,Nayuki,2,24,2.3793,461.563,0.152,45034992,83328
G7B,static,Nayuki,2,25,2.4507,821.181,0.202,67071912,0
G7B,static,Nayuki,2,26,2.5098,945.895,0.299,74448056,0
G7B,static,Nayuki,2,27,2.5631,58.242,0.050,8516248,83464
G7B,static,Nayuki,2,28,2.4806,1826.944,0.428,126962272,0
G7B,static,Nayuki,2,29,2.7010,969.771,0.225,77928352,0
G7B,static,Nayuki,2,30,2.4550,253.623,0.179,30503576,0
G7B,static,Nayuki,2,31,2.5679,526.126,0.157,47846992,82928
G7B,static,Nayuki,2,32,2.5053,766.457,0.244,66374048,0
G7B,static,Nayuki,2,33,2.6301,25.544,0.031,4198192,83096
G7B,static,Nayuki,2,34,2.3610,1255.808,0.321,103131640,1046528
G7B,static,Nayuki,2,35,2.3846,1022.893,0.193,80641200,0
G7B,static,Nayuki,2,36,2.4843,1329.217,0.324,104708624,250728
G7B,static,Nayuki,2,37,2.5311,1368.320,0.371,107342792,252888
G7B,static,Nayuki,2,38,2.4632,1550.473,0.367,113911672,0
G7B,static,Nayuki,3,1,3.0426,987.317,0.303,81719808,250368
G7B,static,Nayuki,3,2,2.6764,725.106,0.191,62716792,0
G7B,static,Nayuki,3,3,2.4773,1449.658,0.335,107566008,0
G7B,static,Nayuki,3,4,2.4516,1035.038,0.231,80611656,0
G7B,static,Nayuki,3,5,2.4738,1987.921,0.599,129649624,0
G7B,static,Nayuki,3,6,2.5366,1175.006,0.304,89517456,250584
G7B,static,Nayuki,3,7,2.4702,803.066,0.218,66773824,0
G7B,static,Nayuki,3,8,2.5618,1473.129,0.308,104428408,0
G7B,static,Nayuki,3,9,2.4540,1181.523,0.404,87975216,168464
G7B,static,Nayuki,3,10,2.4307,1228.542,0.277,93323168,0
G7B,static,Nayuki,3,11,2.5031,1125.080,0.261,86863080,209000
G7B,static,Nayuki,3,12,2.4718,935.045,0.348,74528272,0
G7B,static,Nayuki,3,13,2.6667,1307.889,0.294,94959064,0
G7B,static,Nayuki,3,14,2.3198,1574.593,0.408,112418704,292384
G7B,static,Nayuki,3,15,2.4883,895.532,0.228,73223232,0
G7B,static,Nayuki,3,16,2.5487,79.945,0.060,10651520,83560
G7B,static,Nayuki,3,17,2.3946,880.931,0.224,71867568,234312
G7B,static,Nayuki,3,18,2.6818,1378.388,0.343,104445744,0
G7B,static,Nayuki,3,19,2.4083,904.617,0.267,72981672,0
G7B,static,Nayuki,3,20,2.4750,1089.160,0.314,85267248,0
G7B,static,Nayuki,3,21,2.3303,1206.376,0.300,93414712,167056
G7B,static,Nayuki,3,22,2.4952,988.845,0.253,82616448,0
G7B,static,Nayuki,3,23,2.4970,1197.549,0.498,92324704,0
G7B,static,Nayuki,3,24,2.3793,473.439,0.146,43009504,83608
G7B,static,Nayuki,3,25,2.4507,788.260,0.236,66303184,580504
G7B,static,Nayuki,3,26,2.5098,979.624,0.207,74448552,0
G7B,static,Nayuki,3,27,2.5631,55.860,0.046,8516568,83448
G7B,static,Nayuki,3,28,2.4806,1899.605,0.407,127241080,0
G7B,static,Nayuki,3,29,2.7010,987.017,0.221,77927600,0
G7B,static,Nayuki,3,30,2.4550,279.906,0.170,30522464,0
G7B,static,Nayuki,3,31,2.5679,516.926,0.192,46800600,82832
G7B,static,Nayuki,3,32,2.5053,818.915,0.307,67649720,0
G7B,static,Nayuki,3,33,2.6301,28.585,0.044,4365296,83064
G7B,static,Nayuki,3,34,2.3610,1285.038,0.315,104177728,1046528
G7B,static,Nayuki,3,35,2.3846,1019.279,0.214,79884232,2048
G7B,static,Nayuki,3,36,2.4843,1368.907,0.316,103342688,0
G7B,static,Nayuki,3,37,2.5311,1381.869,0.337,108910768,1050624
G7B,static,Nayuki,3,38,2.4632,1552.251,0.336,113825008,0
G7B,static,Nayuki,4,1,3.0426,1005.827,0.335,80525800,416712
G7B,static,Nayuki,4,2,2.6764,727.622,0.174,62169208,0
G7B,static,Nayuki,4,3,2.4773,1411.949,0.419,106540648,0
G7B,static,Nayuki,4,4,2.4516,986.049,0.224,81832424,0
G7B,static,Nayuki,4,5,2.4738,1965.656,0.398,128321392,0
G7B,static,Nayuki,4,6,2.5366,1132.754,0.351,89346152,0
G7B,static,Nayuki,4,7,2.4702,816.751,0.219,66813344,0
G7B,static,Nayuki,4,8,2.5618,1419.259,0.318,104445064,0
G7B,static,Nayuki,4,9,2.4540,1206.872,0.287,88270744,0
G7B,static,Nayuki,4,10,2.4307,1262.966,0.288,94152752,250472
G7B,static,Nayuki,4,11,2.5031,1127.628,0.262,86239328,0
G7B,static,Nayuki,4,12,2.4718,932.250,0.236,73988976,0
G7B,static,Nayuki,4,13,2.6667,1281.016,0.430,95002120,250768
G7B,static,Nayuki,4,14,2.3198,1623.051,0.336,114490536,0
G7B,static,Nayuki,4,15,2.4883,907.541,0.197,72470616,0
G7B,static,Nayuki,4,16,2.5487,65.051,0.077,11366320,83504
G7B,static,Nayuki,4,17,2.3946,884.401,0.231,72350320,374544
G7B,static,Nayuki,4,18,2.6818,1351.107,0.470,103399752,0
G7B,static,Nayuki,4,19,2.4083,933.320,0.217,70180192,0
G7B,static,Nayuki,4,20,2.4750,1087.603,0.352,87336448,0
G7B,static,Nayuki,4,21,2.3303,1216.617,0.392,94254544,0
G7B,static,Nayuki,4,22,2.4952,1008.039,0.260,83495592,0
G7B,static,Nayuki,4,23,2.4970,1223.140,0.309,95438008,0
G7B,static,Nayuki,4,24,2.3793,366.565,0.147,43955544,0
G7B,static,Nayuki,4,25,2.4507,616.367,0.215,67076696,541152
G7B,static,Nayuki,4,26,2.5098,790.091,0.202,73332224,0
G7B,static,Nayuki,4,27,2.5631,51.503,0.043,8477320,83016
G7B,static,Nayuki,4,28,2.4806,1520.735,0.472,128296464,0
G7B,static,Nayuki,4,29,2.7010,752.106,0.223,77636848,0
G7B,static,Nayuki,4,30,2.4550,219.438,0.103,30077512,0
G7B,static,Nayuki,4,31,2.5679,377.775,0.161,46605560,124152
G7B,static,Nayuki,4,32,2.5053,586.535,0.244,70102352,0
G7B,static,Nayuki,4,33,2.6301,25.060,0.030,4448312,0
G7B,static,Nayuki,4,34,2.3610,1002.438,0.301,103127080,1046528
G7B,static,Nayuki,4,35,2.3846,745.710,0.311,80415656,0
G7B,static,Nayuki,4,36,2.4843,1110.655,0.310,106527920,0
G7B,static,Nayuki,4,37,2.5311,1125.444,0.390,108612688,1050624
G7B,static,Nayuki,4,38,2.4632,1280.186,0.347,116995712,0
G7B,static,Nayuki,5,1,3.0426,746.503,0.221,79072440,250576
G7B,static,Nayuki,5,2,2.6764,529.227,0.166,61696336,0
G7B,static,Nayuki,5,3,2.4773,1133.436,0.319,107535112,0
G7B,static,Nayuki,5,4,2.4516,759.860,0.225,78845616,0
G7B,static,Nayuki,5,5,2.4738,1635.331,0.393,128562616,0
G7B,static,Nayuki,5,6,2.5366,912.649,0.264,90012360,250680
G7B,static,Nayuki,5,7,2.4702,604.394,0.212,67035848,0
G7B,static,Nayuki,5,8,2.5618,1127.165,0.378,105444528,0
G7B,static,Nayuki,5,9,2.4540,909.997,0.262,89006088,0
G7B,static,Nayuki,5,10,2.4307,975.429,0.265,93303336,0
G7B,static,Nayuki,5,11,2.5031,847.846,0.257,84766208,209040
G7B,static,Nayuki,5,12,2.4718,678.753,0.219,73806824,0
G7B,static,Nayuki,5,13,2.6667,989.572,0.285,95044328,208912
G7B,static,Nayuki,5,14,2.3198,1310.590,0.333,118081552,0
G7B,static,Nayuki,5,15,2.4883,678.366,0.181,70255728,0
G7B,static,Nayuki,5,16,2.5487,62.980,0.053,10222072,0
G7B,static,Nayuki,5,17,2.3946,636.682,0.205,73428656,0
G7B,static,Nayuki,5,18,2.6818,1074.139,0.430,104447552,0
G7B,static,Nayuki,5,19,2.4083,688.186,0.214,71879448,0
G7B,static,Nayuki,5,20,2.4750,867.653,0.267,83170912,0
G7B,static,Nayuki,5,21,2.3303,932.572,0.260,93664240,0
G7B,static,Nayuki,5,22,2.4952,762.657,0.413,79146840,0
G7B,static,Nayuki,5,23,2.4970,937.073,0.286,93334608,0
G7B,static,Nayuki,5,24,2.3793,328.035,0.143,42757896,83008
G7B,static,Nayuki,5,25,2.4507,597.735,0.198,67331728,0
G7B,static,Nayuki,5,26,2.5098,733.989,0.208,77541800,0
G7B,static,Nayuki,5,27,2.5631,63.781,0.046,9193696,83416
G7B,static,Nayuki,5,28,2.4806,1489.481,0.378,129114320,0
G7B,static,Nayuki,5,29,2.7010,743.360,0.222,77498864,417424
G7B,static,Nayuki,5,30,2.4550,197.378,0.104,30040216,0
G7B,static,Nayuki,5,31,2.5679,386.013,0.152,46605736,124048
G7B,static,Nayuki,5,32,2.5053,584.978,0.204,67076176,0
G7B,static,Nayuki,5,33,2.6301,22.016,0.029,4445720,0
G7B,static,Nayuki,5,34,2.3610,1058.241,0.307,104474904,1046528
G7B,static,Nayuki,5,35,2.3846,730.341,0.303,77172456,0
G7B,static,Nayuki,5,36,2.4843,1103.317,0.319,104483344,0
G7B,static,Nayuki,5,37,2.5311,1147.314,0.350,108349760,1050624
G7B,static,Nayuki,5,38,2.4632,1264.035,0.356,116982472,0
G7B,semi-adaptive,BigDecimal,1,1,2.3180,1109.923,4.539,-47189544,9435136
G7B,semi-adaptive,BigDecimal,1,2,2.2000,765.453,12.174,-37849624,1829904
G7B,semi-adaptive,BigDecimal,1,3,2.2131,1628.650,12.556,-95103544,-68740984
G7B,semi-adaptive,BigDecimal,1,4,2.0323,1129.688,3.921,5914712,7342080
G7B,semi-adaptive,BigDecimal,1,5,2.1072,2350.818,12.715,-112167208,3715432
G7B,semi-adaptive,BigDecimal,1,6,2.1037,1292.341,4.210,-71506984,8388608
G7B,semi-adaptive,BigDecimal,1,7,2.0912,907.855,3.525,62441960,6291456
G7B,semi-adaptive,BigDecimal,1,8,2.1236,1623.188,8.796,-65374080,7321432
G7B,semi-adaptive,BigDecimal,1,9,1.9969,1262.468,4.592,-86611616,8764400
G7B,semi-adaptive,BigDecimal,1,10,2.0147,1351.567,25.154,-30166160,9376200
G7B,semi-adaptive,BigDecimal,1,11,2.0491,1285.550,4.047,-84081352,8388608
G7B,semi-adaptive,BigDecimal,1,12,2.0997,969.998,3.394,-34830936,8388312
G7B,semi-adaptive,BigDecimal,1,13,2.1520,1474.887,4.521,-70182208,10068712
G7B,semi-adaptive,BigDecimal,1,14,1.9946,1800.941,5.388,-111013296,10485928
G7B,semi-adaptive,BigDecimal,1,15,2.0234,1002.994,3.136,-56121952,6291456
G7B,semi-adaptive,BigDecimal,1,16,2.0442,73.926,0.285,19226856,748872
G7B,semi-adaptive,BigDecimal,1,17,2.0272,1030.719,3.164,-59639512,6291456
G7B,semi-adaptive,BigDecimal,1,18,2.3665,1498.000,7.138,-17789568,10485760
G7B,semi-adaptive,BigDecimal,1,19,2.1522,985.892,3.879,-27748048,7342080
G7B,semi-adaptive,BigDecimal,1,20,2.0781,1282.781,5.113,-65390608,7342080
G7B,semi-adaptive,BigDecimal,1,21,2.0150,1381.311,4.812,-75369536,8388608
G7B,semi-adaptive,BigDecimal,1,22,2.0547,1158.804,3.939,-41258112,7337984
G7B,semi-adaptive,BigDecimal,1,23,2.0879,1331.581,6.890,-74143728,-81739088
G7B,semi-adaptive,BigDecimal,1,24,2.0259,500.343,2.458,37680784,4943864
G7B,semi-adaptive,BigDecimal,1,25,2.0880,905.922,3.660,-60148160,7342080
G7B,semi-adaptive,BigDecimal,1,26,2.0392,1088.042,4.312,-52066624,7337984
G7B,semi-adaptive,BigDecimal,1,27,1.7573,70.316,0.295,1302192,0
G7B,semi-adaptive,BigDecimal,1,28,2.1964,2029.530,14.817,-95824496,8303120
G7B,semi-adaptive,BigDecimal,1,29,2.1801,1132.039,3.851,-73777408,7624528
G7B,semi-adaptive,BigDecimal,1,30,1.9683,280.031,1.601,2615416,4194304
G7B,semi-adaptive,BigDecimal,1,31,2.0782,604.308,2.527,-13057744,5240832
G7B,semi-adaptive,BigDecimal,1,32,2.1637,898.670,3.672,38361712,6291456
G7B,semi-adaptive,BigDecimal,1,33,1.7260,30.542,0.144,1365048,0
G7B,semi-adaptive,BigDecimal,1,34,2.0487,1509.478,7.523,-78065168,8955968
G7B,semi-adaptive,BigDecimal,1,35,1.9199,1130.198,3.881,-54979064,7337984
G7B,semi-adaptive,BigDecimal,1,36,2.1567,1583.166,24.465,-78022296,-949520
G7B,semi-adaptive,BigDecimal,1,37,2.2712,1696.675,5.379,-16757224,10485880
G7B,semi-adaptive,BigDecimal,1,38,2.1281,1788.532,9.345,111124992,8553848
G7B,semi-adaptive,BigDecimal,2,1,2.3180,1137.241,8.555,-59659632,9195616
G7B,semi-adaptive,BigDecimal,2,2,2.2000,771.902,3.053,-56724504,6291456
G7B,semi-adaptive,BigDecimal,2,3,2.2131,1619.111,8.680,-84978632,2937040
G7B,semi-adaptive,BigDecimal,2,4,2.0323,1094.765,4.850,-68640792,7342080
G7B,semi-adaptive,BigDecimal,2,5,2.1072,2312.686,9.318,-57720072,11536384
G7B,semi-adaptive,BigDecimal,2,6,2.1037,1275.517,4.048,-83330288,8388352
G7B,semi-adaptive,BigDecimal,2,7,2.0912,888.765,3.395,-57482168,6291456
G7B,semi-adaptive,BigDecimal,2,8,2.1236,1583.346,6.679,-44016736,7516568
G7B,semi-adaptive,BigDecimal,2,9,1.9969,1268.417,4.201,-81768304,8388608
G7B,semi-adaptive,BigDecimal,2,10,2.0147,1404.109,3.923,-27256672,8388608
G7B,semi-adaptive,BigDecimal,2,11,2.0491,1307.630,4.709,-69608584,8388608
G7B,semi-adaptive,BigDecimal,2,12,2.0997,987.731,4.643,127445504,8388608
G7B,semi-adaptive,BigDecimal,2,13,2.1520,1442.501,9.714,-72720256,8839256
G7B,semi-adaptive,BigDecimal,2,14,1.9946,1825.533,5.876,-55127752,10485760
G7B,semi-adaptive,BigDecimal,2,15,2.0234,810.857,3.816,-16882672,7342080
G7B,semi-adaptive,BigDecimal,2,16,2.0442,74.170,0.293,9838064,332112
G7B,semi-adaptive,BigDecimal,2,17,2.0272,930.649,2.934,-4229224,6291528
G7B,semi-adaptive,BigDecimal,2,18,2.3665,1457.533,5.559,-86512088,11069232
G7B,semi-adaptive,BigDecimal,2,19,2.1522,944.025,4.125,-35860048,7342080
G7B,semi-adaptive,BigDecimal,2,20,2.0781,1254.959,3.991,-60478808,8013352
G7B,semi-adaptive,BigDecimal,2,21,2.0150,1359.384,19.270,-78428704,8255184
G7B,semi-adaptive,BigDecimal,2,22,2.0547,825.874,3.851,-56645176,7337984
G7B,semi-adaptive,BigDecimal,2,23,2.0879,1346.438,4.261,-72277536,8735016
G7B,semi-adaptive,BigDecimal,2,24,2.0259,497.559,2.684,17864928,4194208
G7B,semi-adaptive,BigDecimal,2,25,2.0880,888.902,3.250,-65099784,7342080
G7B,semi-adaptive,BigDecimal,2,26,2.0392,1088.616,3.763,-19743728,7134504
G7B,semi-adaptive,BigDecimal,2,27,1.7573,63.418,0.220,10500392,914736
G7B,semi-adaptive,BigDecimal,2,28,2.1964,2027.170,14.275,-116876704,-77046064
G7B,semi-adaptive,BigDecimal,2,29,2.1801,1129.672,3.727,-16301920,7543304
G7B,semi-adaptive,BigDecimal,2,30,1.9683,279.972,1.583,1662240,4194304
G7B,semi-adaptive,BigDecimal,2,31,2.0782,592.341,4.065,-34005696,-68097792
G7B,semi-adaptive,BigDecimal,2,32,2.1637,910.364,4.760,-34768224,6291456
G7B,semi-adaptive,BigDecimal,2,33,1.7260,31.602,0.139,-1376304,0
G7B,semi-adaptive,BigDecimal,2,34,2.0487,1523.333,5.658,-86070624,9388928
G7B,semi-adaptive,BigDecimal,2,35,1.9199,1101.266,3.997,-57889632,7337984
G7B,semi-adaptive,BigDecimal,2,36,2.1567,1534.568,25.973,-89234552,-1183216
G7B,semi-adaptive,BigDecimal,2,37,2.2712,1577.079,7.909,-97460736,7674240
G7B,semi-adaptive,BigDecimal,2,38,2.1281,1743.391,5.808,131256240,9435136
G7B,semi-adaptive,BigDecimal,3,1,2.3180,1145.353,4.289,-67170384,9435136
G7B,semi-adaptive,BigDecimal,3,2,2.2000,779.765,3.293,-40218976,7337984
G7B,semi-adaptive,BigDecimal,3,3,2.2131,1616.213,16.349,-78754976,2204544
G7B,semi-adaptive,BigDecimal,3,4,2.0323,1105.052,3.606,-42254840,7342080
G7B,semi-adaptive,BigDecimal,3,5,2.1072,2267.810,14.643,-118457104,-73852040
G7B,semi-adaptive,BigDecimal,3,6,2.1037,1306.092,3.836,-84173040,8388608
G7B,semi-adaptive,BigDecimal,3,7,2.0912,889.487,4.779,-18152288,6291456
G7B,semi-adaptive,BigDecimal,3,8,2.1236,1589.270,7.859,-38839280,4746072
G7B,semi-adaptive,BigDecimal,3,9,1.9969,1271.943,4.298,-84369144,8388720
G7B,semi-adaptive,BigDecimal,3,10,2.0147,1403.987,4.574,-79069336,8388536
G7B,semi-adaptive,BigDecimal,3,11,2.0491,1252.988,4.393,-61040128,8388608
G7B,semi-adaptive,BigDecimal,3,12,2.0997,962.238,8.248,-33043888,2237496
G7B,semi-adaptive,BigDecimal,3,13,2.1520,1434.757,12.390,-50890440,9108272
G7B,semi-adaptive,BigDecimal,3,14,1.9946,1812.656,5.005,-40177896,10108464
G7B,semi-adaptive,BigDecimal,3,15,2.0234,960.988,3.689,-65133224,6291456
G7B,semi-adaptive,BigDecimal,3,16,2.0442,66.364,0.363,18438656,332696
G7B,semi-adaptive,BigDecimal,3,17,2.0272,1016.763,4.015,-31249744,6291456
G7B,semi-adaptive,BigDecimal,3,18,2.3665,1683.926,16.977,-9459616,-56132240
G7B,semi-adaptive,BigDecimal,3,19,2.1522,954.167,4.906,-28776288,-82802608
G7B,semi-adaptive,BigDecimal,3,20,2.0781,1257.207,5.538,-70316368,7342080
G7B,semi-adaptive,BigDecimal,3,21,2.0150,1357.466,3.942,-78918048,9016888
G7B,semi-adaptive,BigDecimal,3,22,2.0547,1142.725,4.957,-56977464,7337984
G7B,semi-adaptive,BigDecimal,3,23,2.0879,1310.267,5.431,-57691680,8388608
G7B,semi-adaptive,BigDecimal,3,24,2.0259,508.510,2.089,71704040,4194304
G7B,semi-adaptive,BigDecimal,3,25,2.0880,889.037,3.500,-58594760,6291456
G7B,semi-adaptive,BigDecimal,3,26,2.0392,1099.582,3.471,80802152,7210336
G7B,semi-adaptive,BigDecimal,3,27,1.7573,56.098,0.282,13812216,707096
G7B,semi-adaptive,BigDecimal,3,28,2.1964,2059.764,7.943,-77416104,10485760
G7B,semi-adaptive,BigDecimal,3,29,2.1801,1132.908,4.009,-75481112,7760648
G7B,semi-adaptive,BigDecimal,3,30,1.9683,297.867,1.782,-12112080,4194304
G7B,semi-adaptive,BigDecimal,3,31,2.0782,591.489,2.912,-27902928,5240832
G7B,semi-adaptive,BigDecimal,3,32,2.1637,895.596,3.964,-30979912,6291456
G7B,semi-adaptive,BigDecimal,3,33,1.7260,27.566,0.139,2651560,0
G7B,semi-adaptive,BigDecimal,3,34,2.0487,1534.281,25.101,-71418400,7265784
G7B,semi-adaptive,BigDecimal,3,35,1.9199,1110.159,3.106,-20469440,6875832
G7B,semi-adaptive,BigDecimal,3,36,2.1567,1576.189,29.320,-98061624,3485832
G7B,semi-adaptive,BigDecimal,3,37,2.2712,1691.762,6.545,-54927200,11532288
G7B,semi-adaptive,BigDecimal,3,38,2.1281,1770.402,5.999,17716904,10485760
G7B,semi-adaptive,BigDecimal,4,1,2.3180,1129.930,4.034,2314552,9435136
G7B,semi-adaptive,BigDecimal,4,2,2.2000,757.432,4.959,89469488,-79841792
G7B,semi-adaptive,BigDecimal,4,3,2.2131,1616.387,4.972,-67119528,9435136
G7B,semi-adaptive,BigDecimal,4,4,2.0323,1102.643,6.619,-21910576,-82794952
G7B,semi-adaptive,BigDecimal,4,5,2.1072,2303.290,7.111,-104635184,11536384
G7B,semi-adaptive,BigDecimal,4,6,2.1037,1263.978,3.878,-27287384,8388608
G7B,semi-adaptive,BigDecimal,4,7,2.0912,832.518,2.967,-65790560,6291456
G7B,semi-adaptive,BigDecimal,4,8,2.1236,1488.038,7.663,-33381152,9182216
G7B,semi-adaptive,BigDecimal,4,9,1.9969,1223.679,3.644,-19822512,8722616
G7B,semi-adaptive,BigDecimal,4,10,2.0147,1344.268,24.053,-29959160,8674968
G7B,semi-adaptive,BigDecimal,4,11,2.0491,1206.683,18.694,-70087664,1776840
G7B,semi-adaptive,BigDecimal,4,12,2.0997,970.164,13.677,-51970832,1473280
G7B,semi-adaptive,BigDecimal,4,13,2.1520,1384.841,33.089,-87685096,5547008
G7B,semi-adaptive,BigDecimal,4,14,1.9946,1755.399,7.067,-110281120,9011832
G7B,semi-adaptive,BigDecimal,4,15,2.0234,968.699,3.714,-46005784,6633456
G7B,semi-adaptive,BigDecimal,4,16,2.0442,78.232,0.277,14423104,0
G7B,semi-adaptive,BigDecimal,4,17,2.0272,1010.566,3.383,-59445376,6291208
G7B,semi-adaptive,BigDecimal,4,18,2.3665,1628.493,12.570,-78258912,-71836752
G7B,semi-adaptive,BigDecimal,4,19,2.1522,972.458,3.829,-68338864,7388616
G7B,semi-adaptive,BigDecimal,4,20,2.0781,1230.096,4.365,-47896088,8013536
G7B,semi-adaptive,BigDecimal,4,21,2.0150,1314.750,7.705,-83207040,8616568
G7B,semi-adaptive,BigDecimal,4,22,2.0547,1162.655,3.665,-39772456,7250448
G7B,semi-adaptive,BigDecimal,4,23,2.0879,1328.296,4.609,-49806256,8611488
G7B,semi-adaptive,BigDecimal,4,24,2.0259,500.517,2.360,60285312,4194160
G7B,semi-adaptive,BigDecimal,4,25,2.0880,921.932,3.364,-15865864,7342080
G7B,semi-adaptive,BigDecimal,4,26,2.0392,1108.073,3.880,-39569168,7337984
G7B,semi-adaptive,BigDecimal,4,27,1.7573,73.753,0.223,2017800,0
G7B,semi-adaptive,BigDecimal,4,28,2.1964,2091.561,6.690,-97480456,11536384
G7B,semi-adaptive,BigDecimal,4,29,2.1801,1141.659,4.142,-73272360,7337984
G7B,semi-adaptive,BigDecimal,4,30,1.9683,294.547,2.693,-13614032,-71281728
G7B,semi-adaptive,BigDecimal,4,31,2.0782,590.493,2.551,-32090152,5581104
G7B,semi-adaptive,BigDecimal,4,32,2.1637,879.423,3.801,-44628728,6291456
G7B,semi-adaptive,BigDecimal,4,33,1.7260,27.380,0.141,1258560,0
G7B,semi-adaptive,BigDecimal,4,34,2.0487,1505.494,4.676,-84296344,9847768
G7B,semi-adaptive,BigDecimal,4,35,1.9199,1117.819,3.908,-47604832,7337984
G7B,semi-adaptive,BigDecimal,4,36,2.1567,1523.235,7.132,-39220752,-82952440
G7B,semi-adaptive,BigDecimal,4,37,2.2712,1730.897,7.395,-88485848,-79623680
G7B,semi-adaptive,BigDecimal,4,38,2.1281,1750.411,12.608,147846032,6193376
G7B,semi-adaptive,BigDecimal,5,1,2.3180,1119.497,4.984,-19486152,9435136
G7B,semi-adaptive,BigDecimal,5,2,2.2000,785.150,2.944,-44804008,7125608
G7B,semi-adaptive,BigDecimal,5,3,2.2131,1611.074,5.384,-21643080,10485760
G7B,semi-adaptive,BigDecimal,5,4,2.0323,1070.650,3.735,-28480040,7342080
G7B,semi-adaptive,BigDecimal,5,5,2.1072,2177.650,6.072,-124375840,12240632
G7B,semi-adaptive,BigDecimal,5,6,2.1037,1301.178,5.122,126714632,-74830328
G7B,semi-adaptive,BigDecimal,5,7,2.0912,879.828,4.350,-9370264,6291456
G7B,semi-adaptive,BigDecimal,5,8,2.1236,1101.628,29.593,-79611752,6520912
G7B,semi-adaptive,BigDecimal,5,9,1.9969,1227.948,5.580,-70564008,8388608
G7B,semi-adaptive,BigDecimal,5,10,2.0147,1407.202,4.973,-37742632,9435136
G7B,semi-adaptive,BigDecimal,5,11,2.0491,1292.043,5.556,-52616328,8388608
G7B,semi-adaptive,BigDecimal,5,12,2.0997,941.933,3.802,-61074976,8128024
G7B,semi-adaptive,BigDecimal,5,13,2.1520,1459.380,5.294,-72069648,9435136
G7B,semi-adaptive,BigDecimal,5,14,1.9946,1857.169,11.967,-107205736,9565160
G7B,semi-adaptive,BigDecimal,5,15,2.0234,990.078,4.123,-55036616,6291456
G7B,semi-adaptive,BigDecimal,5,16,2.0442,80.896,0.334,5170680,789184
G7B,semi-adaptive,BigDecimal,5,17,2.0272,992.353,3.266,-50842000,6291456
G7B,semi-adaptive,BigDecimal,5,18,2.3665,1640.490,6.540,-54230400,10952064
G7B,semi-adaptive,BigDecimal,5,19,2.1522,938.519,3.314,-55668784,7342080
G7B,semi-adaptive,BigDecimal,5,20,2.0781,1224.373,4.864,-79348208,7342080
G7B,semi-adaptive,BigDecimal,5,21,2.0150,1120.451,4.117,-81357528,8479424
G7B,semi-adaptive,BigDecimal,5,22,2.0547,875.407,3.359,-46562528,7337984
G7B,semi-adaptive,BigDecimal,5,23,2.0879,1009.497,4.690,-85761016,-78739216
G7B,semi-adaptive,BigDecimal,5,24,2.0259,373.145,3.368,61930136,-48222672
G7B,semi-adaptive,BigDecimal,5,25,2.0880,703.738,3.408,-63172840,6291456
G7B,semi-adaptive,BigDecimal,5,26,2.0392,822.839,3.778,-37542600,7337984
G7B,semi-adaptive,BigDecimal,5,27,1.7573,55.989,0.196,1623432,0
G7B,semi-adaptive,BigDecimal,5,28,2.1964,1714.804,8.494,54310048,-27226336
G7B,semi-adaptive,BigDecimal,5,29,2.1801,837.396,3.366,33432208,7337984
G7B,semi-adaptive,BigDecimal,5,30,1.9683,222.822,1.889,-9794928,3147776
G7B,semi-adaptive,BigDecimal,5,31,2.0782,437.966,3.797,-37938568,-68097192
G7B,semi-adaptive,BigDecimal,5,32,2.1637,673.418,3.364,118782416,7342080
G7B,semi-adaptive,BigDecimal,5,33,1.7260,23.460,0.133,5081352,0
G7B,semi-adaptive,BigDecimal,5,34,2.0487,1235.374,6.371,-97793256,-83523224
G7B,semi-adaptive,BigDecimal,5,35,1.9199,873.004,3.457,16111264,7337984
G7B,semi-adaptive,BigDecimal,5,36,2.1567,1222.706,6.067,-30844176,-79047008
G7B,semi-adaptive,BigDecimal,5,37,2.2712,1340.284,14.886,-73304992,3760632
G7B,semi-adaptive,BigDecimal,5,38,2.1281,1457.724,4.925,-79933096,10485760
G7B,semi-adaptive,Nayuki,1,1,2.6230,994.282,0.221,-3313152,0
G7B,semi-adaptive,Nayuki,1,2,2.5018,495.741,0.167,57671680,0
G7B,semi-adaptive,Nayuki,1,3,2.4318,1419.675,0.329,-46276096,0
G7B,semi-adaptive,Nayuki,1,4,2.3226,1015.694,0.281,26635264,1046528
G7B,semi-adaptive,Nayuki,1,5,2.3741,1984.609,0.615,-14644600,0
G7B,semi-adaptive,Nayuki,1,6,2.3902,1177.145,0.301,48244736,0
G7B,semi-adaptive,Nayuki,1,7,2.3579,554.296,0.203,61863936,0
G7B,semi-adaptive,Nayuki,1,8,2.3596,1438.351,0.369,-94083896,0
G7B,semi-adaptive,Nayuki,1,9,2.3558,1151.676,0.270,-55973816,0
G7B,semi-adaptive,Nayuki,1,10,2.2891,1262.543,0.931,16615816,0
G7B,semi-adaptive,Nayuki,1,11,2.3558,1175.401,0.401,36036032,0
G7B,semi-adaptive,Nayuki,1,12,2.3389,927.726,0.229,20460248,0
G7B,semi-adaptive,Nayuki,1,13,2.4561,1290.256,0.295,-69346816,0
G7B,semi-adaptive,Nayuki,1,14,2.2114,1630.965,0.344,49928704,0
G7B,semi-adaptive,Nayuki,1,15,2.3278,902.860,0.198,26112912,0
G7B,semi-adaptive,Nayuki,1,16,2.6195,69.326,0.067,6258832,0
G7B,semi-adaptive,Nayuki,1,17,2.2857,874.732,0.428,-8379784,1046528
G7B,semi-adaptive,Nayuki,1,18,2.5682,1406.868,0.316,-90817184,0
G7B,semi-adaptive,Nayuki,1,19,2.4083,829.461,0.238,-8760720,0
G7B,semi-adaptive,Nayuki,1,20,2.3750,1100.824,0.295,7673176,0
G7B,semi-adaptive,Nayuki,1,21,2.3303,784.969,0.542,84932608,0
G7B,semi-adaptive,Nayuki,1,22,2.3923,1032.790,0.253,41915944,0
G7B,semi-adaptive,Nayuki,1,23,2.3758,1202.716,0.294,-75954528,0
G7B,semi-adaptive,Nayuki,1,24,2.3793,330.460,0.146,40892416,0
G7B,semi-adaptive,Nayuki,1,25,2.4507,779.890,0.317,-12300944,0
G7B,semi-adaptive,Nayuki,1,26,2.3007,982.886,0.216,27321664,0
G7B,semi-adaptive,Nayuki,1,27,2.4854,71.820,0.043,2764176,0
G7B,semi-adaptive,Nayuki,1,28,2.3773,1854.516,0.395,48570368,0
G7B,semi-adaptive,Nayuki,1,29,2.4952,964.864,0.222,-44535704,0
G7B,semi-adaptive,Nayuki,1,30,2.3280,264.851,0.117,-9511440,0
G7B,semi-adaptive,Nayuki,1,31,2.5021,504.421,0.188,13084800,0
G7B,semi-adaptive,Nayuki,1,32,2.4199,522.351,0.219,60817576,0
G7B,semi-adaptive,Nayuki,1,33,2.5205,25.885,0.037,2274696,0
G7B,semi-adaptive,Nayuki,1,34,2.2923,1368.780,0.302,1094656,0
G7B,semi-adaptive,Nayuki,1,35,2.2051,1016.888,0.359,33284280,0
G7B,semi-adaptive,Nayuki,1,36,2.3704,1605.768,0.309,89126912,0
G7B,semi-adaptive,Nayuki,1,37,2.4859,1405.857,0.524,2782720,0
G7B,semi-adaptive,Nayuki,1,38,2.3542,1618.560,0.339,70978048,1050624
G7B,semi-adaptive,Nayuki,2,1,2.6230,979.415,0.244,-28692880,0
G7B,semi-adaptive,Nayuki,2,2,2.5018,717.598,0.176,26220032,0
G7B,semi-adaptive,Nayuki,2,3,2.4318,1436.630,0.382,93323264,1046528
G7B,semi-adaptive,Nayuki,2,4,2.3226,1036.300,0.264,37640192,0
G7B,semi-adaptive,Nayuki,2,5,2.3741,2024.184,0.574,-37047296,0
G7B,semi-adaptive,Nayuki,2,6,2.3902,1146.853,0.263,8961536,0
G7B,semi-adaptive,Nayuki,2,7,2.3579,539.250,0.209,60817240,0
G7B,semi-adaptive,Nayuki,2,8,2.3596,1445.467,0.325,-84475472,0
G7B,semi-adaptive,Nayuki,2,9,2.3558,1136.572,0.296,-80607544,0
G7B,semi-adaptive,Nayuki,2,10,2.2891,1245.250,0.328,-9438632,0
G7B,semi-adaptive,Nayuki,2,11,2.3558,1150.310,0.262,13239864,0
G7B,semi-adaptive,Nayuki,2,12,2.3389,931.643,0.225,70218752,0
G7B,semi-adaptive,Nayuki,2,13,2.4561,1322.076,0.420,67227176,0
G7B,semi-adaptive,Nayuki,2,14,2.2114,1621.224,0.334,-65180912,0
G7B,semi-adaptive,Nayuki,2,15,2.3278,895.967,0.284,-41489408,0
G7B,semi-adaptive,Nayuki,2,16,2.6195,59.332,0.056,9821392,0
G7B,semi-adaptive,Nayuki,2,17,2.2857,889.102,0.222,66201184,543504
G7B,semi-adaptive,Nayuki,2,18,2.5682,1419.732,0.350,-80019440,0
G7B,semi-adaptive,Nayuki,2,19,2.4083,844.770,0.220,32649728,0
G7B,semi-adaptive,Nayuki,2,20,2.3750,1000.188,0.281,-69680640,0
G7B,semi-adaptive,Nayuki,2,21,2.3303,1022.822,0.310,2226688,0
G7B,semi-adaptive,Nayuki,2,22,2.3923,964.746,0.262,-28770808,0
G7B,semi-adaptive,Nayuki,2,23,2.3758,1166.879,12.078,17376656,801440
G7B,semi-adaptive,Nayuki,2,24,2.3793,465.184,0.148,38578696,0
G7B,semi-adaptive,Nayuki,2,25,2.4507,541.280,0.203,60817408,0
G7B,semi-adaptive,Nayuki,2,26,2.3007,980.611,0.397,14674816,1050624
G7B,semi-adaptive,Nayuki,2,27,2.4854,68.555,0.096,5244000,0
G7B,semi-adaptive,Nayuki,2,28,2.3773,1843.796,0.392,-14728192,0
G7B,semi-adaptive,Nayuki,2,29,2.4952,989.351,0.229,-28099488,0
G7B,semi-adaptive,Nayuki,2,30,2.3280,273.487,0.173,-13169808,83520
G7B,semi-adaptive,Nayuki,2,31,2.5021,531.830,0.170,26687488,0
G7B,semi-adaptive,Nayuki,2,32,2.4199,779.637,0.204,61696512,0
G7B,semi-adaptive,Nayuki,2,33,2.5205,26.495,0.031,2717816,0
G7B,semi-adaptive,Nayuki,2,34,2.2923,1366.204,0.375,848384,0
G7B,semi-adaptive,Nayuki,2,35,2.2051,1016.801,0.259,43406776,0
G7B,semi-adaptive,Nayuki,2,36,2.3704,1395.561,0.298,-86082120,0
G7B,semi-adaptive,Nayuki,2,37,2.4859,1367.348,0.395,72530912,0
G7B,semi-adaptive,Nayuki,2,38,2.3542,1554.853,0.333,-80466896,0
G7B,semi-adaptive,Nayuki,3,1,2.6230,934.203,0.236,-49434224,0
G7B,semi-adaptive,Nayuki,3,2,2.5018,466.238,0.166,56623104,0
G7B,semi-adaptive,Nayuki,3,3,2.4318,1357.900,0.323,72762336,0
G7B,semi-adaptive,Nayuki,3,4,2.3226,956.010,0.230,74009600,0
G7B,semi-adaptive,Nayuki,3,5,2.3741,1978.769,0.384,91178712,0
G7B,semi-adaptive,Nayuki,3,6,2.3902,1173.438,0.611,-47270208,1050624
G7B,semi-adaptive,Nayuki,3,7,2.3579,528.543,0.222,61863936,1050624
G7B,semi-adaptive,Nayuki,3,8,2.3596,1452.151,0.384,-59364352,0
G7B,semi-adaptive,Nayuki,3,9,2.3558,1133.415,0.290,-5078528,0
G7B,semi-adaptive,Nayuki,3,10,2.2891,1234.566,0.276,-77160808,0
G7B,semi-adaptive,Nayuki,3,11,2.3558,1104.748,0.495,1422848,0
G7B,semi-adaptive,Nayuki,3,12,2.3389,919.267,0.223,70066176,0
G7B,semi-adaptive,Nayuki,3,13,2.4561,1292.558,0.295,70988672,1046528
G7B,semi-adaptive,Nayuki,3,14,2.2114,1519.740,0.336,-84549248,0
G7B,semi-adaptive,Nayuki,3,15,2.3278,862.805,0.198,23501824,0
G7B,semi-adaptive,Nayuki,3,16,2.6195,70.557,0.055,6349152,0
G7B,semi-adaptive,Nayuki,3,17,2.2857,839.736,0.218,-12620184,1046528
G7B,semi-adaptive,Nayuki,3,18,2.5682,1333.209,0.329,-93175192,1046528
G7B,semi-adaptive,Nayuki,3,19,2.4083,795.779,0.503,60817408,0
G7B,semi-adaptive,Nayuki,3,20,2.3750,1037.168,0.323,-8193536,1046528
G7B,semi-adaptive,Nayuki,3,21,2.3303,1172.743,0.266,5240832,0
G7B,semi-adaptive,Nayuki,3,22,2.3923,967.863,0.254,-10156816,0
G7B,semi-adaptive,Nayuki,3,23,2.3758,1150.648,0.284,-73536024,0
G7B,semi-adaptive,Nayuki,3,24,2.3793,306.722,0.152,40892416,0
G7B,semi-adaptive,Nayuki,3,25,2.4507,767.881,0.202,-505008,0
G7B,semi-adaptive,Nayuki,3,26,2.3007,924.020,0.316,72351744,0
G7B,semi-adaptive,Nayuki,3,27,2.4854,51.977,0.057,8291120,0
G7B,semi-adaptive,Nayuki,3,28,2.3773,1822.116,0.385,-23116800,0
G7B,semi-adaptive,Nayuki,3,29,2.4952,1010.985,0.314,-17057792,0
G7B,semi-adaptive,Nayuki,3,30,2.3280,258.613,0.118,14070104,0
G7B,semi-adaptive,Nayuki,3,31,2.5021,347.668,0.172,45086720,1050624
G7B,semi-adaptive,Nayuki,3,32,2.4199,765.511,0.227,26640384,0
G7B,semi-adaptive,Nayuki,3,33,2.5205,29.250,0.032,2168800,41648
G7B,semi-adaptive,Nayuki,3,34,2.2923,1357.463,0.407,-2333040,0
G7B,semi-adaptive,Nayuki,3,35,2.2051,992.909,0.198,-18375632,0
G7B,semi-adaptive,Nayuki,3,36,2.3704,1357.105,0.484,-1931144,0
G7B,semi-adaptive,Nayuki,3,37,2.4859,1330.783,0.325,520192,1046528
G7B,semi-adaptive,Nayuki,3,38,2.3542,1552.532,0.335,-77825200,0
G7B,semi-adaptive,Nayuki,4,1,2.6230,959.141,0.242,40795136,0
G7B,semi-adaptive,Nayuki,4,2,2.5018,475.325,0.252,56623104,0
G7B,semi-adaptive,Nayuki,4,3,2.4318,1421.753,0.329,90177536,1046528
G7B,semi-adaptive,Nayuki,4,4,2.3226,985.367,0.269,68407584,0
G7B,semi-adaptive,Nayuki,4,5,2.3741,2047.229,0.671,40364944,0
G7B,semi-adaptive,Nayuki,4,6,2.3902,1176.342,0.395,29200248,0
G7B,semi-adaptive,Nayuki,4,7,2.3579,785.673,0.435,62022656,0
G7B,semi-adaptive,Nayuki,4,8,2.3596,1423.734,0.315,63482896,0
G7B,semi-adaptive,Nayuki,4,9,2.3558,1140.219,0.251,21235200,0
G7B,semi-adaptive,Nayuki,4,10,2.2891,1252.076,0.286,11357128,0
G7B,semi-adaptive,Nayuki,4,11,2.3558,1183.185,0.264,1535192,0
G7B,semi-adaptive,Nayuki,4,12,2.3389,927.645,0.233,8224904,0
G7B,semi-adaptive,Nayuki,4,13,2.4561,1307.670,0.291,-84932608,1046528
G7B,semi-adaptive,Nayuki,4,14,2.2114,1593.205,0.349,101779968,0
G7B,semi-adaptive,Nayuki,4,15,2.3278,890.813,0.188,-62688072,0
G7B,semi-adaptive,Nayuki,4,16,2.6195,65.858,0.078,9859120,217424
G7B,semi-adaptive,Nayuki,4,17,2.2857,847.369,0.234,65227664,1046528
G7B,semi-adaptive,Nayuki,4,18,2.5682,1362.448,0.340,71959776,0
G7B,semi-adaptive,Nayuki,4,19,2.4083,557.739,0.212,62914560,0
G7B,semi-adaptive,Nayuki,4,20,2.3750,1087.310,0.343,-15909376,1046528
G7B,semi-adaptive,Nayuki,4,21,2.3303,1219.039,0.427,-40046944,0
G7B,semi-adaptive,Nayuki,4,22,2.3923,1037.089,0.247,78778880,0
G7B,semi-adaptive,Nayuki,4,23,2.3758,1207.614,0.283,-11645952,0
G7B,semi-adaptive,Nayuki,4,24,2.3793,328.257,0.190,40892416,0
G7B,semi-adaptive,Nayuki,4,25,2.4507,817.081,0.210,28917248,0
G7B,semi-adaptive,Nayuki,4,26,2.3007,959.032,0.209,-34535936,0
G7B,semi-adaptive,Nayuki,4,27,2.4854,52.356,0.051,1472832,227832
G7B,semi-adaptive,Nayuki,4,28,2.3773,1737.262,0.501,-16141824,0
G7B,semi-adaptive,Nayuki,4,29,2.4952,980.684,0.221,43956696,0
G7B,semi-adaptive,Nayuki,4,30,2.3280,246.967,0.144,-1524496,584432
G7B,semi-adaptive,Nayuki,4,31,2.5021,427.649,0.176,27534896,0
G7B,semi-adaptive,Nayuki,4,32,2.4199,646.545,0.198,61374120,0
G7B,semi-adaptive,Nayuki,4,33,2.5205,24.353,0.031,3146824,0
G7B,semi-adaptive,Nayuki,4,34,2.2923,1235.189,0.288,33088512,0
G7B,semi-adaptive,Nayuki,4,35,2.2051,877.422,0.196,-15229904,0
G7B,semi-adaptive,Nayuki,4,36,2.3704,1215.137,0.466,807424,0
G7B,semi-adaptive,Nayuki,4,37,2.4859,1270.774,0.329,1176576,1046528
G7B,semi-adaptive,Nayuki,4,38,2.3542,1404.215,0.462,-79801072,0
G7B,semi-adaptive,Nayuki,5,1,2.6230,809.935,0.222,738584,0
G7B,semi-adaptive,Nayuki,5,2,2.5018,580.725,0.180,34604944,0
G7B,semi-adaptive,Nayuki,5,3,2.4318,1370.094,0.329,-87455368,0
G7B,semi-adaptive,Nayuki,5,4,2.3226,947.646,0.229,-68326600,0
G7B,semi-adaptive,Nayuki,5,5,2.3741,1951.788,0.383,-85780480,0
G7B,semi-adaptive,Nayuki,5,6,2.3902,1156.649,12.461,10808832,4695992
G7B,semi-adaptive,Nayuki,5,7,2.3579,795.700,0.447,60052432,1050624
G7B,semi-adaptive,Nayuki,5,8,2.3596,1437.343,0.484,-56284672,0
G7B,semi-adaptive,Nayuki,5,9,2.3558,1127.550,0.253,19219880,0
G7B,semi-adaptive,Nayuki,5,10,2.2891,794.884,0.280,87029760,0
G7B,semi-adaptive,Nayuki,5,11,2.3558,1117.942,0.272,1001232,0
G7B,semi-adaptive,Nayuki,5,12,2.3389,916.169,0.376,-21056048,375920
G7B,semi-adaptive,Nayuki,5,13,2.4561,1282.968,0.309,6213848,0
G7B,semi-adaptive,Nayuki,5,14,2.2114,1569.028,0.353,99614720,0
G7B,semi-adaptive,Nayuki,5,15,2.3278,851.437,0.215,-9035752,0
G7B,semi-adaptive,Nayuki,5,16,2.6195,58.229,0.059,9821280,0
G7B,semi-adaptive,Nayuki,5,17,2.2857,880.328,0.280,-5918208,1046528
G7B,semi-adaptive,Nayuki,5,18,2.5682,1374.106,0.325,89128960,1046528
G7B,semi-adaptive,Nayuki,5,19,2.4083,838.018,0.387,-40340256,0
G7B,semi-adaptive,Nayuki,5,20,2.3750,1095.262,0.422,598664,0
G7B,semi-adaptive,Nayuki,5,21,2.3303,1150.297,0.272,-18159648,0
G7B,semi-adaptive,Nayuki,5,22,2.3923,989.228,0.247,67063272,0
G7B,semi-adaptive,Nayuki,5,23,2.3758,1152.440,0.324,-68025144,336576
G7B,semi-adaptive,Nayuki,5,24,2.3793,423.091,0.155,31558528,0
G7B,semi-adaptive,Nayuki,5,25,2.4507,780.294,0.202,-11529216,0
G7B,semi-adaptive,Nayuki,5,26,2.3007,974.715,0.236,-65809176,0
G7B,semi-adaptive,Nayuki,5,27,2.4854,54.425,0.044,8395568,0
G7B,semi-adaptive,Nayuki,5,28,2.3773,1795.332,0.403,-22184960,0
G7B,semi-adaptive,Nayuki,5,29,2.4952,985.544,0.213,-70828680,0
G7B,semi-adaptive,Nayuki,5,30,2.3280,254.274,0.175,7686440,0
G7B,semi-adaptive,Nayuki,5,31,2.5021,504.655,0.204,25497088,0
G7B,semi-adaptive,Nayuki,5,32,2.4199,758.247,0.303,-4819096,0
G7B,semi-adaptive,Nayuki,5,33,2.5205,25.103,0.041,2030384,0
G7B,semi-adaptive,Nayuki,5,34,2.2923,1395.111,0.302,-45309920,1046528
G7B,semi-adaptive,Nayuki,5,35,2.2051,970.334,0.198,-17706656,0
G7B,semi-adaptive,Nayuki,5,36,2.3704,1396.970,0.303,89126912,0
G7B,semi-adaptive,Nayuki,5,37,2.4859,1413.607,0.436,94494592,0
G7B,semi-adaptive,Nayuki,5,38,2.3542,1448.324,0.392,88799752,1050624
G7B,adaptive,BigDecimal,1,1,2.8426,937.446,49.592,9748632,-20887696
G7B,adaptive,BigDecimal,1,2,2.7891,669.791,40.525,136928256,-10407968
G7B,adaptive,BigDecimal,1,3,2.6364,1385.426,54.876,211195520,-131044208
G7B,adaptive,BigDecimal,1,4,2.5871,1085.262,41.683,93549904,-52365480
G7B,adaptive,BigDecimal,1,5,2.6060,2092.598,65.227,69955344,-23126280
G7B,adaptive,BigDecimal,1,6,2.6494,1385.851,47.726,200120848,-61834176
G7B,adaptive,BigDecimal,1,7,2.6140,835.427,43.311,73875576,-131084528
G7B,adaptive,BigDecimal,1,8,2.6236,1555.759,56.626,54310472,6331408
G7B,adaptive,BigDecimal,1,9,2.6043,1195.454,50.536,88732128,-50303720
G7B,adaptive,BigDecimal,1,10,2.5428,1362.241,53.821,107341464,-172609824
G7B,adaptive,BigDecimal,1,11,2.6135,1245.768,52.850,89010464,-90211144
G7B,adaptive,BigDecimal,1,12,2.5980,1071.947,52.825,188606760,36731640
G7B,adaptive,BigDecimal,1,13,2.7047,1446.156,54.223,5973024,-498592
G7B,adaptive,BigDecimal,1,14,2.4255,1788.823,59.144,39567664,43310960
G7B,adaptive,BigDecimal,1,15,2.6154,993.719,39.839,142362216,69206016
G7B,adaptive,BigDecimal,1,16,2.8761,102.063,20.968,41420920,-8592792
G7B,adaptive,BigDecimal,1,17,2.4830,955.352,50.960,36484128,75497472
G7B,adaptive,BigDecimal,1,18,2.7670,1674.692,62.847,235144056,-134141840
G7B,adaptive,BigDecimal,1,19,2.5917,946.899,40.975,166459440,76544000
G7B,adaptive,BigDecimal,1,20,2.5563,1152.484,53.692,88140376,-36620360
G7B,adaptive,BigDecimal,1,21,2.5345,1375.136,53.916,26720608,-36675784
G7B,adaptive,BigDecimal,1,22,2.5691,1179.394,50.643,162471880,-77561512
G7B,adaptive,BigDecimal,1,23,2.5424,1407.605,50.630,33373624,59032264
G7B,adaptive,BigDecimal,1,24,2.6121,530.469,37.836,67916912,6942400
G7B,adaptive,BigDecimal,1,25,2.6690,900.127,46.331,156438008,26848152
G7B,adaptive,BigDecimal,1,26,2.5915,1096.126,44.449,189159104,-133219464
G7B,adaptive,BigDecimal,1,27,2.7961,80.907,14.243,27435696,18874368
G7B,adaptive,BigDecimal,1,28,2.5917,2126.796,74.518,17598792,-18806976
G7B,adaptive,BigDecimal,1,29,2.7685,1216.280,53.645,97989312,-189223392
G7B,adaptive,BigDecimal,1,30,2.5661,325.308,30.744,41192072,-37835488
G7B,adaptive,BigDecimal,1,31,2.7202,598.811,36.639,7444536,59766784
G7B,adaptive,BigDecimal,1,32,2.6370,918.971,48.545,162826096,-105291696
G7B,adaptive,BigDecimal,1,33,2.8630,50.426,9.558,16773664,13722400
G7B,adaptive,BigDecimal,1,34,2.5100,1548.695,52.601,15499832,87029760
G7B,adaptive,BigDecimal,1,35,2.4968,1130.108,45.309,162268104,3973480
G7B,adaptive,BigDecimal,1,36,2.6068,1620.000,68.187,57372216,41105784
G7B,adaptive,BigDecimal,1,37,2.7006,1710.581,61.632,72172224,66118768
G7B,adaptive,BigDecimal,1,38,2.5668,1842.998,55.490,206288304,96468992
G7B,adaptive,BigDecimal,2,1,2.8426,1165.473,52.422,197876904,-150843792
G7B,adaptive,BigDecimal,2,2,2.7891,795.022,44.013,20652192,19558192
G7B,adaptive,BigDecimal,2,3,2.6364,1644.078,61.316,200405192,-143565896
G7B,adaptive,BigDecimal,2,4,2.5871,1145.255,45.964,104184512,-52396992
G7B,adaptive,BigDecimal,2,5,2.6060,2288.499,74.104,11219048,-81848960
G7B,adaptive,BigDecimal,2,6,2.6494,1338.372,48.162,216581512,80742400
G7B,adaptive,BigDecimal,2,7,2.6140,906.105,46.979,67891888,4226824
G7B,adaptive,BigDecimal,2,8,2.6236,1678.380,56.750,50024376,-4126912
G7B,adaptive,BigDecimal,2,9,2.6043,1296.017,46.562,188345432,77594624
G7B,adaptive,BigDecimal,2,10,2.5428,1403.667,51.324,45247312,4278816
G7B,adaptive,BigDecimal,2,11,2.6135,1291.526,50.977,61441112,-18827904
G7B,adaptive,BigDecimal,2,12,2.5980,1085.329,46.463,77107408,-47120640
G7B,adaptive,BigDecimal,2,13,2.7047,1486.091,49.650,22834240,-6236480
G7B,adaptive,BigDecimal,2,14,2.4255,1862.884,58.498,134009496,93325312
G7B,adaptive,BigDecimal,2,15,2.6154,1037.993,42.424,182461696,-56605936
G7B,adaptive,BigDecimal,2,16,2.8761,99.309,18.903,37308592,-15410328
G7B,adaptive,BigDecimal,2,17,2.4830,1010.357,52.699,124952776,-30411192
G7B,adaptive,BigDecimal,2,18,2.7670,1655.345,62.877,55370512,6312912
G7B,adaptive,BigDecimal,2,19,2.5917,984.497,48.848,156392016,76544000
G7B,adaptive,BigDecimal,2,20,2.5563,1287.033,57.245,143497104,-135708984
G7B,adaptive,BigDecimal,2,21,2.5345,1394.290,48.408,131329432,82835456
G7B,adaptive,BigDecimal,2,22,2.5691,1253.412,53.662,157604592,-83794144
G7B,adaptive,BigDecimal,2,23,2.5424,1434.149,63.033,27090840,59033896
G7B,adaptive,BigDecimal,2,24,2.6121,534.790,39.394,67283936,13581664
G7B,adaptive,BigDecimal,2,25,2.6690,907.982,48.915,149874480,-6665824
G7B,adaptive,BigDecimal,2,26,2.5915,1084.807,51.306,92011688,-158302464
G7B,adaptive,BigDecimal,2,27,2.7961,78.352,13.107,29345416,18874368
G7B,adaptive,BigDecimal,2,28,2.5917,2105.551,65.259,36472520,14755992
G7B,adaptive,BigDecimal,2,29,2.7685,1155.515,45.190,159406656,76544000
G7B,adaptive,BigDecimal,2,30,2.5661,325.905,29.723,19421064,46137344
G7B,adaptive,BigDecimal,2,31,2.7202,615.628,36.993,93899768,24163744
G7B,adaptive,BigDecimal,2,32,2.6370,900.546,46.827,10204264,-46096768
G7B,adaptive,BigDecimal,2,33,2.8630,58.329,8.469,6131080,13629440
G7B,adaptive,BigDecimal,2,34,2.5100,1622.115,59.018,30176936,-3068064
G7B,adaptive,BigDecimal,2,35,2.4968,1140.234,39.863,170227392,69206016
G7B,adaptive,BigDecimal,2,36,2.6068,1635.508,63.685,46879520,39208056
G7B,adaptive,BigDecimal,2,37,2.7006,1707.407,58.994,78454256,66099600
G7B,adaptive,BigDecimal,2,38,2.5668,1910.121,70.210,10301632,6248512
G7B,adaptive,BigDecimal,3,1,2.8426,1170.120,48.446,79050288,-60733768
G7B,adaptive,BigDecimal,3,2,2.7891,857.077,38.724,146175728,65011712
G7B,adaptive,BigDecimal,3,3,2.6364,1654.297,58.407,63735544,67410808
G7B,adaptive,BigDecimal,3,4,2.5871,1163.478,45.193,174697448,-126597560
G7B,adaptive,BigDecimal,3,5,2.6060,2196.800,66.091,31222152,-43998640
G7B,adaptive,BigDecimal,3,6,2.6494,1333.999,49.579,212645432,-153969992
G7B,adaptive,BigDecimal,3,7,2.6140,927.510,51.410,91818312,-163651128
G7B,adaptive,BigDecimal,3,8,2.6236,1656.478,56.349,35422544,-29294184
G7B,adaptive,BigDecimal,3,9,2.6043,1300.135,48.005,114426616,-20941392
G7B,adaptive,BigDecimal,3,10,2.5428,1422.185,54.283,39512040,4269592
G7B,adaptive,BigDecimal,3,11,2.6135,1297.848,47.241,32778264,56995072
G7B,adaptive,BigDecimal,3,12,2.5980,1048.559,42.157,85154040,-41876168
G7B,adaptive,BigDecimal,3,13,2.7047,1484.552,50.858,27033096,83886080
G7B,adaptive,BigDecimal,3,14,2.4255,1861.105,62.646,52243872,43349816
G7B,adaptive,BigDecimal,3,15,2.6154,1031.520,45.048,164331360,-41899824
G7B,adaptive,BigDecimal,3,16,2.8761,94.801,18.179,39698528,-15484200
G7B,adaptive,BigDecimal,3,17,2.4830,1024.311,52.557,91204184,-4142120
G7B,adaptive,BigDecimal,3,18,2.7670,1707.199,59.253,117881480,96468992
G7B,adaptive,BigDecimal,3,19,2.5917,1044.245,58.699,18553376,32859704
G7B,adaptive,BigDecimal,3,20,2.5563,1336.894,55.366,145316152,-169578456
G7B,adaptive,BigDecimal,3,21,2.5345,1419.111,60.853,2031824,32711712
G7B,adaptive,BigDecimal,3,22,2.5691,1183.110,51.617,158162048,-83851000
G7B,adaptive,BigDecimal,3,23,2.5424,1410.616,55.222,10191712,54598664
G7B,adaptive,BigDecimal,3,24,2.6121,526.713,38.862,10343832,-40934728
G7B,adaptive,BigDecimal,3,25,2.6690,897.783,48.936,40712064,-566024
G7B,adaptive,BigDecimal,3,26,2.5915,1105.205,49.805,41630000,1381256
G7B,adaptive,BigDecimal,3,27,2.7961,77.214,12.800,33391416,-17689888
G7B,adaptive,BigDecimal,3,28,2.5917,2085.993,71.550,2917080,-14624232
G7B,adaptive,BigDecimal,3,29,2.7685,1170.747,48.489,163505136,-112105616
G7B,adaptive,BigDecimal,3,30,2.5661,333.263,37.301,25924784,-20947904
G7B,adaptive,BigDecimal,3,31,2.7202,601.529,39.913,5222800,-30367984
G7B,adaptive,BigDecimal,3,32,2.6370,901.203,49.790,150731176,11620312
G7B,adaptive,BigDecimal,3,33,2.8630,45.529,9.233,14590184,13629440
G7B,adaptive,BigDecimal,3,34,2.5100,1602.264,55.938,57454384,5318792
G7B,adaptive,BigDecimal,3,35,2.4968,1105.389,38.785,179989888,69206016
G7B,adaptive,BigDecimal,3,36,2.6068,1606.043,57.570,15499704,3188352
G7B,adaptive,BigDecimal,3,37,2.7006,1599.368,60.449,74269928,43013520
G7B,adaptive,BigDecimal,3,38,2.5668,1863.821,60.051,209425352,96468992
G7B,adaptive,BigDecimal,4,1,2.8426,1130.055,45.165,117356776,79691776
G7B,adaptive,BigDecimal,4,2,2.7891,842.726,43.496,147547152,471512
G7B,adaptive,BigDecimal,4,3,2.6364,1651.102,61.740,67855360,67436488
G7B,adaptive,BigDecimal,4,4,2.5871,1134.600,47.016,176665528,-105402400
G7B,adaptive,BigDecimal,4,5,2.6060,2260.303,60.553,46958120,8775744
G7B,adaptive,BigDecimal,4,6,2.6494,1327.103,50.216,199044752,-63920136
G7B,adaptive,BigDecimal,4,7,2.6140,931.591,42.953,76259184,-46147496
G7B,adaptive,BigDecimal,4,8,2.6236,1639.810,53.099,18563456,-2065560
G7B,adaptive,BigDecimal,4,9,2.6043,1287.716,45.867,202700064,77594624
G7B,adaptive,BigDecimal,4,10,2.5428,1405.471,50.662,53357656,6330272
G7B,adaptive,BigDecimal,4,11,2.6135,1305.684,55.344,30515552,-28177272
G7B,adaptive,BigDecimal,4,12,2.5980,1057.744,46.409,132959320,-70207312
G7B,adaptive,BigDecimal,4,13,2.7047,1493.246,58.783,10177912,20021592
G7B,adaptive,BigDecimal,4,14,2.4255,1819.283,64.926,50018192,43345608
G7B,adaptive,BigDecimal,4,15,2.6154,1019.537,42.151,16361408,-20885088
G7B,adaptive,BigDecimal,4,16,2.8761,107.090,17.303,41718728,-19687768
G7B,adaptive,BigDecimal,4,17,2.4830,1009.836,47.417,72115776,-54486880
G7B,adaptive,BigDecimal,4,18,2.7670,1708.405,56.207,63733696,6334856
G7B,adaptive,BigDecimal,4,19,2.5917,998.919,47.072,163103880,76544000
G7B,adaptive,BigDecimal,4,20,2.5563,1315.041,53.657,14954816,-35330480
G7B,adaptive,BigDecimal,4,21,2.5345,1427.044,55.961,121192504,-84698008
G7B,adaptive,BigDecimal,4,22,2.5691,1191.115,50.104,111791280,48319984
G7B,adaptive,BigDecimal,4,23,2.5424,1423.481,56.165,6069536,-35836960
G7B,adaptive,BigDecimal,4,24,2.6121,519.081,37.199,67168480,11352448
G7B,adaptive,BigDecimal,4,25,2.6690,916.443,51.433,302080,-21961360
G7B,adaptive,BigDecimal,4,26,2.5915,1076.006,45.986,174365880,28561432
G7B,adaptive,BigDecimal,4,27,2.7961,76.444,13.075,25209896,18874368
G7B,adaptive,BigDecimal,4,28,2.5917,2059.151,69.174,7028264,-19548448
G7B,adaptive,BigDecimal,4,29,2.7685,1047.123,46.399,158175544,-112121496
G7B,adaptive,BigDecimal,4,30,2.5661,308.926,32.814,28021328,-20895176
G7B,adaptive,BigDecimal,4,31,2.7202,567.668,34.123,9413912,59766784
G7B,adaptive,BigDecimal,4,32,2.6370,840.599,45.293,14488152,-47108664
G7B,adaptive,BigDecimal,4,33,2.8630,48.379,9.132,12403928,13629440
G7B,adaptive,BigDecimal,4,34,2.5100,1565.634,57.680,49056584,-3105968
G7B,adaptive,BigDecimal,4,35,2.4968,1120.727,45.193,175585320,-131424976
G7B,adaptive,BigDecimal,4,36,2.6068,1605.213,62.404,53254368,41125184
G7B,adaptive,BigDecimal,4,37,2.7006,1684.477,64.795,72168456,66115792
G7B,adaptive,BigDecimal,4,38,2.5668,1866.005,67.611,60628704,69395656
G7B,adaptive,BigDecimal,5,1,2.8426,1165.227,54.281,179029296,-145223040
G7B,adaptive,BigDecimal,5,2,2.7891,825.952,40.722,20653144,65011712
G7B,adaptive,BigDecimal,5,3,2.6364,1696.399,60.995,63744128,1094328
G7B,adaptive,BigDecimal,5,4,2.5871,1139.952,45.795,188478384,-67032456
G7B,adaptive,BigDecimal,5,5,2.6060,2271.269,57.674,61558512,10539520
G7B,adaptive,BigDecimal,5,6,2.6494,1328.377,50.602,193711192,-70210288
G7B,adaptive,BigDecimal,5,7,2.6140,913.426,43.753,170941248,-52412984
G7B,adaptive,BigDecimal,5,8,2.6236,1647.626,60.200,12392344,11039544
G7B,adaptive,BigDecimal,5,9,2.6043,1278.443,50.003,156083360,-119472664
G7B,adaptive,BigDecimal,5,10,2.5428,1420.452,47.290,28018960,6346936
G7B,adaptive,BigDecimal,5,11,2.6135,1316.767,55.240,37360824,1074376
G7B,adaptive,BigDecimal,5,12,2.5980,1074.990,46.465,80778144,-58807648
G7B,adaptive,BigDecimal,5,13,2.7047,1497.972,53.672,9466616,-5187576
G7B,adaptive,BigDecimal,5,14,2.4255,1816.255,59.882,73091896,1120560
G7B,adaptive,BigDecimal,5,15,2.6154,1024.309,43.874,73558824,-39791440
G7B,adaptive,BigDecimal,5,16,2.8761,96.097,17.375,37668560,-17579968
G7B,adaptive,BigDecimal,5,17,2.4830,1023.488,45.968,78807184,-46110696
G7B,adaptive,BigDecimal,5,18,2.7670,1734.829,59.151,165846168,-31394488
G7B,adaptive,BigDecimal,5,19,2.5917,990.524,52.657,6058360,49363600
G7B,adaptive,BigDecimal,5,20,2.5563,1288.305,56.607,154666688,-169594904
G7B,adaptive,BigDecimal,5,21,2.5345,1429.960,58.649,3920696,-59681832
G7B,adaptive,BigDecimal,5,22,2.5691,1219.042,53.407,25673480,36968
G7B,adaptive,BigDecimal,5,23,2.5424,1414.204,64.777,186264712,-4141080
G7B,adaptive,BigDecimal,5,24,2.6121,531.016,38.291,65312440,13566512
G7B,adaptive,BigDecimal,5,25,2.6690,905.449,45.525,25532864,41520440
G7B,adaptive,BigDecimal,5,26,2.5915,1099.067,42.588,187914768,72349696
G7B,adaptive,BigDecimal,5,27,2.7961,76.584,15.060,27322080,-24217984
G7B,adaptive,BigDecimal,5,28,2.5917,2112.300,66.585,23889504,14768048
G7B,adaptive,BigDecimal,5,29,2.7685,1144.447,46.022,179143264,-52357752
G7B,adaptive,BigDecimal,5,30,2.5661,327.726,30.577,23952920,46137344
G7B,adaptive,BigDecimal,5,31,2.7202,602.255,43.656,91772208,6376920
G7B,adaptive,BigDecimal,5,32,2.6370,914.469,50.258,157904688,1130192
G7B,adaptive,BigDecimal,5,33,2.8630,44.442,9.350,14590280,13629440
G7B,adaptive,BigDecimal,5,34,2.5100,1609.665,59.285,30098704,-3068560
G7B,adaptive,BigDecimal,5,35,2.4968,1147.090,43.211,178603240,69206016
G7B,adaptive,BigDecimal,5,36,2.6068,1645.254,62.597,38572752,-3423832
G7B,adaptive,BigDecimal,5,37,2.7006,1695.311,59.195,30150912,1111752
G7B,adaptive,BigDecimal,5,38,2.5668,1846.613,67.035,60629456,69398352
G7B,adaptive,Nayuki,1,1,2.8328,997.873,0.265,76069400,426848
G7B,adaptive,Nayuki,1,2,2.7927,711.031,0.192,60450096,0
G7B,adaptive,Nayuki,1,3,2.6364,1441.579,0.325,101464720,0
G7B,adaptive,Nayuki,1,4,2.6065,1018.253,0.242,79953432,0
G7B,adaptive,Nayuki,1,5,2.6135,1913.370,0.467,126356464,0
G7B,adaptive,Nayuki,1,6,2.6585,1166.827,0.355,86193944,0
G7B,adaptive,Nayuki,1,7,2.6105,803.891,0.213,66368784,0
G7B,adaptive,Nayuki,1,8,2.6292,1407.636,0.518,100476376,334256
G7B,adaptive,Nayuki,1,9,2.6012,1139.995,0.442,86996032,0
G7B,adaptive,Nayuki,1,10,2.5487,1264.982,0.285,90657816,0
G7B,adaptive,Nayuki,1,11,2.6258,1153.492,0.271,84052664,0
G7B,adaptive,Nayuki,1,12,2.6047,876.467,0.228,74049544,0
G7B,adaptive,Nayuki,1,13,2.6901,1266.165,0.458,93286096,208584
G7B,adaptive,Nayuki,1,14,2.4282,1598.159,0.344,110195256,167008
G7B,adaptive,Nayuki,1,15,2.6221,909.416,0.264,72082000,0
G7B,adaptive,Nayuki,1,16,2.9027,93.776,0.056,10322264,0
G7B,adaptive,Nayuki,1,17,2.5034,872.288,0.332,68835304,0
G7B,adaptive,Nayuki,1,18,2.7727,1438.492,0.356,101467832,0
G7B,adaptive,Nayuki,1,19,2.6021,889.980,0.347,68485120,166912
G7B,adaptive,Nayuki,1,20,2.5500,1087.357,0.296,81350808,375784
G7B,adaptive,Nayuki,1,21,2.5225,1206.374,0.292,88675840,208144
G7B,adaptive,Nayuki,1,22,2.5723,991.619,0.572,77762800,0
G7B,adaptive,Nayuki,1,23,2.5455,1244.458,0.291,88803080,0
G7B,adaptive,Nayuki,1,24,2.6207,460.437,0.217,43016384,0
G7B,adaptive,Nayuki,1,25,2.6761,821.789,0.220,64435080,1046528
G7B,adaptive,Nayuki,1,26,2.5882,990.043,0.225,73737112,0
G7B,adaptive,Nayuki,1,27,2.7961,54.615,0.051,9388672,0
G7B,adaptive,Nayuki,1,28,2.6047,1886.284,0.407,121742544,0
G7B,adaptive,Nayuki,1,29,2.7781,1010.853,0.224,79547400,0
G7B,adaptive,Nayuki,1,30,2.5820,299.514,0.109,30000368,0
G7B,adaptive,Nayuki,1,31,2.7325,558.961,0.157,46391456,0
G7B,adaptive,Nayuki,1,32,2.6477,808.343,0.211,62676504,0
G7B,adaptive,Nayuki,1,33,2.8493,21.883,0.030,4196656,0
G7B,adaptive,Nayuki,1,34,2.5215,1367.811,0.304,95988800,0
G7B,adaptive,Nayuki,1,35,2.5128,1047.345,0.222,78285416,0
G7B,adaptive,Nayuki,1,36,2.6211,1394.396,0.409,99095960,0
G7B,adaptive,Nayuki,1,37,2.6893,1403.990,0.717,103283528,0
G7B,adaptive,Nayuki,1,38,2.5722,1577.497,0.363,107752488,1050624
G7B,adaptive,Nayuki,2,1,2.8328,986.765,0.335,73970464,7744
G7B,adaptive,Nayuki,2,2,2.7927,736.048,0.175,61979808,0
G7B,adaptive,Nayuki,2,3,2.6364,1411.393,0.327,102501264,0
G7B,adaptive,Nayuki,2,4,2.6065,1002.203,0.405,79162680,208792
G7B,adaptive,Nayuki,2,5,2.6135,2008.005,0.414,128726224,0
G7B,adaptive,Nayuki,2,6,2.6585,1181.996,0.266,88416016,0
G7B,adaptive,Nayuki,2,7,2.6105,819.520,0.314,66971928,0
G7B,adaptive,Nayuki,2,8,2.6292,1457.913,0.338,102502328,0
G7B,adaptive,Nayuki,2,9,2.6012,1197.445,0.264,87844848,0
G7B,adaptive,Nayuki,2,10,2.5487,1240.766,0.310,90720720,167168
G7B,adaptive,Nayuki,2,11,2.6258,1130.699,0.270,85068936,0
G7B,adaptive,Nayuki,2,12,2.6047,931.269,0.233,70797744,0
G7B,adaptive,Nayuki,2,13,2.6901,1285.984,0.281,93285960,208408
G7B,adaptive,Nayuki,2,14,2.4282,1610.478,0.335,110146464,167008
G7B,adaptive,Nayuki,2,15,2.6221,891.568,0.197,71223008,0
G7B,adaptive,Nayuki,2,16,2.9027,67.190,0.076,10585240,0
G7B,adaptive,Nayuki,2,17,2.5034,901.278,0.233,69733688,0
G7B,adaptive,Nayuki,2,18,2.7727,1385.613,0.328,99095608,0
G7B,adaptive,Nayuki,2,19,2.6021,869.226,0.256,66160312,0
G7B,adaptive,Nayuki,2,20,2.5500,1074.763,0.276,82422640,0
G7B,adaptive,Nayuki,2,21,2.5225,1203.057,0.263,88495040,0
G7B,adaptive,Nayuki,2,22,2.5723,1037.537,0.265,77937336,291840
G7B,adaptive,Nayuki,2,23,2.5455,1200.301,0.299,86150264,209056
G7B,adaptive,Nayuki,2,24,2.6207,471.854,0.148,42815944,0
G7B,adaptive,Nayuki,2,25,2.6761,784.164,0.209,66343112,0
G7B,adaptive,Nayuki,2,26,2.5882,976.914,0.207,73444808,0
G7B,adaptive,Nayuki,2,27,2.7961,56.593,0.044,10543936,0
G7B,adaptive,Nayuki,2,28,2.6047,1823.315,0.406,117963432,0
G7B,adaptive,Nayuki,2,29,2.7781,1040.503,0.228,77930768,292336
G7B,adaptive,Nayuki,2,30,2.5820,265.173,0.109,28550320,0
G7B,adaptive,Nayuki,2,31,2.7325,536.527,0.161,45601112,82808
G7B,adaptive,Nayuki,2,32,2.6477,768.279,0.213,63949336,0
G7B,adaptive,Nayuki,2,33,2.8493,27.783,0.031,4531832,0
G7B,adaptive,Nayuki,2,34,2.5215,1314.244,0.327,96992144,0
G7B,adaptive,Nayuki,2,35,2.5128,1012.860,0.202,80163096,0
G7B,adaptive,Nayuki,2,36,2.6211,1381.901,0.484,98998248,0
G7B,adaptive,Nayuki,2,37,2.6893,1430.797,0.326,102232304,0
G7B,adaptive,Nayuki,2,38,2.5722,1575.915,0.462,109572216,1050624
G7B,adaptive,Nayuki,3,1,2.8328,985.311,0.281,75199040,47592
G7B,adaptive,Nayuki,3,2,2.7927,728.938,0.180,62095016,0
G7B,adaptive,Nayuki,3,3,2.6364,1329.095,0.337,99089344,0
G7B,adaptive,Nayuki,3,4,2.6065,1017.009,0.236,77360880,0
G7B,adaptive,Nayuki,3,5,2.6135,1971.099,0.469,129534560,0
G7B,adaptive,Nayuki,3,6,2.6585,1181.846,0.368,88264072,0
G7B,adaptive,Nayuki,3,7,2.6105,794.962,0.225,66216944,375480
G7B,adaptive,Nayuki,3,8,2.6292,1433.927,0.327,101463472,0
G7B,adaptive,Nayuki,3,9,2.6012,1096.924,0.253,84051832,0
G7B,adaptive,Nayuki,3,10,2.5487,1220.516,0.280,92652992,0
G7B,adaptive,Nayuki,3,11,2.6258,1085.672,0.331,86393464,512816
G7B,adaptive,Nayuki,3,12,2.6047,813.342,0.214,73853448,166792
G7B,adaptive,Nayuki,3,13,2.6901,1151.429,0.274,94242808,250824
G7B,adaptive,Nayuki,3,14,2.4282,1476.246,0.350,111948800,1046528
G7B,adaptive,Nayuki,3,15,2.6221,893.129,0.201,74876680,0
G7B,adaptive,Nayuki,3,16,2.9027,61.001,0.057,10328648,83664
G7B,adaptive,Nayuki,3,17,2.5034,881.685,0.230,69013184,0
G7B,adaptive,Nayuki,3,18,2.7727,1344.635,0.378,102487232,0
G7B,adaptive,Nayuki,3,19,2.6021,854.836,0.338,68001736,291736
G7B,adaptive,Nayuki,3,20,2.5500,1040.990,0.284,80034144,0
G7B,adaptive,Nayuki,3,21,2.5225,1236.567,0.280,89566608,0
G7B,adaptive,Nayuki,3,22,2.5723,987.713,0.293,77938032,291696
G7B,adaptive,Nayuki,3,23,2.5455,1153.810,0.291,87198888,208992
G7B,adaptive,Nayuki,3,24,2.6207,437.218,0.151,42560248,0
G7B,adaptive,Nayuki,3,25,2.6761,763.201,0.209,66262760,0
G7B,adaptive,Nayuki,3,26,2.5882,945.669,0.209,73444448,0
G7B,adaptive,Nayuki,3,27,2.7961,55.652,0.043,8841296,0
G7B,adaptive,Nayuki,3,28,2.6047,1804.293,0.396,119616192,0
G7B,adaptive,Nayuki,3,29,2.7781,967.575,0.233,77932176,292368
G7B,adaptive,Nayuki,3,30,2.5820,227.714,0.108,28550296,0
G7B,adaptive,Nayuki,3,31,2.7325,473.260,0.164,46748576,82928
G7B,adaptive,Nayuki,3,32,2.6477,754.317,0.220,63624528,0
G7B,adaptive,Nayuki,3,33,2.8493,25.986,0.031,4280904,83488
G7B,adaptive,Nayuki,3,34,2.5215,1245.647,0.301,96991264,0
G7B,adaptive,Nayuki,3,35,2.5128,967.786,0.261,81102152,166768
G7B,adaptive,Nayuki,3,36,2.6211,1255.130,0.318,99954304,250384
G7B,adaptive,Nayuki,3,37,2.6893,1394.314,0.340,104607096,0
G7B,adaptive,Nayuki,3,38,2.5722,1531.284,0.584,108801024,1050624
G7B,adaptive,Nayuki,4,1,2.8328,996.008,0.429,76073984,1050624
G7B,adaptive,Nayuki,4,2,2.7927,720.306,0.186,60566480,375288
G7B,adaptive,Nayuki,4,3,2.6364,1430.843,0.534,99366664,0
G7B,adaptive,Nayuki,4,4,2.6065,1044.147,0.292,79278648,0
G7B,adaptive,Nayuki,4,5,2.6135,1929.311,0.463,126588936,0
G7B,adaptive,Nayuki,4,6,2.6585,1163.776,0.261,85103992,208976
G7B,adaptive,Nayuki,4,7,2.6105,816.174,0.209,66606696,0
G7B,adaptive,Nayuki,4,8,2.6292,1442.416,0.311,101183480,0
G7B,adaptive,Nayuki,4,9,2.6012,1172.491,0.279,86181688,0
G7B,adaptive,Nayuki,4,10,2.5487,1240.423,0.281,90900272,0
G7B,adaptive,Nayuki,4,11,2.6258,1148.919,0.260,85102952,0
G7B,adaptive,Nayuki,4,12,2.6047,939.305,0.249,74233536,0
G7B,adaptive,Nayuki,4,13,2.6901,1297.777,0.287,94087984,0
G7B,adaptive,Nayuki,4,14,2.4282,1586.430,0.338,109999296,167080
G7B,adaptive,Nayuki,4,15,2.6221,908.130,0.196,71206448,0
G7B,adaptive,Nayuki,4,16,2.9027,69.231,0.056,9889864,0
G7B,adaptive,Nayuki,4,17,2.5034,899.314,0.219,69574672,0
G7B,adaptive,Nayuki,4,18,2.7727,1319.827,0.335,101464680,0
G7B,adaptive,Nayuki,4,19,2.6021,877.298,0.344,66012880,0
G7B,adaptive,Nayuki,4,20,2.5500,1097.910,0.277,82423464,0
G7B,adaptive,Nayuki,4,21,2.5225,1218.974,0.335,89726544,208224
G7B,adaptive,Nayuki,4,22,2.5723,984.028,0.383,78158752,0
G7B,adaptive,Nayuki,4,23,2.5455,1195.374,0.308,85103680,291496
G7B,adaptive,Nayuki,4,24,2.6207,436.992,0.149,42919480,0
G7B,adaptive,Nayuki,4,25,2.6761,800.787,0.210,64968360,0
G7B,adaptive,Nayuki,4,26,2.5882,978.708,0.207,73445040,0
G7B,adaptive,Nayuki,4,27,2.7961,55.839,0.047,8307440,0
G7B,adaptive,Nayuki,4,28,2.6047,1831.532,0.397,120061904,0
G7B,adaptive,Nayuki,4,29,2.7781,997.507,0.559,76883672,292312
G7B,adaptive,Nayuki,4,30,2.5820,253.973,0.120,28115616,0
G7B,adaptive,Nayuki,4,31,2.7325,528.749,0.569,45539736,123768
G7B,adaptive,Nayuki,4,32,2.6477,779.099,0.329,66379184,0
G7B,adaptive,Nayuki,4,33,2.8493,27.410,0.035,4281152,83176
G7B,adaptive,Nayuki,4,34,2.5215,1308.451,0.304,95920752,248816
G7B,adaptive,Nayuki,4,35,2.5128,986.757,0.203,77818896,125264
G7B,adaptive,Nayuki,4,36,2.6211,1346.679,0.309,101443160,0
G7B,adaptive,Nayuki,4,37,2.6893,1388.802,0.390,103326312,0
G7B,adaptive,Nayuki,4,38,2.5722,1564.381,0.391,108801056,1050624
G7B,adaptive,Nayuki,5,1,2.8328,973.062,5.131,75991488,252424
G7B,adaptive,Nayuki,5,2,2.7927,692.149,0.205,59082104,0
G7B,adaptive,Nayuki,5,3,2.6364,1385.226,0.393,101467904,0
G7B,adaptive,Nayuki,5,4,2.6065,1016.580,0.238,77638416,0
G7B,adaptive,Nayuki,5,5,2.6135,1918.341,0.393,133185016,0
G7B,adaptive,Nayuki,5,6,2.6585,1211.709,0.268,88173160,0
G7B,adaptive,Nayuki,5,7,2.6105,818.259,0.371,65346888,0
G7B,adaptive,Nayuki,5,8,2.6292,1418.266,0.458,102512184,0
G7B,adaptive,Nayuki,5,9,2.6012,1171.535,0.263,86616584,0
G7B,adaptive,Nayuki,5,10,2.5487,1220.959,0.276,92819784,167200
G7B,adaptive,Nayuki,5,11,2.6258,1091.938,0.260,83382536,0
G7B,adaptive,Nayuki,5,12,2.6047,915.257,0.347,73444344,0
G7B,adaptive,Nayuki,5,13,2.6901,1272.516,0.436,93072592,0
G7B,adaptive,Nayuki,5,14,2.4282,1522.619,0.334,109851944,0
G7B,adaptive,Nayuki,5,15,2.6221,897.125,0.206,74836440,0
G7B,adaptive,Nayuki,5,16,2.9027,64.730,0.056,11039552,0
G7B,adaptive,Nayuki,5,17,2.5034,846.167,0.213,69208768,0
G7B,adaptive,Nayuki,5,18,2.7727,1355.840,0.333,99420880,334112
G7B,adaptive,Nayuki,5,19,2.6021,815.170,0.220,67082368,0
G7B,adaptive,Nayuki,5,20,2.5500,996.554,0.272,82422712,0
G7B,adaptive,Nayuki,5,21,2.5225,1178.482,0.264,89724344,208544
G7B,adaptive,Nayuki,5,22,2.5723,985.446,0.334,77580776,0
G7B,adaptive,Nayuki,5,23,2.5455,1165.226,0.287,87202312,208584
G7B,adaptive,Nayuki,5,24,2.6207,411.858,0.253,42743616,0
G7B,adaptive,Nayuki,5,25,2.6761,726.841,0.218,65230144,542088
G7B,adaptive,Nayuki,5,26,2.5882,950.430,0.222,73488888,332488
G7B,adaptive,Nayuki,5,27,2.7961,69.254,0.050,9260976,0
G7B,adaptive,Nayuki,5,28,2.6047,1739.914,0.457,121386912,0
G7B,adaptive,Nayuki,5,29,2.7781,977.323,0.270,76598408,0
G7B,adaptive,Nayuki,5,30,2.5820,224.898,0.129,28799664,0
G7B,adaptive,Nayuki,5,31,2.7325,498.387,0.155,46395584,0
G7B,adaptive,Nayuki,5,32,2.6477,744.344,0.210,63159528,0
G7B,adaptive,Nayuki,5,33,2.8493,25.797,0.033,4281104,83312
G7B,adaptive,Nayuki,5,34,2.5215,1167.548,0.300,96986928,0
G7B,adaptive,Nayuki,5,35,2.5128,978.699,0.291,78517504,0
G7B,adaptive,Nayuki,5,36,2.6211,1307.789,0.328,99364272,0
G7B,adaptive,Nayuki,5,37,2.6893,1355.816,0.662,103325184,0
G7B,adaptive,Nayuki,5,38,2.5722,1797.586,0.754,108778528,1050624
G8B,static,BigDecimal,1,1,3.0066,1139.233,6.209,146935944,10485760
G8B,static,BigDecimal,1,2,2.8036,887.652,4.635,40716648,9435136
G8B,static,BigDecimal,1,3,2.5455,1782.051,7.801,88869312,12582912
G8B,static,BigDecimal,1,4,2.4032,1118.853,5.345,174108768,11536384
G8B,static,BigDecimal,1,5,2.4613,2352.709,9.459,14508240,17827840
G8B,static,BigDecimal,1,6,2.4970,1349.790,5.775,113119992,11536384
G8B,static,BigDecimal,1,7,2.3825,880.395,4.150,107238088,9435136
G8B,static,BigDecimal,1,8,2.4354,1698.446,7.275,34312352,12582912
G8B,static,BigDecimal,1,9,2.4172,1291.102,6.446,80428528,-82776568
G8B,static,BigDecimal,1,10,2.3894,1486.589,6.822,66830776,12582912
G8B,static,BigDecimal,1,11,2.5000,1328.224,8.218,1613600,11536384
G8B,static,BigDecimal,1,12,2.3821,1022.665,4.987,48919112,9439232
G8B,static,BigDecimal,1,13,2.6140,1563.938,8.344,6055512,13629440
G8B,static,BigDecimal,1,14,2.3360,2030.525,7.434,88954128,14680064
G8B,static,BigDecimal,1,15,2.6321,1055.794,8.934,17338832,-79620472
G8B,static,BigDecimal,1,16,2.6991,106.130,0.790,22934952,1101048
G8B,static,BigDecimal,1,17,2.4524,1124.275,5.070,2911528,9112424
G8B,static,BigDecimal,1,18,2.7642,1793.724,11.460,64842416,-77535848
G8B,static,BigDecimal,1,19,2.4429,1076.320,5.479,59313536,8388608
G8B,static,BigDecimal,1,20,2.5063,1378.712,6.097,159380624,10485760
G8B,static,BigDecimal,1,21,2.3574,1431.706,5.130,42778952,10485760
G8B,static,BigDecimal,1,22,2.5595,1190.514,7.369,19742456,-11912632
G8B,static,BigDecimal,1,23,2.5152,1473.415,6.188,58532952,10485760
G8B,static,BigDecimal,1,24,2.4353,569.344,3.020,20007168,7337984
G8B,static,BigDecimal,1,25,2.4824,900.205,4.666,78993416,9439232
G8B,static,BigDecimal,1,26,2.6013,1139.217,5.867,130377624,12582912
G8B,static,BigDecimal,1,27,2.7573,69.984,0.465,12809528,0
G8B,static,BigDecimal,1,28,2.5943,2264.188,8.766,79484632,15726592
G8B,static,BigDecimal,1,29,2.8264,1217.008,6.496,192808248,11532288
G8B,static,BigDecimal,1,30,2.5608,340.934,2.426,54291368,4194304
G8B,static,BigDecimal,1,31,2.6996,619.072,3.677,26654128,7337984
G8B,static,BigDecimal,1,32,2.5979,948.713,4.810,102630352,9435136
G8B,static,BigDecimal,1,33,2.5890,28.561,0.302,1690192,334344
G8B,static,BigDecimal,1,34,2.4011,1747.728,6.311,8077496,12582912
G8B,static,BigDecimal,1,35,2.4103,1129.299,5.301,38234768,10485760
G8B,static,BigDecimal,1,36,2.5385,1732.211,7.259,39546592,14680064
G8B,static,BigDecimal,1,37,2.5847,1778.165,6.986,133532032,11536384
G8B,static,BigDecimal,1,38,2.4959,1961.691,7.457,251655512,14680064
G8B,static,BigDecimal,2,1,3.0066,1221.864,5.660,88935312,10485760
G8B,static,BigDecimal,2,2,2.8036,835.570,4.926,12333256,9435136
G8B,static,BigDecimal,2,3,2.5455,1789.627,8.265,80485104,13629440
G8B,static,BigDecimal,2,4,2.4032,1138.484,5.573,175197280,11536384
G8B,static,BigDecimal,2,5,2.4613,2341.049,9.704,222963888,16777216
G8B,static,BigDecimal,2,6,2.4970,1380.973,6.836,135645760,11536384
G8B,static,BigDecimal,2,7,2.3825,907.251,4.558,62568392,9435136
G8B,static,BigDecimal,2,8,2.4354,1710.437,8.122,28137144,12582912
G8B,static,BigDecimal,2,9,2.4172,1328.477,5.656,136058608,10485760
G8B,static,BigDecimal,2,10,2.3894,1489.800,6.358,9218304,11536384
G8B,static,BigDecimal,2,11,2.5000,1369.976,5.933,79518816,11536384
G8B,static,BigDecimal,2,12,2.3821,1021.106,5.293,44786984,9439232
G8B,static,BigDecimal,2,13,2.6140,1564.796,7.486,16593176,-14570128
G8B,static,BigDecimal,2,14,2.3360,1931.666,7.487,7166128,14680064
G8B,static,BigDecimal,2,15,2.6321,1056.598,5.187,111118328,10485760
G8B,static,BigDecimal,2,16,2.6991,91.387,0.620,28962608,1093872
G8B,static,BigDecimal,2,17,2.4524,1127.517,5.534,74223480,-23248352
G8B,static,BigDecimal,2,18,2.7642,1824.662,8.239,6110904,14680064
G8B,static,BigDecimal,2,19,2.4429,1029.750,6.659,25894920,-82776792
G8B,static,BigDecimal,2,20,2.5063,1331.635,7.449,13448008,-12772800
G8B,static,BigDecimal,2,21,2.3574,1404.817,5.756,117679432,10485760
G8B,static,BigDecimal,2,22,2.5595,1218.610,6.433,147781456,11532288
G8B,static,BigDecimal,2,23,2.5152,1442.828,6.223,101577120,10485760
G8B,static,BigDecimal,2,24,2.4353,545.331,2.953,72413528,7206552
G8B,static,BigDecimal,2,25,2.4824,909.402,4.799,50596240,9439232
G8B,static,BigDecimal,2,26,2.6013,1101.017,5.779,40747824,12582912
G8B,static,BigDecimal,2,27,2.7573,69.519,0.542,12624128,0
G8B,static,BigDecimal,2,28,2.5943,2276.807,9.310,131198616,15730688
G8B,static,BigDecimal,2,29,2.8264,1202.227,5.654,24689056,11532288
G8B,static,BigDecimal,2,30,2.5608,323.904,3.358,47389696,-33448904
G8B,static,BigDecimal,2,31,2.6996,643.370,5.538,16980688,-83816968
G8B,static,BigDecimal,2,32,2.5979,947.350,4.843,143152376,9435136
G8B,static,BigDecimal,2,33,2.5890,26.969,0.268,10276552,335040
G8B,static,BigDecimal,2,34,2.4011,1723.756,7.724,64789704,12582912
G8B,static,BigDecimal,2,35,2.4103,1153.787,5.357,20345936,11532288
G8B,static,BigDecimal,2,36,2.5385,1746.454,7.505,71077520,13633536
G8B,static,BigDecimal,2,37,2.5847,1837.274,8.012,106149432,12582912
G8B,static,BigDecimal,2,38,2.4959,1992.322,8.534,205788408,14680064
G8B,static,BigDecimal,3,1,3.0066,1157.863,6.519,116517616,10485760
G8B,static,BigDecimal,3,2,2.8036,881.052,5.613,28132792,9435136
G8B,static,BigDecimal,3,3,2.5455,1829.963,10.163,82671056,-79623088
G8B,static,BigDecimal,3,4,2.4032,1120.001,5.957,53285744,10485760
G8B,static,BigDecimal,3,5,2.4613,2393.967,8.991,10283840,16777216
G8B,static,BigDecimal,3,6,2.4970,1343.506,6.432,108934528,11536384
G8B,static,BigDecimal,3,7,2.3825,915.008,5.287,71113480,-110032440
G8B,static,BigDecimal,3,8,2.4354,1715.962,7.903,120029632,-14020992
G8B,static,BigDecimal,3,9,2.4172,1335.990,5.873,125568456,10485760
G8B,static,BigDecimal,3,10,2.3894,1536.235,6.031,146839280,12582912
G8B,static,BigDecimal,3,11,2.5000,1399.857,5.667,75322840,11536384
G8B,static,BigDecimal,3,12,2.3821,1035.707,5.615,94454952,9439232
G8B,static,BigDecimal,3,13,2.6140,1560.284,7.131,124193224,12582912
G8B,static,BigDecimal,3,14,2.3360,1940.357,7.698,223315400,13629440
G8B,static,BigDecimal,3,15,2.6321,1040.678,6.207,86650512,10485760
G8B,static,BigDecimal,3,16,2.6991,92.396,0.636,27312944,1046528
G8B,static,BigDecimal,3,17,2.4524,1095.952,4.485,133679512,9435136
G8B,static,BigDecimal,3,18,2.7642,1810.427,11.189,230462944,-81728864
G8B,static,BigDecimal,3,19,2.4429,1077.273,5.227,91006336,8388608
G8B,static,BigDecimal,3,20,2.5063,1352.433,5.494,174475032,10485760
G8B,static,BigDecimal,3,21,2.3574,1433.952,6.212,17628192,10485760
G8B,static,BigDecimal,3,22,2.5595,1211.957,5.037,15552952,10485760
G8B,static,BigDecimal,3,23,2.5152,1456.012,5.813,4005800,10485760
G8B,static,BigDecimal,3,24,2.4353,533.800,3.528,15508368,7337984
G8B,static,BigDecimal,3,25,2.4824,934.915,5.638,41763400,8388608
G8B,static,BigDecimal,3,26,2.6013,1117.747,5.815,101299840,12582912
G8B,static,BigDecimal,3,27,2.7573,75.368,0.332,12623552,0
G8B,static,BigDecimal,3,28,2.5943,2293.294,10.337,12235008,15726592
G8B,static,BigDecimal,3,29,2.8264,1151.925,7.668,113800880,-30193576
G8B,static,BigDecimal,3,30,2.5608,357.810,2.559,20833512,4194304
G8B,static,BigDecimal,3,31,2.6996,649.321,3.290,52127680,7342080
G8B,static,BigDecimal,3,32,2.5979,968.643,5.258,3578288,10485760
G8B,static,BigDecimal,3,33,2.5890,27.676,0.274,10266184,333768
G8B,static,BigDecimal,3,34,2.4011,1735.224,6.746,1875296,12582912
G8B,static,BigDecimal,3,35,2.4103,1120.626,6.151,31269408,11532288
G8B,static,BigDecimal,3,36,2.5385,1777.482,7.645,13465168,13633536
G8B,static,BigDecimal,3,37,2.5847,1810.338,7.432,8749312,12582904
G8B,static,BigDecimal,3,38,2.4959,1957.645,9.443,31272808,-27169368
G8B,static,BigDecimal,4,1,3.0066,1161.063,5.462,201142520,10485760
G8B,static,BigDecimal,4,2,2.8036,842.346,4.939,17648808,9435136
G8B,static,BigDecimal,4,3,2.5455,1698.849,6.924,32343928,13629440
G8B,static,BigDecimal,4,4,2.4032,1048.222,5.083,110351512,11536384
G8B,static,BigDecimal,4,5,2.4613,2233.408,8.967,18575936,16777216
G8B,static,BigDecimal,4,6,2.4970,1274.709,5.543,24986704,11536384
G8B,static,BigDecimal,4,7,2.3825,787.185,4.297,78664000,9435136
G8B,static,BigDecimal,4,8,2.4354,1622.610,6.866,5055112,12582912
G8B,static,BigDecimal,4,9,2.4172,1220.105,6.545,25962016,-80670240
G8B,static,BigDecimal,4,10,2.3894,1407.716,5.934,142728016,12582912
G8B,static,BigDecimal,4,11,2.5000,1184.393,5.772,81481296,11536384
G8B,static,BigDecimal,4,12,2.3821,840.662,4.836,49065016,9439232
G8B,static,BigDecimal,4,13,2.6140,1261.357,6.753,6106096,12582912
G8B,static,BigDecimal,4,14,2.3360,1586.036,6.994,55311768,14680064
G8B,static,BigDecimal,4,15,2.6321,787.183,4.852,58443288,10485760
G8B,static,BigDecimal,4,16,2.6991,73.372,0.685,27305792,1046528
G8B,static,BigDecimal,4,17,2.4524,842.238,4.804,152008936,9435136
G8B,static,BigDecimal,4,18,2.7642,1423.224,7.626,111214192,14680064
G8B,static,BigDecimal,4,19,2.4429,779.166,4.247,70274808,8388608
G8B,static,BigDecimal,4,20,2.5063,1023.866,5.099,100442208,10485760
G8B,static,BigDecimal,4,21,2.3574,1117.503,5.471,118401656,-138351776
G8B,static,BigDecimal,4,22,2.5595,923.658,4.794,118035728,11532288
G8B,static,BigDecimal,4,23,2.5152,1110.959,6.847,175094440,10485760
G8B,static,BigDecimal,4,24,2.4353,438.078,2.809,2157000,7337984
G8B,static,BigDecimal,4,25,2.4824,722.092,3.964,34524536,9439232
G8B,static,BigDecimal,4,26,2.6013,841.822,5.306,162735968,12582912
G8B,static,BigDecimal,4,27,2.7573,66.592,0.343,10449112,0
G8B,static,BigDecimal,4,28,2.5943,1863.227,8.166,139610888,15730688
G8B,static,BigDecimal,4,29,2.8264,948.013,5.505,76296816,11532288
G8B,static,BigDecimal,4,30,2.5608,254.417,2.828,47834872,-31431624
G8B,static,BigDecimal,4,31,2.6996,457.060,3.201,45973720,7337984
G8B,static,BigDecimal,4,32,2.5979,732.081,4.577,112222904,9435136
G8B,static,BigDecimal,4,33,2.5890,24.723,0.201,1690000,334424
G8B,static,BigDecimal,4,34,2.4011,1400.295,7.574,14467752,12582912
G8B,static,BigDecimal,4,35,2.4103,925.440,4.904,77397496,10485760
G8B,static,BigDecimal,4,36,2.5385,1496.732,7.088,223239560,14680064
G8B,static,BigDecimal,4,37,2.5847,1782.418,7.242,6557696,-79629832
G8B,static,BigDecimal,4,38,2.4959,1843.243,10.967,215357688,14054608
G8B,static,BigDecimal,5,1,3.0066,965.331,5.771,136598192,10485760
G8B,static,BigDecimal,5,2,2.8036,727.814,6.176,32324776,-24053768
G8B,static,BigDecimal,5,3,2.5455,1586.157,6.934,855832,13629440
G8B,static,BigDecimal,5,4,2.4032,921.085,5.041,37151136,11536384
G8B,static,BigDecimal,5,5,2.4613,2045.476,8.423,194044720,16777216
G8B,static,BigDecimal,5,6,2.4970,1224.705,5.390,62607584,11536384
G8B,static,BigDecimal,5,7,2.3825,725.638,4.107,36986680,9435136
G8B,static,BigDecimal,5,8,2.4354,1375.379,8.116,53258296,-76480752
G8B,static,BigDecimal,5,9,2.4172,1066.380,6.532,63644712,10485760
G8B,static,BigDecimal,5,10,2.3894,1210.063,5.819,27544840,12582912
G8B,static,BigDecimal,5,11,2.5000,1119.217,6.631,17266360,11536384
G8B,static,BigDecimal,5,12,2.3821,891.865,4.562,47577576,9439232
G8B,static,BigDecimal,5,13,2.6140,1348.420,6.447,111085128,12582912
G8B,static,BigDecimal,5,14,2.3360,1723.689,6.825,36455232,14680064
G8B,static,BigDecimal,5,15,2.6321,876.425,5.151,59116352,10485760
G8B,static,BigDecimal,5,16,2.6991,84.329,0.591,27120872,1046528
G8B,static,BigDecimal,5,17,2.4524,926.673,4.703,73765760,9435136
G8B,static,BigDecimal,5,18,2.7642,1603.078,7.452,177924024,14680064
G8B,static,BigDecimal,5,19,2.4429,875.008,4.648,105576392,8388608
G8B,static,BigDecimal,5,20,2.5063,1165.695,4.949,55388712,10485760
G8B,static,BigDecimal,5,21,2.3574,1242.009,5.906,46936680,-80677056
G8B,static,BigDecimal,5,22,2.5595,1128.651,6.774,67986184,10485760
G8B,static,BigDecimal,5,23,2.5152,1217.175,5.167,31274864,10485760
G8B,static,BigDecimal,5,24,2.4353,442.040,2.793,73198544,6291456
G8B,static,BigDecimal,5,25,2.4824,691.740,4.178,35399736,9439232
G8B,static,BigDecimal,5,26,2.6013,935.879,7.724,19804232,12582912
G8B,static,BigDecimal,5,27,2.7573,51.686,0.327,10284256,0
G8B,static,BigDecimal,5,28,2.5943,1976.591,12.114,64722312,-6686632
G8B,static,BigDecimal,5,29,2.8264,987.884,5.703,54346368,11532288
G8B,static,BigDecimal,5,30,2.5608,310.720,2.805,27100272,-79616008
G8B,static,BigDecimal,5,31,2.6996,496.361,3.150,27610688,7337984
G8B,static,BigDecimal,5,32,2.5979,786.623,4.631,43912296,9435136
G8B,static,BigDecimal,5,33,2.5890,24.208,0.215,10276704,335024
G8B,static,BigDecimal,5,34,2.4011,1468.638,6.590,18661504,12582912
G8B,static,BigDecimal,5,35,2.4103,940.965,4.917,57207176,10485760
G8B,static,BigDecimal,5,36,2.5385,1455.386,7.958,159638400,14680064
G8B,static,BigDecimal,5,37,2.5847,1588.198,6.534,195403712,12582912
G8B,static,BigDecimal,5,38,2.4959,1735.861,7.492,14475552,13633536
G8B,static,Nayuki,1,1,3.0164,690.844,0.247,80401544,45840
G8B,static,Nayuki,1,2,2.8218,558.626,0.303,63358176,0
G8B,static,Nayuki,1,3,2.5455,1097.851,0.439,106389256,1050624
G8B,static,Nayuki,1,4,2.4000,764.803,0.311,79985880,0
G8B,static,Nayuki,1,5,2.4539,1669.673,0.520,130781448,0
G8B,static,Nayuki,1,6,2.5122,947.527,0.375,88685256,292328
G8B,static,Nayuki,1,7,2.3579,595.032,0.264,68290296,0
G8B,static,Nayuki,1,8,2.4494,1083.651,0.395,106662880,0
G8B,static,Nayuki,1,9,2.4294,888.343,0.364,86416920,294424
G8B,static,Nayuki,1,10,2.4071,943.865,0.366,94175392,0
G8B,static,Nayuki,1,11,2.5031,779.925,0.382,85991312,0
G8B,static,Nayuki,1,12,2.3920,723.095,0.295,73706184,0
G8B,static,Nayuki,1,13,2.6199,948.704,0.377,97221240,216368
G8B,static,Nayuki,1,14,2.3415,1207.221,0.453,114733344,292536
G8B,static,Nayuki,1,15,2.6221,677.046,0.266,71068872,876232
G8B,static,Nayuki,1,16,2.6903,78.432,0.071,10612480,83400
G8B,static,Nayuki,1,17,2.4490,715.385,0.274,72283688,83528
G8B,static,Nayuki,1,18,2.7727,978.501,0.406,104570312,0
G8B,static,Nayuki,1,19,2.4360,719.321,0.284,68489920,333944
G8B,static,Nayuki,1,20,2.5000,864.787,0.332,87017536,0
G8B,static,Nayuki,1,21,2.3544,879.913,0.504,92615176,208232
G8B,static,Nayuki,1,22,2.5723,731.095,0.305,83174632,0
G8B,static,Nayuki,1,23,2.5212,1012.035,0.344,92491104,0
G8B,static,Nayuki,1,24,2.4483,292.664,0.201,44921608,209232
G8B,static,Nayuki,1,25,2.4789,537.748,0.274,69545848,0
G8B,static,Nayuki,1,26,2.6144,889.936,0.472,75157944,0
G8B,static,Nayuki,1,27,2.7961,49.404,0.055,9221096,0
G8B,static,Nayuki,1,28,2.6047,1604.717,0.500,129456480,0
G8B,static,Nayuki,1,29,2.8296,748.966,0.277,78646048,0
G8B,static,Nayuki,1,30,2.5397,183.027,0.135,30167232,0
G8B,static,Nayuki,1,31,2.6996,381.567,0.202,48721744,83168
G8B,static,Nayuki,1,32,2.5907,623.763,0.276,68135288,539808
G8B,static,Nayuki,1,33,2.6301,26.184,0.048,4321304,82112
G8B,static,Nayuki,1,34,2.4069,1181.619,0.396,105342616,0
G8B,static,Nayuki,1,35,2.4103,962.260,0.262,80282032,0
G8B,static,Nayuki,1,36,2.5527,1013.906,0.400,105740616,250744
G8B,static,Nayuki,1,37,2.5989,1060.195,0.414,112956008,0
G8B,static,Nayuki,1,38,2.5068,1203.134,0.460,115937040,0
G8B,static,Nayuki,2,1,3.0164,744.481,0.281,82977968,1050624
G8B,static,Nayuki,2,2,2.8218,470.330,0.232,60920736,416792
G8B,static,Nayuki,2,3,2.5455,1016.380,0.626,108759840,1050624
G8B,static,Nayuki,2,4,2.4000,767.225,0.339,78937176,0
G8B,static,Nayuki,2,5,2.4539,1586.135,0.572,131828048,0
G8B,static,Nayuki,2,6,2.5122,795.142,0.350,89043256,250720
G8B,static,Nayuki,2,7,2.3579,524.075,0.267,68669696,0
G8B,static,Nayuki,2,8,2.4494,826.253,0.395,105613928,0
G8B,static,Nayuki,2,9,2.4294,694.711,0.337,88456480,252616
G8B,static,Nayuki,2,10,2.4071,760.827,0.380,94197840,0
G8B,static,Nayuki,2,11,2.5031,702.137,0.345,87139304,0
G8B,static,Nayuki,2,12,2.3920,616.636,0.300,77773184,0
G8B,static,Nayuki,2,13,2.6199,929.457,0.403,99010048,461552
G8B,static,Nayuki,2,14,2.3415,1082.665,0.455,119152320,1046528
G8B,static,Nayuki,2,15,2.6221,597.667,0.244,74689648,125456
G8B,static,Nayuki,2,16,2.6903,56.289,0.068,10901872,0
G8B,static,Nayuki,2,17,2.4490,564.024,0.263,71354528,0
G8B,static,Nayuki,2,18,2.7727,848.945,0.403,106663144,0
G8B,static,Nayuki,2,19,2.4360,507.265,0.282,73384144,417640
G8B,static,Nayuki,2,20,2.5000,650.135,0.328,85064536,208984
G8B,static,Nayuki,2,21,2.3544,838.386,0.382,94451896,0
G8B,static,Nayuki,2,22,2.5723,747.991,0.305,81912992,0
G8B,static,Nayuki,2,23,2.5212,921.803,0.347,91442440,0
G8B,static,Nayuki,2,24,2.4483,349.550,0.196,44483208,167048
G8B,static,Nayuki,2,25,2.4789,523.966,0.274,67391344,0
G8B,static,Nayuki,2,26,2.6144,746.705,0.281,78657712,0
G8B,static,Nayuki,2,27,2.7961,51.741,0.052,8541576,0
G8B,static,Nayuki,2,28,2.6047,1346.656,0.501,129454472,0
G8B,static,Nayuki,2,29,2.8296,696.453,0.289,81863808,0
G8B,static,Nayuki,2,30,2.5397,214.616,0.134,30834448,0
G8B,static,Nayuki,2,31,2.6996,387.975,0.225,48687216,83000
G8B,static,Nayuki,2,32,2.5907,508.460,0.285,67948128,539792
G8B,static,Nayuki,2,33,2.6301,22.914,0.036,4486672,82032
G8B,static,Nayuki,2,34,2.4069,828.491,0.396,106389280,0
G8B,static,Nayuki,2,35,2.4103,600.871,0.260,80004760,0
G8B,static,Nayuki,2,36,2.5527,861.209,0.397,106662280,0
G8B,static,Nayuki,2,37,2.5989,866.217,0.430,112889080,0
G8B,static,Nayuki,2,38,2.5068,958.181,0.463,118141896,0
G8B,static,Nayuki,3,1,3.0164,613.174,0.251,79226224,89280
G8B,static,Nayuki,3,2,2.8218,471.682,0.224,62040240,792688
G8B,static,Nayuki,3,3,2.5455,820.691,0.440,107711032,1050624
G8B,static,Nayuki,3,4,2.4000,602.553,0.315,79874848,0
G8B,static,Nayuki,3,5,2.4539,1192.276,0.512,130503744,0
G8B,static,Nayuki,3,6,2.5122,662.115,0.330,89813592,250768
G8B,static,Nayuki,3,7,2.3579,488.698,0.267,67594280,0
G8B,static,Nayuki,3,8,2.4494,816.717,0.397,102480752,334240
G8B,static,Nayuki,3,9,2.4294,659.201,0.351,88471920,252560
G8B,static,Nayuki,3,10,2.4071,706.269,0.362,94260680,0
G8B,static,Nayuki,3,11,2.5031,683.135,0.333,87793848,0
G8B,static,Nayuki,3,12,2.3920,521.556,0.299,76076136,375912
G8B,static,Nayuki,3,13,2.6199,721.241,0.397,96946176,1050624
G8B,static,Nayuki,3,14,2.3415,926.300,0.464,117919536,1046528
G8B,static,Nayuki,3,15,2.6221,532.197,0.241,72616128,0
G8B,static,Nayuki,3,16,2.6903,60.900,0.068,10615760,82848
G8B,static,Nayuki,3,17,2.4490,523.741,0.265,73445328,0
G8B,static,Nayuki,3,18,2.7727,802.383,0.409,105614256,0
G8B,static,Nayuki,3,19,2.4360,514.111,0.272,75499560,0
G8B,static,Nayuki,3,20,2.5000,619.151,0.330,83815768,0
G8B,static,Nayuki,3,21,2.3544,712.438,0.326,91579552,0
G8B,static,Nayuki,3,22,2.5723,586.086,0.301,80864824,0
G8B,static,Nayuki,3,23,2.5212,666.288,0.360,94503040,208840
G8B,static,Nayuki,3,24,2.4483,294.676,0.193,43949440,0
G8B,static,Nayuki,3,25,2.4789,520.440,0.266,68402944,0
G8B,static,Nayuki,3,26,2.6144,640.940,0.277,78877328,0
G8B,static,Nayuki,3,27,2.7961,45.633,0.052,8784168,83480
G8B,static,Nayuki,3,28,2.6047,1059.138,0.497,129731552,0
G8B,static,Nayuki,3,29,2.8296,561.822,0.280,77598656,292288
G8B,static,Nayuki,3,30,2.5397,172.376,0.132,30617912,0
G8B,static,Nayuki,3,31,2.6996,335.122,0.199,47911816,123992
G8B,static,Nayuki,3,32,2.5907,544.880,0.330,69717560,0
G8B,static,Nayuki,3,33,2.6301,22.686,0.035,5329176,0
G8B,static,Nayuki,3,34,2.4069,772.302,0.381,106385384,0
G8B,static,Nayuki,3,35,2.4103,612.776,0.257,81046888,0
G8B,static,Nayuki,3,36,2.5527,881.555,0.389,103549304,292632
G8B,static,Nayuki,3,37,2.5989,887.825,0.406,105629792,0
G8B,static,Nayuki,3,38,2.5068,971.706,0.447,116099104,0
G8B,static,Nayuki,4,1,3.0164,600.115,0.277,82758424,1050624
G8B,static,Nayuki,4,2,2.8218,438.385,0.219,60997840,416968
G8B,static,Nayuki,4,3,2.5455,784.020,0.436,110856864,1050056
G8B,static,Nayuki,4,4,2.4000,580.911,0.306,76559576,0
G8B,static,Nayuki,4,5,2.4539,1165.486,0.727,135924304,0
G8B,static,Nayuki,4,6,2.5122,690.267,0.335,88917432,292352
G8B,static,Nayuki,4,7,2.3579,483.194,0.269,69499960,0
G8B,static,Nayuki,4,8,2.4494,914.796,0.402,105473208,0
G8B,static,Nayuki,4,9,2.4294,667.353,0.362,88605520,252792
G8B,static,Nayuki,4,10,2.4071,919.465,0.354,92757184,0
G8B,static,Nayuki,4,11,2.5031,726.131,0.348,87782680,0
G8B,static,Nayuki,4,12,2.3920,539.488,0.322,75931560,0
G8B,static,Nayuki,4,13,2.6199,752.966,3.571,96171224,7344
G8B,static,Nayuki,4,14,2.3415,1012.981,0.454,117149808,1046528
G8B,static,Nayuki,4,15,2.6221,519.834,0.244,71357872,0
G8B,static,Nayuki,4,16,2.6903,56.297,0.072,11715400,124280
G8B,static,Nayuki,4,17,2.4490,505.978,0.266,69620648,165304
G8B,static,Nayuki,4,18,2.7727,782.750,0.410,106665104,0
G8B,static,Nayuki,4,19,2.4360,518.820,0.274,75499176,0
G8B,static,Nayuki,4,20,2.5000,644.726,0.319,86996272,0
G8B,static,Nayuki,4,21,2.3544,688.393,0.341,90662424,0
G8B,static,Nayuki,4,22,2.5723,637.581,0.312,84913480,0
G8B,static,Nayuki,4,23,2.5212,692.573,0.347,94606944,0
G8B,static,Nayuki,4,24,2.4483,287.706,0.196,43483448,82608
G8B,static,Nayuki,4,25,2.4789,463.534,0.265,67200688,0
G8B,static,Nayuki,4,26,2.6144,597.385,0.279,78146352,0
G8B,static,Nayuki,4,27,2.7961,53.323,0.051,9194272,0
G8B,static,Nayuki,4,28,2.6047,1229.069,0.488,131122832,167144
G8B,static,Nayuki,4,29,2.8296,655.450,0.279,78585432,375720
G8B,static,Nayuki,4,30,2.5397,179.911,0.133,30946256,0
G8B,static,Nayuki,4,31,2.6996,361.527,0.200,48620432,83120
G8B,static,Nayuki,4,32,2.5907,496.881,0.267,69426112,542256
G8B,static,Nayuki,4,33,2.6301,23.057,0.036,4484928,81864
G8B,static,Nayuki,4,34,2.4069,848.104,0.388,106384952,0
G8B,static,Nayuki,4,35,2.4103,743.921,0.443,81048872,0
G8B,static,Nayuki,4,36,2.5527,809.959,0.396,106662280,0
G8B,static,Nayuki,4,37,2.5989,818.286,0.413,111622320,0
G8B,static,Nayuki,4,38,2.5068,983.755,0.449,116054488,0
G8B,static,Nayuki,5,1,3.0164,572.701,3.754,80938936,-4394080
G8B,static,Nayuki,5,2,2.8218,432.483,0.216,62976904,0
G8B,static,Nayuki,5,3,2.5455,864.290,0.439,107711192,1050624
G8B,static,Nayuki,5,4,2.4000,606.907,0.303,80110304,0
G8B,static,Nayuki,5,5,2.4539,1118.271,0.525,131840592,0
G8B,static,Nayuki,5,6,2.5122,659.468,0.574,91058160,167328
G8B,static,Nayuki,5,7,2.3579,469.976,0.261,69616408,0
G8B,static,Nayuki,5,8,2.4494,819.827,0.409,105613760,0
G8B,static,Nayuki,5,9,2.4294,667.092,0.343,89268736,252720
G8B,static,Nayuki,5,10,2.4071,776.399,0.352,94315232,0
G8B,static,Nayuki,5,11,2.5031,666.711,0.396,86734536,0
G8B,static,Nayuki,5,12,2.3920,516.106,0.293,75034264,376376
G8B,static,Nayuki,5,13,2.6199,931.414,0.405,100370544,1050624
G8B,static,Nayuki,5,14,2.3415,1360.354,0.443,117778120,1046528
G8B,static,Nayuki,5,15,2.6221,597.491,0.243,75555232,0
G8B,static,Nayuki,5,16,2.6903,56.706,0.068,10903936,0
G8B,static,Nayuki,5,17,2.4490,587.854,0.274,74587784,0
G8B,static,Nayuki,5,18,2.7727,1102.057,0.543,103864344,333712
G8B,static,Nayuki,5,19,2.4360,623.583,0.281,75963896,0
G8B,static,Nayuki,5,20,2.5000,715.643,0.324,88093440,0
G8B,static,Nayuki,5,21,2.3544,765.198,0.343,93662920,207648
G8B,static,Nayuki,5,22,2.5723,616.246,0.318,83030424,428384
G8B,static,Nayuki,5,23,2.5212,750.311,0.340,95465816,167080
G8B,static,Nayuki,5,24,2.4483,287.189,0.192,44333752,0
G8B,static,Nayuki,5,25,2.4789,465.089,0.274,67796296,349816
G8B,static,Nayuki,5,26,2.6144,579.132,0.279,78873992,0
G8B,static,Nayuki,5,27,2.7961,46.682,0.051,9377944,0
G8B,static,Nayuki,5,28,2.6047,1077.754,0.490,128754016,0
G8B,static,Nayuki,5,29,2.8296,578.723,0.272,80444840,0
G8B,static,Nayuki,5,30,2.5397,186.451,0.138,29662624,677504
G8B,static,Nayuki,5,31,2.6996,333.778,0.199,47656648,82464
G8B,static,Nayuki,5,32,2.5907,458.997,0.268,69124184,0
G8B,static,Nayuki,5,33,2.6301,24.687,0.041,4752856,0
G8B,static,Nayuki,5,34,2.4069,754.134,0.392,106380592,0
G8B,static,Nayuki,5,35,2.4103,591.731,0.261,83003440,0
G8B,static,Nayuki,5,36,2.5527,762.590,0.408,104062200,250760
G8B,static,Nayuki,5,37,2.5989,818.613,0.444,110574424,0
G8B,static,Nayuki,5,38,2.5068,884.614,0.458,117996976,0
G8B,semi-adaptive,BigDecimal,1,1,2.6984,680.722,7.169,-44286144,6461248
G8B,semi-adaptive,BigDecimal,1,2,2.4836,546.544,5.065,30382640,-82824088
G8B,semi-adaptive,BigDecimal,1,3,2.3750,1113.000,12.425,-61832216,3784904
G8B,semi-adaptive,BigDecimal,1,4,2.1968,680.421,4.720,-64439392,9435136
G8B,semi-adaptive,BigDecimal,1,5,2.3416,1388.506,7.153,103385192,14680064
G8B,semi-adaptive,BigDecimal,1,6,2.3293,849.873,18.370,-37995544,916672
G8B,semi-adaptive,BigDecimal,1,7,2.2316,610.827,4.385,-43723344,7337984
G8B,semi-adaptive,BigDecimal,1,8,2.2584,1032.589,14.279,-76419040,3812960
G8B,semi-adaptive,BigDecimal,1,9,2.2331,816.841,4.723,-85212392,10485760
G8B,semi-adaptive,BigDecimal,1,10,2.1770,907.875,5.620,-32982200,-75607776
G8B,semi-adaptive,BigDecimal,1,11,2.3252,851.439,5.184,-26028160,11831536
G8B,semi-adaptive,BigDecimal,1,12,2.2126,648.546,3.874,-70744424,8388608
G8B,semi-adaptive,BigDecimal,1,13,2.4240,866.479,6.113,-37144760,10485760
G8B,semi-adaptive,BigDecimal,1,14,2.1463,1148.715,5.510,56648608,11532288
G8B,semi-adaptive,BigDecimal,1,15,2.3077,631.599,4.156,-65276544,8388608
G8B,semi-adaptive,BigDecimal,1,16,2.2920,61.299,0.330,19087456,750720
G8B,semi-adaptive,BigDecimal,1,17,2.2007,622.930,3.499,-68406672,7040552
G8B,semi-adaptive,BigDecimal,1,18,2.5142,1102.057,6.658,-91667664,-81963064
G8B,semi-adaptive,BigDecimal,1,19,2.2837,644.817,3.821,-64217104,9439232
G8B,semi-adaptive,BigDecimal,1,20,2.3531,845.722,5.391,-70945584,-80705280
G8B,semi-adaptive,BigDecimal,1,21,2.2012,899.689,6.467,-73232872,-43756464
G8B,semi-adaptive,BigDecimal,1,22,2.3666,843.164,4.328,6544184,8388608
G8B,semi-adaptive,BigDecimal,1,23,2.3394,937.144,13.469,-78599648,-123176
G8B,semi-adaptive,BigDecimal,1,24,2.2672,367.257,2.344,18903968,5240832
G8B,semi-adaptive,BigDecimal,1,25,2.3556,577.751,3.688,-15534296,8388728
G8B,semi-adaptive,BigDecimal,1,26,2.2908,664.432,4.277,92457800,9100632
G8B,semi-adaptive,BigDecimal,1,27,2.2524,49.878,0.291,17586776,706944
G8B,semi-adaptive,BigDecimal,1,28,2.3824,1400.361,7.823,-101679000,13633536
G8B,semi-adaptive,BigDecimal,1,29,2.5305,695.782,5.089,-27372648,-46232304
G8B,semi-adaptive,BigDecimal,1,30,2.1693,231.883,1.905,47431128,4194304
G8B,semi-adaptive,BigDecimal,1,31,2.4979,419.627,3.041,7099120,6291456
G8B,semi-adaptive,BigDecimal,1,32,2.3701,638.754,3.920,28614088,8388608
G8B,semi-adaptive,BigDecimal,1,33,2.1233,25.348,0.173,2083360,0
G8B,semi-adaptive,BigDecimal,1,34,2.2464,984.439,6.612,-85361736,-37995616
G8B,semi-adaptive,BigDecimal,1,35,2.1506,678.337,6.525,-18638920,6584248
G8B,semi-adaptive,BigDecimal,1,36,2.3590,1076.614,6.387,-24261312,10485760
G8B,semi-adaptive,BigDecimal,1,37,2.4096,1063.818,5.464,-49171136,11917256
G8B,semi-adaptive,BigDecimal,1,38,2.3215,1238.499,25.161,-107165552,3374520
G8B,semi-adaptive,BigDecimal,2,1,2.6984,700.931,4.557,100380440,10485760
G8B,semi-adaptive,BigDecimal,2,2,2.4836,545.407,4.056,-52104888,7337984
G8B,semi-adaptive,BigDecimal,2,3,2.3750,1095.075,5.949,-36490544,11536384
G8B,semi-adaptive,BigDecimal,2,4,2.1968,714.071,4.139,-67608608,9435136
G8B,semi-adaptive,BigDecimal,2,5,2.3416,1404.590,8.059,-109018456,13633536
G8B,semi-adaptive,BigDecimal,2,6,2.3293,884.393,5.388,-28414672,11532288
G8B,semi-adaptive,BigDecimal,2,7,2.2316,572.331,5.836,-16489600,-82824384
G8B,semi-adaptive,BigDecimal,2,8,2.2584,1061.254,6.197,-69135256,11536384
G8B,semi-adaptive,BigDecimal,2,9,2.2331,802.773,4.764,-82020648,10485760
G8B,semi-adaptive,BigDecimal,2,10,2.1770,909.870,5.777,-10954064,11536384
G8B,semi-adaptive,BigDecimal,2,11,2.3252,841.419,18.506,69634736,-131976
G8B,semi-adaptive,BigDecimal,2,12,2.2126,643.202,3.899,71916912,8388608
G8B,semi-adaptive,BigDecimal,2,13,2.4240,908.611,5.402,35961160,11532288
G8B,semi-adaptive,BigDecimal,2,14,2.1463,1173.718,19.795,-98197376,1620736
G8B,semi-adaptive,BigDecimal,2,15,2.3077,598.341,4.197,-30036792,8388608
G8B,semi-adaptive,BigDecimal,2,16,2.2920,70.115,0.366,-6511688,1050624
G8B,semi-adaptive,BigDecimal,2,17,2.2007,600.878,3.445,-55395672,7342080
G8B,semi-adaptive,BigDecimal,2,18,2.5142,1075.295,27.727,-88038600,4283568
G8B,semi-adaptive,BigDecimal,2,19,2.2837,639.679,3.936,-40029360,9439232
G8B,semi-adaptive,BigDecimal,2,20,2.3531,874.941,4.968,-6984736,10485760
G8B,semi-adaptive,BigDecimal,2,21,2.2012,909.070,8.234,-75705456,7724328
G8B,semi-adaptive,BigDecimal,2,22,2.3666,782.022,7.246,99105992,6917248
G8B,semi-adaptive,BigDecimal,2,23,2.3394,946.096,5.402,-47384872,9638808
G8B,semi-adaptive,BigDecimal,2,24,2.2672,366.048,2.351,91305200,5240832
G8B,semi-adaptive,BigDecimal,2,25,2.3556,591.483,3.689,-52370360,7337984
G8B,semi-adaptive,BigDecimal,2,26,2.2908,646.971,4.448,-52934936,9439232
G8B,semi-adaptive,BigDecimal,2,27,2.2524,50.234,0.320,17872184,790856
G8B,semi-adaptive,BigDecimal,2,28,2.3824,1444.872,7.865,-85956640,13633536
G8B,semi-adaptive,BigDecimal,2,29,2.5305,688.973,4.828,-14782600,9435136
G8B,semi-adaptive,BigDecimal,2,30,2.1693,232.716,1.963,7950496,4194304
G8B,semi-adaptive,BigDecimal,2,31,2.4979,445.745,2.831,-43846744,6291456
G8B,semi-adaptive,BigDecimal,2,32,2.3701,630.531,3.848,20719696,8388608
G8B,semi-adaptive,BigDecimal,2,33,2.1233,25.735,0.177,4186832,0
G8B,semi-adaptive,BigDecimal,2,34,2.2464,935.300,5.061,-95542112,10988256
G8B,semi-adaptive,BigDecimal,2,35,2.1506,704.165,4.753,-33692440,9439232
G8B,semi-adaptive,BigDecimal,2,36,2.3590,1099.483,6.019,-98107392,11532288
G8B,semi-adaptive,BigDecimal,2,37,2.4096,929.621,6.341,13791824,8314840
G8B,semi-adaptive,BigDecimal,2,38,2.3215,1250.754,11.894,-92401392,-35944288
G8B,semi-adaptive,BigDecimal,3,1,2.6984,666.026,4.474,-44089896,10485760
G8B,semi-adaptive,BigDecimal,3,2,2.4836,534.848,4.055,-57688224,7337984
G8B,semi-adaptive,BigDecimal,3,3,2.3750,1121.279,5.976,-97389360,12039896
G8B,semi-adaptive,BigDecimal,3,4,2.1968,683.837,4.233,-75550248,9429176
G8B,semi-adaptive,BigDecimal,3,5,2.3416,1432.683,8.168,-117051504,14680064
G8B,semi-adaptive,BigDecimal,3,6,2.3293,818.573,5.581,-63018528,11532288
G8B,semi-adaptive,BigDecimal,3,7,2.2316,559.242,3.603,30602312,8388608
G8B,semi-adaptive,BigDecimal,3,8,2.2584,1021.741,6.233,-96770000,11536384
G8B,semi-adaptive,BigDecimal,3,9,2.2331,827.248,4.747,-65113928,10485760
G8B,semi-adaptive,BigDecimal,3,10,2.1770,905.634,5.738,-20308144,-79049376
G8B,semi-adaptive,BigDecimal,3,11,2.3252,849.337,6.003,-36702264,-78459672
G8B,semi-adaptive,BigDecimal,3,12,2.2126,655.227,3.880,-52328760,8388608
G8B,semi-adaptive,BigDecimal,3,13,2.4240,893.041,13.473,-78073296,5127584
G8B,semi-adaptive,BigDecimal,3,14,2.1463,1147.358,5.534,-69469440,10956616
G8B,semi-adaptive,BigDecimal,3,15,2.3077,615.649,5.431,-22015072,-83861800
G8B,semi-adaptive,BigDecimal,3,16,2.2920,60.996,0.335,-2288864,1050624
G8B,semi-adaptive,BigDecimal,3,17,2.2007,624.117,3.435,-46746112,7342080
G8B,semi-adaptive,BigDecimal,3,18,2.5142,1086.959,6.914,-90957816,11532288
G8B,semi-adaptive,BigDecimal,3,19,2.2837,642.930,12.102,-57285928,2600496
G8B,semi-adaptive,BigDecimal,3,20,2.3531,857.564,5.326,-81738816,9439232
G8B,semi-adaptive,BigDecimal,3,21,2.2012,888.895,4.659,-35120888,9817384
G8B,semi-adaptive,BigDecimal,3,22,2.3666,800.643,4.322,-70487384,8388608
G8B,semi-adaptive,BigDecimal,3,23,2.3394,914.918,5.058,69205696,9439232
G8B,semi-adaptive,BigDecimal,3,24,2.2672,381.550,2.521,-22699984,6291520
G8B,semi-adaptive,BigDecimal,3,25,2.3556,572.295,6.880,-18540576,-75480784
G8B,semi-adaptive,BigDecimal,3,26,2.2908,669.119,4.183,-47358648,9439232
G8B,semi-adaptive,BigDecimal,3,27,2.2524,54.862,0.286,15551008,426896
G8B,semi-adaptive,BigDecimal,3,28,2.3824,1429.023,11.179,-112326576,13120696
G8B,semi-adaptive,BigDecimal,3,29,2.5305,696.733,13.864,-25368664,8258448
G8B,semi-adaptive,BigDecimal,3,30,2.1693,248.470,1.974,-23732632,4194304
G8B,semi-adaptive,BigDecimal,3,31,2.4979,413.226,3.220,-34907752,6291152
G8B,semi-adaptive,BigDecimal,3,32,2.3701,624.011,3.814,78165152,8388648
G8B,semi-adaptive,BigDecimal,3,33,2.1233,27.397,0.174,-3151576,0
G8B,semi-adaptive,BigDecimal,3,34,2.2464,1028.902,5.114,-80211976,10485936
G8B,semi-adaptive,BigDecimal,3,35,2.1506,691.210,4.532,-48372104,9439232
G8B,semi-adaptive,BigDecimal,3,36,2.3590,1104.781,22.721,-71388912,3820032
G8B,semi-adaptive,BigDecimal,3,37,2.4096,1064.520,6.386,-97274656,12582912
G8B,semi-adaptive,BigDecimal,3,38,2.3215,1213.075,8.980,-106939872,-96297472
G8B,semi-adaptive,BigDecimal,4,1,2.6984,705.599,4.704,-63021480,10485952
G8B,semi-adaptive,BigDecimal,4,2,2.4836,554.992,3.545,7077136,8388608
G8B,semi-adaptive,BigDecimal,4,3,2.3750,1131.559,26.627,-86785760,2777056
G8B,semi-adaptive,BigDecimal,4,4,2.1968,672.637,4.794,19002264,9435136
G8B,semi-adaptive,BigDecimal,4,5,2.3416,1398.719,8.320,-102700976,14680064
G8B,semi-adaptive,BigDecimal,4,6,2.3293,830.845,5.203,-71258688,11737304
G8B,semi-adaptive,BigDecimal,4,7,2.2316,561.671,3.590,-1644176,7635224
G8B,semi-adaptive,BigDecimal,4,8,2.2584,1048.401,7.932,-85927384,5163248
G8B,semi-adaptive,BigDecimal,4,9,2.2331,809.897,5.436,-29827064,10485760
G8B,semi-adaptive,BigDecimal,4,10,2.1770,881.707,5.607,97342856,11532288
G8B,semi-adaptive,BigDecimal,4,11,2.3252,892.825,6.861,-70566584,-80707680
G8B,semi-adaptive,BigDecimal,4,12,2.2126,672.125,3.884,-54989312,8388608
G8B,semi-adaptive,BigDecimal,4,13,2.4240,804.220,6.434,-87921280,-80701120
G8B,semi-adaptive,BigDecimal,4,14,2.1463,1181.456,5.637,-92293112,11413928
G8B,semi-adaptive,BigDecimal,4,15,2.3077,616.798,12.139,-32797320,1216176
G8B,semi-adaptive,BigDecimal,4,16,2.2920,57.492,0.993,2620664,-10885264
G8B,semi-adaptive,BigDecimal,4,17,2.2007,605.176,3.820,-57437944,7342080
G8B,semi-adaptive,BigDecimal,4,18,2.5142,1100.026,11.861,-65983088,3376840
G8B,semi-adaptive,BigDecimal,4,19,2.2837,652.678,4.334,-57816912,8388448
G8B,semi-adaptive,BigDecimal,4,20,2.3531,1091.289,6.078,124703040,10485760
G8B,semi-adaptive,BigDecimal,4,21,2.2012,1209.016,27.262,-19885800,2434688
G8B,semi-adaptive,BigDecimal,4,22,2.3666,1011.372,5.859,-53446904,9435136
G8B,semi-adaptive,BigDecimal,4,23,2.3394,1055.252,5.006,-41450136,9513096
G8B,semi-adaptive,BigDecimal,4,24,2.2672,420.234,2.650,-421968,6291456
G8B,semi-adaptive,BigDecimal,4,25,2.3556,913.779,4.392,-46891920,8388608
G8B,semi-adaptive,BigDecimal,4,26,2.2908,1035.510,4.841,-68224760,9439232
G8B,semi-adaptive,BigDecimal,4,27,2.2524,64.960,0.424,1090232,997440
G8B,semi-adaptive,BigDecimal,4,28,2.3824,2296.285,12.561,-95080752,13633536
G8B,semi-adaptive,BigDecimal,4,29,2.5305,1032.470,7.019,-64745072,10485760
G8B,semi-adaptive,BigDecimal,4,30,2.1693,270.377,2.718,17137840,4194304
G8B,semi-adaptive,BigDecimal,4,31,2.4979,605.689,2.968,15494160,6291472
G8B,semi-adaptive,BigDecimal,4,32,2.3701,887.730,4.678,-5592776,8388608
G8B,semi-adaptive,BigDecimal,4,33,2.1233,28.882,0.252,4158456,0
G8B,semi-adaptive,BigDecimal,4,34,2.2464,1557.841,6.463,-86782240,-87460952
G8B,semi-adaptive,BigDecimal,4,35,2.1506,865.165,5.474,-72920152,10485760
G8B,semi-adaptive,BigDecimal,4,36,2.3590,1644.437,7.320,-35711384,11067424
G8B,semi-adaptive,BigDecimal,4,37,2.4096,1519.374,5.790,-100644904,11956928
G8B,semi-adaptive,BigDecimal,4,38,2.3215,1842.322,8.529,-107595896,12582912
G8B,semi-adaptive,BigDecimal,5,1,2.6984,959.645,5.619,-35977016,11532288
G8B,semi-adaptive,BigDecimal,5,2,2.4836,765.159,3.713,-12538048,7635552
G8B,semi-adaptive,BigDecimal,5,3,2.3750,1628.238,15.651,-89061416,-61064056
G8B,semi-adaptive,BigDecimal,5,4,2.1968,701.854,4.938,64773760,9435136
G8B,semi-adaptive,BigDecimal,5,5,2.3416,1403.828,9.968,-119499016,965832
G8B,semi-adaptive,BigDecimal,5,6,2.3293,899.190,8.433,-76483536,-78613840
G8B,semi-adaptive,BigDecimal,5,7,2.2316,584.247,4.176,-33915464,8388608
G8B,semi-adaptive,BigDecimal,5,8,2.2584,1069.938,27.017,-88003472,4691144
G8B,semi-adaptive,BigDecimal,5,9,2.2331,810.884,8.443,-70356368,2181960
G8B,semi-adaptive,BigDecimal,5,10,2.1770,897.090,6.022,-50500248,-81021672
G8B,semi-adaptive,BigDecimal,5,11,2.3252,849.607,5.153,-41536744,11244560
G8B,semi-adaptive,BigDecimal,5,12,2.2126,648.614,5.028,-63388696,-81770896
G8B,semi-adaptive,BigDecimal,5,13,2.4240,901.910,5.431,-67880872,11204528
G8B,semi-adaptive,BigDecimal,5,14,2.1463,1064.526,9.579,-95932392,9986656
G8B,semi-adaptive,BigDecimal,5,15,2.3077,615.785,3.688,42988632,9390360
G8B,semi-adaptive,BigDecimal,5,16,2.2920,63.622,0.345,19155112,667104
G8B,semi-adaptive,BigDecimal,5,17,2.2007,605.862,4.183,-35845728,7342080
G8B,semi-adaptive,BigDecimal,5,18,2.5142,1109.339,10.484,-80045056,9208368
G8B,semi-adaptive,BigDecimal,5,19,2.2837,651.531,4.366,4229776,9439232
G8B,semi-adaptive,BigDecimal,5,20,2.3531,865.678,5.385,-59011304,9439232
G8B,semi-adaptive,BigDecimal,5,21,2.2012,917.125,14.329,-15991144,1147264
G8B,semi-adaptive,BigDecimal,5,22,2.3666,804.171,5.452,-59862008,9435136
G8B,semi-adaptive,BigDecimal,5,23,2.3394,918.667,5.437,-6250544,9435136
G8B,semi-adaptive,BigDecimal,5,24,2.2672,370.051,2.355,-36555352,6291456
G8B,semi-adaptive,BigDecimal,5,25,2.3556,586.412,7.261,-57595520,7669488
G8B,semi-adaptive,BigDecimal,5,26,2.2908,674.059,4.210,-68921920,9439232
G8B,semi-adaptive,BigDecimal,5,27,2.2524,47.930,0.291,17917072,790488
G8B,semi-adaptive,BigDecimal,5,28,2.3824,1428.944,7.823,-97478280,13633536
G8B,semi-adaptive,BigDecimal,5,29,2.5305,690.832,4.547,-15824688,9435136
G8B,semi-adaptive,BigDecimal,5,30,2.1693,235.635,1.912,-6113224,4194168
G8B,semi-adaptive,BigDecimal,5,31,2.4979,416.771,3.223,-24854120,6291456
G8B,semi-adaptive,BigDecimal,5,32,2.3701,629.727,3.834,-28451056,8388608
G8B,semi-adaptive,BigDecimal,5,33,2.1233,28.062,0.179,-3405280,0
G8B,semi-adaptive,BigDecimal,5,34,2.2464,1028.979,9.198,-96953160,2151104
G8B,semi-adaptive,BigDecimal,5,35,2.1506,706.225,4.099,-17809584,10485760
G8B,semi-adaptive,BigDecimal,5,36,2.3590,1091.405,6.643,-84827984,11532288
G8B,semi-adaptive,BigDecimal,5,37,2.4096,1050.729,5.452,10048792,11532288
G8B,semi-adaptive,BigDecimal,5,38,2.3215,1227.744,6.418,-36621056,13210200
G8B,semi-adaptive,Nayuki,1,1,2.8328,561.210,0.247,27742208,0
G8B,semi-adaptive,Nayuki,1,2,2.6473,436.057,0.216,24883712,0
G8B,semi-adaptive,Nayuki,1,3,2.4773,759.124,0.413,-11491600,0
G8B,semi-adaptive,Nayuki,1,4,2.3226,558.057,0.322,75802112,0
G8B,semi-adaptive,Nayuki,1,5,2.4539,1053.521,0.520,76987160,0
G8B,semi-adaptive,Nayuki,1,6,2.4634,645.549,0.333,-13726720,0
G8B,semi-adaptive,Nayuki,1,7,2.3579,410.152,0.261,61868032,0
G8B,semi-adaptive,Nayuki,1,8,2.3596,779.998,0.386,-52656224,0
G8B,semi-adaptive,Nayuki,1,9,2.4049,627.092,0.333,-3212288,0
G8B,semi-adaptive,Nayuki,1,10,2.2891,794.840,0.359,-69146672,0
G8B,semi-adaptive,Nayuki,1,11,2.4294,627.404,0.350,-3129856,0
G8B,semi-adaptive,Nayuki,1,12,2.3123,529.279,0.363,66765960,0
G8B,semi-adaptive,Nayuki,1,13,2.5497,721.335,0.364,-13842528,0
G8B,semi-adaptive,Nayuki,1,14,2.2547,873.700,0.540,-9113776,0
G8B,semi-adaptive,Nayuki,1,15,2.4615,518.168,0.251,24569432,0
G8B,semi-adaptive,Nayuki,1,16,2.6195,62.577,0.086,6740152,0
G8B,semi-adaptive,Nayuki,1,17,2.3401,479.819,0.273,60862336,0
G8B,semi-adaptive,Nayuki,1,18,2.6136,775.577,0.408,75386304,0
G8B,semi-adaptive,Nayuki,1,19,2.4360,486.098,0.278,18928312,0
G8B,semi-adaptive,Nayuki,1,20,2.4750,605.058,0.319,-9686528,0
G8B,semi-adaptive,Nayuki,1,21,2.3544,678.282,0.341,18145280,584720
G8B,semi-adaptive,Nayuki,1,22,2.5209,568.466,0.304,-7865344,0
G8B,semi-adaptive,Nayuki,1,23,2.4727,668.580,0.348,45805056,0
G8B,semi-adaptive,Nayuki,1,24,2.4483,269.316,0.306,33320520,0
G8B,semi-adaptive,Nayuki,1,25,2.5070,450.658,0.307,27090944,0
G8B,semi-adaptive,Nayuki,1,26,2.4314,530.858,0.272,72623104,0
G8B,semi-adaptive,Nayuki,1,27,2.6408,41.124,0.053,8388608,0
G8B,semi-adaptive,Nayuki,1,28,2.5013,993.747,0.491,-28787200,0
G8B,semi-adaptive,Nayuki,1,29,2.6495,542.238,0.282,-42487304,0
G8B,semi-adaptive,Nayuki,1,30,2.4127,171.000,0.138,-9469984,0
G8B,semi-adaptive,Nayuki,1,31,2.6667,313.459,0.205,24576512,0
G8B,semi-adaptive,Nayuki,1,32,2.5053,423.782,0.265,60195008,0
G8B,semi-adaptive,Nayuki,1,33,2.6301,21.704,0.049,2573680,0
G8B,semi-adaptive,Nayuki,1,34,2.3610,769.472,0.395,8207360,1046528
G8B,semi-adaptive,Nayuki,1,35,2.3077,571.531,0.265,36285168,0
G8B,semi-adaptive,Nayuki,1,36,2.4843,755.819,0.394,-88513456,753344
G8B,semi-adaptive,Nayuki,1,37,2.5311,787.834,0.410,-69539768,1046528
G8B,semi-adaptive,Nayuki,1,38,2.4414,905.044,0.428,103809024,0
G8B,semi-adaptive,Nayuki,2,1,2.8328,556.924,0.249,25246720,0
G8B,semi-adaptive,Nayuki,2,2,2.6473,429.812,0.415,58343464,0
G8B,semi-adaptive,Nayuki,2,3,2.4773,685.175,0.399,95423728,0
G8B,semi-adaptive,Nayuki,2,4,2.3226,602.279,0.327,42302360,0
G8B,semi-adaptive,Nayuki,2,5,2.4539,1086.676,0.510,38031424,0
G8B,semi-adaptive,Nayuki,2,6,2.4634,638.475,0.358,10975232,0
G8B,semi-adaptive,Nayuki,2,7,2.3579,408.605,0.267,61868032,0
G8B,semi-adaptive,Nayuki,2,8,2.3596,777.085,0.420,1517056,1046528
G8B,semi-adaptive,Nayuki,2,9,2.4049,636.281,0.343,-1501648,0
G8B,semi-adaptive,Nayuki,2,10,2.2891,723.923,0.353,21786640,0
G8B,semi-adaptive,Nayuki,2,11,2.4294,645.324,0.357,31756800,0
G8B,semi-adaptive,Nayuki,2,12,2.3123,465.425,0.290,70252544,0
G8B,semi-adaptive,Nayuki,2,13,2.5497,752.961,0.365,90316992,0
G8B,semi-adaptive,Nayuki,2,14,2.2547,884.744,0.429,108711576,0
G8B,semi-adaptive,Nayuki,2,15,2.4615,500.495,0.256,-3351632,125656
G8B,semi-adaptive,Nayuki,2,16,2.6195,53.535,0.069,10876696,0
G8B,semi-adaptive,Nayuki,2,17,2.3401,495.887,0.269,-3040000,0
G8B,semi-adaptive,Nayuki,2,18,2.6136,717.181,0.406,624896,0
G8B,semi-adaptive,Nayuki,2,19,2.4360,477.840,0.271,64270848,0
G8B,semi-adaptive,Nayuki,2,20,2.4750,628.891,0.327,-11560376,125568
G8B,semi-adaptive,Nayuki,2,21,2.3544,596.795,0.336,84932608,0
G8B,semi-adaptive,Nayuki,2,22,2.5209,559.009,0.311,-53581680,0
G8B,semi-adaptive,Nayuki,2,23,2.4727,646.821,0.356,-1733296,0
G8B,semi-adaptive,Nayuki,2,24,2.4483,253.092,0.204,40896512,125400
G8B,semi-adaptive,Nayuki,2,25,2.5070,495.179,0.271,9019648,0
G8B,semi-adaptive,Nayuki,2,26,2.4314,534.311,0.266,-8567808,0
G8B,semi-adaptive,Nayuki,2,27,2.6408,40.871,0.053,8389424,0
G8B,semi-adaptive,Nayuki,2,28,2.5013,1001.219,0.492,22641032,0
G8B,semi-adaptive,Nayuki,2,29,2.6495,547.441,0.283,-59316536,0
G8B,semi-adaptive,Nayuki,2,30,2.4127,168.496,0.147,737568,0
G8B,semi-adaptive,Nayuki,2,31,2.6667,365.202,0.203,40419344,0
G8B,semi-adaptive,Nayuki,2,32,2.5053,488.250,0.430,-10905432,80952
G8B,semi-adaptive,Nayuki,2,33,2.6301,24.291,0.043,787256,0
G8B,semi-adaptive,Nayuki,2,34,2.3610,805.337,0.402,161752,0
G8B,semi-adaptive,Nayuki,2,35,2.3077,604.254,0.267,-14887464,417968
G8B,semi-adaptive,Nayuki,2,36,2.4843,803.896,0.419,94740512,836680
G8B,semi-adaptive,Nayuki,2,37,2.5311,803.036,0.445,580008,0
G8B,semi-adaptive,Nayuki,2,38,2.4414,928.706,0.430,99614720,0
G8B,semi-adaptive,Nayuki,3,1,2.8328,574.843,0.316,71502760,0
G8B,semi-adaptive,Nayuki,3,2,2.6473,425.970,0.224,18427512,0
G8B,semi-adaptive,Nayuki,3,3,2.4773,696.971,0.402,95422464,0
G8B,semi-adaptive,Nayuki,3,4,2.3226,571.436,0.326,-57846208,0
G8B,semi-adaptive,Nayuki,3,5,2.4539,1276.469,0.502,41619456,0
G8B,semi-adaptive,Nayuki,3,6,2.4634,689.188,0.338,5992448,0
G8B,semi-adaptive,Nayuki,3,7,2.3579,493.697,0.280,22830592,0
G8B,semi-adaptive,Nayuki,3,8,2.3596,879.171,0.443,-46145024,0
G8B,semi-adaptive,Nayuki,3,9,2.4049,679.689,0.336,-8865792,0
G8B,semi-adaptive,Nayuki,3,10,2.2891,715.095,0.365,-49785528,0
G8B,semi-adaptive,Nayuki,3,11,2.4294,706.497,0.393,10149376,334520
G8B,semi-adaptive,Nayuki,3,12,2.3123,547.616,0.292,-7523328,0
G8B,semi-adaptive,Nayuki,3,13,2.5497,767.697,0.376,-85906912,711256
G8B,semi-adaptive,Nayuki,3,14,2.2547,1005.371,0.437,-33762472,0
G8B,semi-adaptive,Nayuki,3,15,2.4615,538.208,0.245,19874200,0
G8B,semi-adaptive,Nayuki,3,16,2.6195,64.560,0.102,6713768,0
G8B,semi-adaptive,Nayuki,3,17,2.3401,503.748,0.271,-10247560,0
G8B,semi-adaptive,Nayuki,3,18,2.6136,837.230,0.393,93325312,0
G8B,semi-adaptive,Nayuki,3,19,2.4360,501.583,0.269,67106816,0
G8B,semi-adaptive,Nayuki,3,20,2.4750,630.151,0.321,-59708552,0
G8B,semi-adaptive,Nayuki,3,21,2.3544,682.154,0.342,-79497352,961696
G8B,semi-adaptive,Nayuki,3,22,2.5209,589.649,0.305,-8107008,0
G8B,semi-adaptive,Nayuki,3,23,2.4727,678.669,0.408,-13273088,0
G8B,semi-adaptive,Nayuki,3,24,2.4483,254.135,0.192,40896512,0
G8B,semi-adaptive,Nayuki,3,25,2.5070,457.288,0.336,16460080,0
G8B,semi-adaptive,Nayuki,3,26,2.4314,572.763,0.282,-48537672,0
G8B,semi-adaptive,Nayuki,3,27,2.6408,46.577,0.052,2684224,0
G8B,semi-adaptive,Nayuki,3,28,2.5013,1104.993,0.489,-27487744,0
G8B,semi-adaptive,Nayuki,3,29,2.6495,568.043,0.314,568832,0
G8B,semi-adaptive,Nayuki,3,30,2.4127,177.901,0.141,-11972672,0
G8B,semi-adaptive,Nayuki,3,31,2.6667,321.770,0.205,18557440,0
G8B,semi-adaptive,Nayuki,3,32,2.5053,467.192,0.258,60521472,0
G8B,semi-adaptive,Nayuki,3,33,2.6301,21.118,0.036,751712,0
G8B,semi-adaptive,Nayuki,3,34,2.3610,797.471,0.384,16889856,0
G8B,semi-adaptive,Nayuki,3,35,2.3077,588.369,0.264,-56593000,0
G8B,semi-adaptive,Nayuki,3,36,2.4843,803.693,0.397,93321160,0
G8B,semi-adaptive,Nayuki,3,37,2.5311,848.067,0.412,78310560,1046528
G8B,semi-adaptive,Nayuki,3,38,2.4414,928.294,0.442,104684320,0
G8B,semi-adaptive,Nayuki,4,1,2.8328,556.198,0.299,46079184,1046528
G8B,semi-adaptive,Nayuki,4,2,2.6473,419.410,0.212,51082704,0
G8B,semi-adaptive,Nayuki,4,3,2.4773,709.620,0.408,693496,168968
G8B,semi-adaptive,Nayuki,4,4,2.3226,564.128,0.311,-61664624,0
G8B,semi-adaptive,Nayuki,4,5,2.4539,1222.415,0.498,-62912512,0
G8B,semi-adaptive,Nayuki,4,6,2.4634,674.842,0.344,28313600,0
G8B,semi-adaptive,Nayuki,4,7,2.3579,455.910,0.298,62870152,0
G8B,semi-adaptive,Nayuki,4,8,2.3596,1025.560,0.398,-43691520,0
G8B,semi-adaptive,Nayuki,4,9,2.4049,642.862,0.334,-77560224,0
G8B,semi-adaptive,Nayuki,4,10,2.2891,700.837,0.367,-55227232,544000
G8B,semi-adaptive,Nayuki,4,11,2.4294,719.641,0.360,-6604800,0
G8B,semi-adaptive,Nayuki,4,12,2.3123,508.414,0.293,-4899840,0
G8B,semi-adaptive,Nayuki,4,13,2.5497,712.040,0.377,-46427152,0
G8B,semi-adaptive,Nayuki,4,14,2.2547,928.309,0.519,-85045472,0
G8B,semi-adaptive,Nayuki,4,15,2.4615,542.026,0.247,8605184,0
G8B,semi-adaptive,Nayuki,4,16,2.6195,50.689,0.072,10486040,0
G8B,semi-adaptive,Nayuki,4,17,2.3401,542.686,0.274,63964312,0
G8B,semi-adaptive,Nayuki,4,18,2.6136,872.309,0.415,-47931024,0
G8B,semi-adaptive,Nayuki,4,19,2.4360,497.705,0.273,-9990144,0
G8B,semi-adaptive,Nayuki,4,20,2.4750,699.546,0.364,-35627728,0
G8B,semi-adaptive,Nayuki,4,21,2.3544,688.800,0.351,-77835448,961560
G8B,semi-adaptive,Nayuki,4,22,2.5209,560.228,0.300,-7811072,0
G8B,semi-adaptive,Nayuki,4,23,2.4727,677.448,0.366,-79790040,0
G8B,semi-adaptive,Nayuki,4,24,2.4483,252.524,0.193,40896512,0
G8B,semi-adaptive,Nayuki,4,25,2.5070,438.298,0.268,-6422864,0
G8B,semi-adaptive,Nayuki,4,26,2.4314,517.712,0.283,-50701112,0
G8B,semi-adaptive,Nayuki,4,27,2.6408,47.396,0.053,2572456,0
G8B,semi-adaptive,Nayuki,4,28,2.5013,987.264,0.507,65013760,0
G8B,semi-adaptive,Nayuki,4,29,2.6495,553.941,0.278,2099200,0
G8B,semi-adaptive,Nayuki,4,30,2.4127,167.668,0.144,-9654272,0
G8B,semi-adaptive,Nayuki,4,31,2.6667,310.351,0.209,25953896,0
G8B,semi-adaptive,Nayuki,4,32,2.5053,401.992,0.261,59766784,0
G8B,semi-adaptive,Nayuki,4,33,2.6301,22.307,0.036,2052792,0
G8B,semi-adaptive,Nayuki,4,34,2.3610,741.316,0.587,-49362944,0
G8B,semi-adaptive,Nayuki,4,35,2.3077,543.988,0.269,-62071392,0
G8B,semi-adaptive,Nayuki,4,36,2.4843,742.624,0.415,-42236968,0
G8B,semi-adaptive,Nayuki,4,37,2.5311,765.526,0.486,-93551632,1046528
G8B,semi-adaptive,Nayuki,4,38,2.4414,840.936,0.444,-35140480,0
G8B,semi-adaptive,Nayuki,5,1,2.8328,529.255,0.245,-34759864,0
G8B,semi-adaptive,Nayuki,5,2,2.6473,411.953,0.218,23073280,0
G8B,semi-adaptive,Nayuki,5,3,2.4773,748.858,0.398,94373888,0
G8B,semi-adaptive,Nayuki,5,4,2.3226,539.478,0.316,73525664,0
G8B,semi-adaptive,Nayuki,5,5,2.4539,1068.394,0.495,34477880,0
G8B,semi-adaptive,Nayuki,5,6,2.4634,649.748,0.331,5244928,0
G8B,semi-adaptive,Nayuki,5,7,2.3579,465.878,0.307,-12092520,0
G8B,semi-adaptive,Nayuki,5,8,2.3596,767.618,0.397,-80226776,0
G8B,semi-adaptive,Nayuki,5,9,2.4049,617.760,0.351,-47883640,0
G8B,semi-adaptive,Nayuki,5,10,2.2891,686.217,0.359,67680400,0
G8B,semi-adaptive,Nayuki,5,11,2.4294,614.466,0.338,-5208064,0
G8B,semi-adaptive,Nayuki,5,12,2.3123,510.217,0.299,24557960,0
G8B,semi-adaptive,Nayuki,5,13,2.5497,701.134,0.367,-89126912,0
G8B,semi-adaptive,Nayuki,5,14,2.2547,858.138,0.434,77971160,0
G8B,semi-adaptive,Nayuki,5,15,2.4615,511.772,0.257,27778448,0
G8B,semi-adaptive,Nayuki,5,16,2.6195,51.288,0.069,9820352,0
G8B,semi-adaptive,Nayuki,5,17,2.3401,485.974,0.274,66755064,0
G8B,semi-adaptive,Nayuki,5,18,2.6136,851.891,0.409,-90190808,0
G8B,semi-adaptive,Nayuki,5,19,2.4360,469.811,0.277,27028480,0
G8B,semi-adaptive,Nayuki,5,20,2.4750,591.224,0.325,80422912,0
G8B,semi-adaptive,Nayuki,5,21,2.3544,654.725,0.339,-58255736,0
G8B,semi-adaptive,Nayuki,5,22,2.5209,567.287,0.305,75653120,0
G8B,semi-adaptive,Nayuki,5,23,2.4727,648.489,0.343,-81205248,0
G8B,semi-adaptive,Nayuki,5,24,2.4483,253.441,0.192,40896512,0
G8B,semi-adaptive,Nayuki,5,25,2.5070,772.063,0.296,-31673904,0
G8B,semi-adaptive,Nayuki,5,26,2.4314,741.261,0.335,30014200,0
G8B,semi-adaptive,Nayuki,5,27,2.6408,57.809,0.056,3250696,0
G8B,semi-adaptive,Nayuki,5,28,2.5013,1302.777,0.490,-22565888,0
G8B,semi-adaptive,Nayuki,5,29,2.6495,566.457,0.452,-16107520,0
G8B,semi-adaptive,Nayuki,5,30,2.4127,186.820,0.138,-11062296,0
G8B,semi-adaptive,Nayuki,5,31,2.6667,318.173,0.216,18641656,1050624
G8B,semi-adaptive,Nayuki,5,32,2.5053,441.904,0.261,61736960,0
G8B,semi-adaptive,Nayuki,5,33,2.6301,21.973,0.035,4493648,0
G8B,semi-adaptive,Nayuki,5,34,2.3610,940.395,0.374,30558720,0
G8B,semi-adaptive,Nayuki,5,35,2.3077,576.552,0.263,-59095048,0
G8B,semi-adaptive,Nayuki,5,36,2.4843,912.553,0.415,-75163024,0
G8B,semi-adaptive,Nayuki,5,37,2.5311,1033.689,0.620,-83862016,1046528
G8B,semi-adaptive,Nayuki,5,38,2.4414,1115.266,0.432,-23154176,0
G8B,adaptive,BigDecimal,1,1,3.0623,778.647,57.987,9251800,44603736
G8B,adaptive,BigDecimal,1,2,2.9200,571.339,45.233,64747056,-6224664
G8B,adaptive,BigDecimal,1,3,2.7074,1075.341,75.121,207209368,42979032
G8B,adaptive,BigDecimal,1,4,2.5774,740.034,52.979,21836864,8457552
G8B,adaptive,BigDecimal,1,5,2.6958,1405.331,73.184,58534240,8465416
G8B,adaptive,BigDecimal,1,6,2.7073,860.566,63.756,102496752,-74750368
G8B,adaptive,BigDecimal,1,7,2.6281,633.815,53.106,24980360,-30952512
G8B,adaptive,BigDecimal,1,8,2.6124,1035.710,61.483,129134632,116393984
G8B,adaptive,BigDecimal,1,9,2.6442,824.933,57.011,214726160,-70122992
G8B,adaptive,BigDecimal,1,10,2.5546,913.500,60.327,16464480,18955824
G8B,adaptive,BigDecimal,1,11,2.6933,825.908,57.858,139158048,-81719176
G8B,adaptive,BigDecimal,1,12,2.5947,713.305,52.803,133816480,-60778048
G8B,adaptive,BigDecimal,1,13,2.7865,953.248,61.656,121594552,-77595184
G8B,adaptive,BigDecimal,1,14,2.4932,1211.916,66.785,60589656,35677304
G8B,adaptive,BigDecimal,1,15,2.7492,695.065,51.247,94448592,-63908664
G8B,adaptive,BigDecimal,1,16,3.0177,113.123,32.726,15242080,-28521656
G8B,adaptive,BigDecimal,1,17,2.5884,784.209,54.763,145196784,-55534384
G8B,adaptive,BigDecimal,1,18,2.8381,1165.397,74.186,72174464,-38757896
G8B,adaptive,BigDecimal,1,19,2.6574,703.632,57.900,101520752,-4139472
G8B,adaptive,BigDecimal,1,20,2.7125,1055.501,61.452,114650888,-90143384
G8B,adaptive,BigDecimal,1,21,2.5856,1229.088,62.486,105367696,-75459752
G8B,adaptive,BigDecimal,1,22,2.7460,1049.123,55.162,143468368,101709824
G8B,adaptive,BigDecimal,1,23,2.6909,1132.119,68.353,20780384,-14177384
G8B,adaptive,BigDecimal,1,24,2.7198,392.828,46.680,741280,77594624
G8B,adaptive,BigDecimal,1,25,2.7676,685.652,65.407,13730824,36763608
G8B,adaptive,BigDecimal,1,26,2.6928,869.436,60.494,28123672,-47102208
G8B,adaptive,BigDecimal,1,27,3.0971,74.514,17.099,16693088,29360128
G8B,adaptive,BigDecimal,1,28,2.7003,1649.305,73.035,12014960,48276256
G8B,adaptive,BigDecimal,1,29,2.9100,875.863,52.695,147231688,99616768
G8B,adaptive,BigDecimal,1,30,2.7143,266.370,38.398,9260368,-44037328
G8B,adaptive,BigDecimal,1,31,2.9383,483.951,47.029,93121592,-106867160
G8B,adaptive,BigDecimal,1,32,2.7509,823.422,79.759,35418760,8471872
G8B,adaptive,BigDecimal,1,33,3.1096,55.834,20.366,12624664,19920896
G8B,adaptive,BigDecimal,1,34,2.6103,1466.428,65.152,75300568,-61820048
G8B,adaptive,BigDecimal,1,35,2.5769,909.536,67.161,212595576,96468992
G8B,adaptive,BigDecimal,1,36,2.7123,1392.187,73.033,80511040,-59729264
G8B,adaptive,BigDecimal,1,37,2.7571,1457.143,66.857,196954280,123731968
G8B,adaptive,BigDecimal,1,38,2.6594,1379.255,75.488,163635128,-4115744
G8B,adaptive,BigDecimal,2,1,3.0623,805.135,52.673,114928376,-77562584
G8B,adaptive,BigDecimal,2,2,2.9200,724.781,53.740,1900616,-4142968
G8B,adaptive,BigDecimal,2,3,2.7074,1221.100,72.088,29174832,809632
G8B,adaptive,BigDecimal,2,4,2.5774,886.852,53.614,94214328,-38742168
G8B,adaptive,BigDecimal,2,5,2.6958,1797.714,76.188,204770176,-85915336
G8B,adaptive,BigDecimal,2,6,2.7073,1014.269,62.678,154912424,105904128
G8B,adaptive,BigDecimal,2,7,2.6281,690.998,51.297,151728136,-3127376
G8B,adaptive,BigDecimal,2,8,2.6124,1165.515,77.443,278574488,116393984
G8B,adaptive,BigDecimal,2,9,2.6442,984.671,57.306,151727752,-74385264
G8B,adaptive,BigDecimal,2,10,2.5546,1136.555,62.891,54304784,-8323216
G8B,adaptive,BigDecimal,2,11,2.6933,888.479,76.260,811480,-37700104
G8B,adaptive,BigDecimal,2,12,2.5947,822.559,61.525,12853616,-39784096
G8B,adaptive,BigDecimal,2,13,2.7865,1054.573,63.704,55342104,-5200456
G8B,adaptive,BigDecimal,2,14,2.4932,1182.325,73.497,70934416,2127984
G8B,adaptive,BigDecimal,2,15,2.7492,718.937,54.519,192875040,-8447392
G8B,adaptive,BigDecimal,2,16,3.0177,88.761,22.234,21716488,7375640
G8B,adaptive,BigDecimal,2,17,2.5884,723.421,73.366,71446288,195352
G8B,adaptive,BigDecimal,2,18,2.8381,1251.332,72.179,15545664,-3102744
G8B,adaptive,BigDecimal,2,19,2.6574,853.997,59.702,11353808,-21977880
G8B,adaptive,BigDecimal,2,20,2.7125,1031.005,59.099,84840136,106954752
G8B,adaptive,BigDecimal,2,21,2.5856,1033.072,57.996,238872224,-81730528
G8B,adaptive,BigDecimal,2,22,2.7460,878.567,57.876,131357488,-80651344
G8B,adaptive,BigDecimal,2,23,2.6909,1034.769,61.352,91626248,-73282800
G8B,adaptive,BigDecimal,2,24,2.7198,411.780,48.201,97463496,-8549432
G8B,adaptive,BigDecimal,2,25,2.7676,676.754,56.893,168979408,-614896
G8B,adaptive,BigDecimal,2,26,2.6928,874.089,68.579,13442544,6350528
G8B,adaptive,BigDecimal,2,27,3.0971,87.361,23.943,44331496,-6193528
G8B,adaptive,BigDecimal,2,28,2.7003,1612.459,77.284,1864480,12631088
G8B,adaptive,BigDecimal,2,29,2.9100,807.083,53.902,127483040,-82805992
G8B,adaptive,BigDecimal,2,30,2.7143,258.466,34.169,909384,-12539472
G8B,adaptive,BigDecimal,2,31,2.9383,472.806,42.573,8576920,79691776
G8B,adaptive,BigDecimal,2,32,2.7509,698.047,61.247,31271456,-48173120
G8B,adaptive,BigDecimal,2,33,3.1096,40.185,10.665,10506920,19920896
G8B,adaptive,BigDecimal,2,34,2.6103,1164.112,65.891,9785832,76613528
G8B,adaptive,BigDecimal,2,35,2.5769,825.037,56.865,167364648,-119309488
G8B,adaptive,BigDecimal,2,36,2.7123,1172.597,68.345,86726416,-63921840
G8B,adaptive,BigDecimal,2,37,2.7571,1154.377,70.183,12398688,-2018536
G8B,adaptive,BigDecimal,2,38,2.6594,1216.013,69.529,260449328,130023424
G8B,adaptive,BigDecimal,3,1,3.0623,782.466,49.236,173956744,94371840
G8B,adaptive,BigDecimal,3,2,2.9200,604.646,44.147,163433512,85983232
G8B,adaptive,BigDecimal,3,3,2.7074,1319.448,71.515,151137816,-137311872
G8B,adaptive,BigDecimal,3,4,2.5774,800.546,53.668,100908352,98566144
G8B,adaptive,BigDecimal,3,5,2.6958,1780.002,92.144,12395496,28954304
G8B,adaptive,BigDecimal,3,6,2.7073,875.557,56.195,152852160,105904128
G8B,adaptive,BigDecimal,3,7,2.6281,659.049,53.507,120098936,65634800
G8B,adaptive,BigDecimal,3,8,2.6124,1196.622,60.715,282319400,116393984
G8B,adaptive,BigDecimal,3,9,2.6442,856.415,56.159,156407056,-84896880
G8B,adaptive,BigDecimal,3,10,2.5546,955.024,72.518,14869296,-10424328
G8B,adaptive,BigDecimal,3,11,2.6933,984.977,64.521,16596784,36730864
G8B,adaptive,BigDecimal,3,12,2.5947,702.595,54.775,99314528,-136115984
G8B,adaptive,BigDecimal,3,13,2.7865,961.871,62.809,35342928,70341792
G8B,adaptive,BigDecimal,3,14,2.4932,1158.475,71.312,157023056,-6256928
G8B,adaptive,BigDecimal,3,15,2.7492,755.313,49.116,31270312,74424
G8B,adaptive,BigDecimal,3,16,3.0177,88.530,27.712,12802408,-1121248
G8B,adaptive,BigDecimal,3,17,2.5884,674.364,53.675,97263976,-57605264
G8B,adaptive,BigDecimal,3,18,2.8381,1092.279,68.947,11353496,-61836072
G8B,adaptive,BigDecimal,3,19,2.6574,726.892,63.902,2533688,-23017512
G8B,adaptive,BigDecimal,3,20,2.7125,817.824,57.083,157157880,-52404752
G8B,adaptive,BigDecimal,3,21,2.5856,985.329,60.966,224167312,-73317936
G8B,adaptive,BigDecimal,3,22,2.7460,949.272,56.901,140964264,-78590872
G8B,adaptive,BigDecimal,3,23,2.6909,1033.562,62.012,165133048,110102528
G8B,adaptive,BigDecimal,3,24,2.7198,444.966,50.236,95308208,-8577472
G8B,adaptive,BigDecimal,3,25,2.7676,637.404,56.770,8084352,-55525552
G8B,adaptive,BigDecimal,3,26,2.6928,764.583,57.825,44907792,-24078112
G8B,adaptive,BigDecimal,3,27,3.0971,75.143,19.036,23189080,-15448304
G8B,adaptive,BigDecimal,3,28,2.7003,1351.138,85.325,75198200,9770552
G8B,adaptive,BigDecimal,3,29,2.9100,786.001,58.554,7364080,-19885608
G8B,adaptive,BigDecimal,3,30,2.7143,281.339,32.620,44719592,8441320
G8B,adaptive,BigDecimal,3,31,2.9383,457.215,42.138,34374176,-10453600
G8B,adaptive,BigDecimal,3,32,2.7509,620.272,55.567,27032648,-27926288
G8B,adaptive,BigDecimal,3,33,3.1096,37.581,11.636,23002952,-16336296
G8B,adaptive,BigDecimal,3,34,2.6103,1067.683,73.568,16558640,26267656
G8B,adaptive,BigDecimal,3,35,2.5769,1091.443,51.369,83080888,97519616
G8B,adaptive,BigDecimal,3,36,2.7123,1330.032,76.239,126042504,-64937824
G8B,adaptive,BigDecimal,3,37,2.7571,1530.259,90.153,152589896,-146738544
G8B,adaptive,BigDecimal,3,38,2.6594,1990.357,98.282,16969456,6327712
G8B,adaptive,BigDecimal,4,1,3.0623,979.033,53.626,13450000,4237240
G8B,adaptive,BigDecimal,4,2,2.9200,711.051,47.545,131142688,-2056272
G8B,adaptive,BigDecimal,4,3,2.7074,1223.407,107.037,218623568,124778496
G8B,adaptive,BigDecimal,4,4,2.5774,1228.532,55.785,134665832,-67086856
G8B,adaptive,BigDecimal,4,5,2.6958,1779.559,80.204,187720672,-21939664
G8B,adaptive,BigDecimal,4,6,2.7073,1091.133,60.747,233706904,105904128
G8B,adaptive,BigDecimal,4,7,2.6281,717.972,57.992,185675928,-29337360
G8B,adaptive,BigDecimal,4,8,2.6124,1286.602,73.538,161613456,-93276848
G8B,adaptive,BigDecimal,4,9,2.6442,1082.066,57.573,149622008,-86981096
G8B,adaptive,BigDecimal,4,10,2.5546,1070.006,68.014,48047424,-20901992
G8B,adaptive,BigDecimal,4,11,2.6933,998.700,64.891,229081712,-12797152
G8B,adaptive,BigDecimal,4,12,2.5947,847.677,60.989,21713040,-27211240
G8B,adaptive,BigDecimal,4,13,2.7865,1113.358,67.866,258890528,-34565536
G8B,adaptive,BigDecimal,4,14,2.4932,1500.336,81.873,73215568,-23017416
G8B,adaptive,BigDecimal,4,15,2.7492,841.523,50.853,35466288,82688
G8B,adaptive,BigDecimal,4,16,3.0177,89.103,33.602,17108576,-26104856
G8B,adaptive,BigDecimal,4,17,2.5884,772.160,53.502,145685344,99612672
G8B,adaptive,BigDecimal,4,18,2.8381,1216.630,69.055,32326592,-58685672
G8B,adaptive,BigDecimal,4,19,2.6574,737.710,54.825,7055312,9458392
G8B,adaptive,BigDecimal,4,20,2.7125,935.210,58.593,159181184,106954752
G8B,adaptive,BigDecimal,4,21,2.5856,1153.561,63.946,191097928,106954752
G8B,adaptive,BigDecimal,4,22,2.7460,859.067,55.566,138079160,-78588920
G8B,adaptive,BigDecimal,4,23,2.6909,1294.899,114.351,29128264,-13687424
G8B,adaptive,BigDecimal,4,24,2.7198,993.032,117.622,70020528,2241304
G8B,adaptive,BigDecimal,4,25,2.7676,1065.801,62.271,79510640,1098184
G8B,adaptive,BigDecimal,4,26,2.6928,944.747,74.464,124332480,-192590344
G8B,adaptive,BigDecimal,4,27,3.0971,87.740,20.004,37660592,-4118608
G8B,adaptive,BigDecimal,4,28,2.7003,1751.058,80.828,20763656,-44013920
G8B,adaptive,BigDecimal,4,29,2.9100,1176.859,53.034,173868368,99616768
G8B,adaptive,BigDecimal,4,30,2.7143,250.966,38.404,9003872,-35672408
G8B,adaptive,BigDecimal,4,31,2.9383,501.754,45.592,138840,-10411848
G8B,adaptive,BigDecimal,4,32,2.7509,637.168,60.316,54339576,-50259688
G8B,adaptive,BigDecimal,4,33,3.1096,40.316,10.243,10506352,19920896
G8B,adaptive,BigDecimal,4,34,2.6103,1104.897,63.822,75268056,28332528
G8B,adaptive,BigDecimal,4,35,2.5769,839.276,53.222,95149696,-71219448
G8B,adaptive,BigDecimal,4,36,2.7123,1188.760,68.841,65838032,-63918208
G8B,adaptive,BigDecimal,4,37,2.7571,1146.230,75.534,50152776,-16708696
G8B,adaptive,BigDecimal,4,38,2.6594,1316.085,76.890,293383408,130023424
G8B,adaptive,BigDecimal,5,1,3.0623,908.630,49.841,170000560,94371840
G8B,adaptive,BigDecimal,5,2,2.9200,586.929,48.527,3999168,-4114848
G8B,adaptive,BigDecimal,5,3,2.7074,1182.157,70.566,14490016,-3084416
G8B,adaptive,BigDecimal,5,4,2.5774,818.607,61.384,137593632,-208264192
G8B,adaptive,BigDecimal,5,5,2.6958,1782.716,73.432,33247512,8340088
G8B,adaptive,BigDecimal,5,6,2.7073,972.914,62.722,136257704,63995120
G8B,adaptive,BigDecimal,5,7,2.6281,648.672,50.855,18434952,70320
G8B,adaptive,BigDecimal,5,8,2.6124,1171.465,65.473,281510248,116393984
G8B,adaptive,BigDecimal,5,9,2.6442,1016.734,60.442,158016456,-74403480
G8B,adaptive,BigDecimal,5,10,2.5546,1098.972,56.577,243053008,109051904
G8B,adaptive,BigDecimal,5,11,2.6933,979.078,57.448,164964736,-83834616
G8B,adaptive,BigDecimal,5,12,2.5947,856.738,53.881,107673704,-77535120
G8B,adaptive,BigDecimal,5,13,2.7865,1162.241,60.798,99699112,112195584
G8B,adaptive,BigDecimal,5,14,2.4932,1198.110,79.083,14413600,-2108856
G8B,adaptive,BigDecimal,5,15,2.7492,697.759,58.307,29130960,2855032
G8B,adaptive,BigDecimal,5,16,3.0177,90.348,22.917,53457432,13217744
G8B,adaptive,BigDecimal,5,17,2.5884,700.764,56.607,19695000,7407136
G8B,adaptive,BigDecimal,5,18,2.8381,1249.868,69.616,5005784,-1033368
G8B,adaptive,BigDecimal,5,19,2.6574,668.232,61.714,28037328,-45613408
G8B,adaptive,BigDecimal,5,20,2.7125,815.485,56.114,157107128,106954752
G8B,adaptive,BigDecimal,5,21,2.5856,937.077,68.508,7361048,16368016
G8B,adaptive,BigDecimal,5,22,2.7460,760.969,72.062,19739720,-69753480
G8B,adaptive,BigDecimal,5,23,2.6909,1020.297,66.555,15552712,26239512
G8B,adaptive,BigDecimal,5,24,2.7198,375.437,47.956,79573616,-129066048
G8B,adaptive,BigDecimal,5,25,2.7676,656.353,52.038,100367368,66402280
G8B,adaptive,BigDecimal,5,26,2.6928,1039.341,72.220,147392680,8429688
G8B,adaptive,BigDecimal,5,27,3.0971,92.980,27.051,40119288,-6437968
G8B,adaptive,BigDecimal,5,28,2.7003,2585.722,109.392,22845040,52486032
G8B,adaptive,BigDecimal,5,29,2.9100,1054.278,56.794,18223504,-24036904
G8B,adaptive,BigDecimal,5,30,2.7143,245.862,34.392,4810432,-12555112
G8B,adaptive,BigDecimal,5,31,2.9383,476.790,42.039,17644464,-10405288
G8B,adaptive,BigDecimal,5,32,2.7509,746.747,54.863,111320424,4879216
G8B,adaptive,BigDecimal,5,33,3.1096,41.977,11.443,6360104,19920896
G8B,adaptive,BigDecimal,5,34,2.6103,1285.147,67.437,62604280,-5439200
G8B,adaptive,BigDecimal,5,35,2.5769,1130.220,67.339,116213096,-62857800
G8B,adaptive,BigDecimal,5,36,2.7123,1327.761,68.853,133745648,-132120576
G8B,adaptive,BigDecimal,5,37,2.7571,1096.583,72.007,172528296,-136260496
G8B,adaptive,BigDecimal,5,38,2.6594,1223.068,71.738,854912,39921528
G8B,adaptive,Nayuki,1,1,3.0689,721.374,0.277,80368032,0
G8B,adaptive,Nayuki,1,2,2.9091,507.920,0.223,61609056,127272
G8B,adaptive,Nayuki,1,3,2.7273,944.058,0.431,99564648,0
G8B,adaptive,Nayuki,1,4,2.5806,592.585,0.317,79652080,0
G8B,adaptive,Nayuki,1,5,2.6933,1427.890,0.523,128451168,0
G8B,adaptive,Nayuki,1,6,2.7073,824.726,0.349,88837528,0
G8B,adaptive,Nayuki,1,7,2.6386,675.735,0.286,67558944,0
G8B,adaptive,Nayuki,1,8,2.6067,949.708,0.398,103534104,0
G8B,adaptive,Nayuki,1,9,2.6503,661.739,0.345,87850360,0
G8B,adaptive,Nayuki,1,10,2.5723,740.773,0.359,92628416,207360
G8B,adaptive,Nayuki,1,11,2.6994,636.273,0.350,85113976,0
G8B,adaptive,Nayuki,1,12,2.6047,569.341,0.294,72985088,0
G8B,adaptive,Nayuki,1,13,2.7836,712.851,0.379,95381160,208984
G8B,adaptive,Nayuki,1,14,2.4932,1046.449,0.441,110984984,166992
G8B,adaptive,Nayuki,1,15,2.7559,575.305,0.288,73680960,829640
G8B,adaptive,Nayuki,1,16,3.0442,62.201,0.071,10140784,83120
G8B,adaptive,Nayuki,1,17,2.5850,543.348,0.280,69435616,0
G8B,adaptive,Nayuki,1,18,2.8409,1007.668,0.418,100138912,0
G8B,adaptive,Nayuki,1,19,2.6574,517.159,0.280,67125272,0
G8B,adaptive,Nayuki,1,20,2.7000,674.309,0.331,83086936,0
G8B,adaptive,Nayuki,1,21,2.5946,729.324,0.462,91769288,167240
G8B,adaptive,Nayuki,1,22,2.7524,728.600,0.311,79638336,0
G8B,adaptive,Nayuki,1,23,2.6909,678.798,0.371,86804672,292240
G8B,adaptive,Nayuki,1,24,2.7241,303.843,8.517,42245472,84296
G8B,adaptive,Nayuki,1,25,2.7606,505.945,0.270,67150520,0
G8B,adaptive,Nayuki,1,26,2.6928,588.856,0.276,76419552,292392
G8B,adaptive,Nayuki,1,27,3.1068,46.640,0.054,10007248,83512
G8B,adaptive,Nayuki,1,28,2.7080,1209.091,0.506,120697728,0
G8B,adaptive,Nayuki,1,29,2.9068,629.204,0.283,78810792,292432
G8B,adaptive,Nayuki,1,30,2.7090,193.318,0.136,30124256,0
G8B,adaptive,Nayuki,1,31,2.9630,332.142,0.206,45864952,83040
G8B,adaptive,Nayuki,1,32,2.7616,470.683,0.422,65799272,0
G8B,adaptive,Nayuki,1,33,3.1781,23.818,0.036,4280952,0
G8B,adaptive,Nayuki,1,34,2.6132,764.943,0.397,99089912,0
G8B,adaptive,Nayuki,1,35,2.5897,568.879,0.260,80262832,208728
G8B,adaptive,Nayuki,1,36,2.7123,788.186,0.397,100054080,250760
G8B,adaptive,Nayuki,1,37,2.7571,1031.728,0.437,101476952,0
G8B,adaptive,Nayuki,1,38,2.6594,1109.634,0.472,108804032,0
G8B,adaptive,Nayuki,2,1,3.0689,738.142,0.252,77563336,0
G8B,adaptive,Nayuki,2,2,2.9091,544.043,0.278,61249184,335968
G8B,adaptive,Nayuki,2,3,2.7273,832.870,0.424,100412712,0
G8B,adaptive,Nayuki,2,4,2.5806,617.294,0.329,79496832,1046528
G8B,adaptive,Nayuki,2,5,2.6933,1036.785,0.767,130796952,0
G8B,adaptive,Nayuki,2,6,2.7073,655.068,0.350,86149600,0
G8B,adaptive,Nayuki,2,7,2.6386,520.820,0.421,67461288,0
G8B,adaptive,Nayuki,2,8,2.6067,910.226,0.403,103559144,0
G8B,adaptive,Nayuki,2,9,2.6503,676.502,0.342,87902616,0
G8B,adaptive,Nayuki,2,10,2.5723,768.586,0.369,93192704,373744
G8B,adaptive,Nayuki,2,11,2.6994,665.564,0.344,86033504,0
G8B,adaptive,Nayuki,2,12,2.6047,537.644,0.307,74050480,957216
G8B,adaptive,Nayuki,2,13,2.7836,733.787,0.378,94896096,0
G8B,adaptive,Nayuki,2,14,2.4932,921.219,0.444,111856504,0
G8B,adaptive,Nayuki,2,15,2.7559,513.576,0.258,74179256,336000
G8B,adaptive,Nayuki,2,16,3.0442,68.380,0.070,10034904,0
G8B,adaptive,Nayuki,2,17,2.5850,554.770,0.280,69414680,0
G8B,adaptive,Nayuki,2,18,2.8409,826.220,0.403,101185992,0
G8B,adaptive,Nayuki,2,19,2.6574,470.346,0.287,67448168,0
G8B,adaptive,Nayuki,2,20,2.7000,630.322,0.329,83297024,0
G8B,adaptive,Nayuki,2,21,2.5946,737.793,0.347,89728416,217528
G8B,adaptive,Nayuki,2,22,2.7524,566.200,0.313,78809088,292208
G8B,adaptive,Nayuki,2,23,2.6909,667.983,0.349,88040856,209080
G8B,adaptive,Nayuki,2,24,2.7241,282.277,0.216,43235120,212104
G8B,adaptive,Nayuki,2,25,2.7606,481.558,0.263,65696592,0
G8B,adaptive,Nayuki,2,26,2.6928,575.771,0.273,76266600,0
G8B,adaptive,Nayuki,2,27,3.1068,59.685,0.054,8849624,0
G8B,adaptive,Nayuki,2,28,2.7080,1012.186,0.547,121384360,1050624
G8B,adaptive,Nayuki,2,29,2.9068,601.927,0.279,77759608,292360
G8B,adaptive,Nayuki,2,30,2.7090,176.391,0.140,28783040,0
G8B,adaptive,Nayuki,2,31,2.9630,360.507,0.209,46457104,82776
G8B,adaptive,Nayuki,2,32,2.7616,456.484,0.269,66573952,0
G8B,adaptive,Nayuki,2,33,3.1781,24.049,0.036,4281160,0
G8B,adaptive,Nayuki,2,34,2.6132,781.738,0.397,98039400,0
G8B,adaptive,Nayuki,2,35,2.5897,606.146,0.264,81068168,0
G8B,adaptive,Nayuki,2,36,2.7123,781.029,0.414,100415152,0
G8B,adaptive,Nayuki,2,37,2.7571,816.628,0.577,103533696,0
G8B,adaptive,Nayuki,2,38,2.6594,883.087,0.444,111963488,0
G8B,adaptive,Nayuki,3,1,3.0689,560.260,0.304,77861272,0
G8B,adaptive,Nayuki,3,2,2.9091,450.964,0.228,61775256,252456
G8B,adaptive,Nayuki,3,3,2.7273,833.072,0.412,99523888,250832
G8B,adaptive,Nayuki,3,4,2.5806,585.803,0.337,79059800,1046528
G8B,adaptive,Nayuki,3,5,2.6933,1118.571,0.502,130769616,0
G8B,adaptive,Nayuki,3,6,2.7073,744.940,0.351,89097864,0
G8B,adaptive,Nayuki,3,7,2.6386,526.366,0.280,66540280,0
G8B,adaptive,Nayuki,3,8,2.6067,845.204,0.402,104607016,0
G8B,adaptive,Nayuki,3,9,2.6503,673.666,0.337,85748344,0
G8B,adaptive,Nayuki,3,10,2.5723,867.428,0.396,91615816,207704
G8B,adaptive,Nayuki,3,11,2.6994,709.752,0.344,86067608,374536
G8B,adaptive,Nayuki,3,12,2.6047,561.491,0.414,75322552,0
G8B,adaptive,Nayuki,3,13,2.7836,736.529,0.370,94361864,292688
G8B,adaptive,Nayuki,3,14,2.4932,872.298,0.455,110908864,0
G8B,adaptive,Nayuki,3,15,2.7559,550.831,0.248,74187216,0
G8B,adaptive,Nayuki,3,16,3.0442,54.908,0.070,10121256,0
G8B,adaptive,Nayuki,3,17,2.5850,518.646,0.295,69401776,0
G8B,adaptive,Nayuki,3,18,2.8409,850.859,0.413,101462816,0
G8B,adaptive,Nayuki,3,19,2.6574,500.744,0.276,68410760,166920
G8B,adaptive,Nayuki,3,20,2.7000,622.344,0.334,81758120,0
G8B,adaptive,Nayuki,3,21,2.5946,702.897,0.342,89715728,0
G8B,adaptive,Nayuki,3,22,2.7524,571.669,0.312,79436984,0
G8B,adaptive,Nayuki,3,23,2.6909,782.310,0.354,88124080,292152
G8B,adaptive,Nayuki,3,24,2.7241,339.278,0.209,42804208,87912
G8B,adaptive,Nayuki,3,25,2.7606,485.132,0.267,66812488,0
G8B,adaptive,Nayuki,3,26,2.6928,604.573,0.339,77552560,0
G8B,adaptive,Nayuki,3,27,3.1068,45.092,0.053,8722296,0
G8B,adaptive,Nayuki,3,28,2.7080,1065.528,0.672,121387440,0
G8B,adaptive,Nayuki,3,29,2.9068,634.631,0.297,78793464,594576
G8B,adaptive,Nayuki,3,30,2.7090,216.799,0.137,30106384,0
G8B,adaptive,Nayuki,3,31,2.9630,350.221,0.202,46103832,83496
G8B,adaptive,Nayuki,3,32,2.7616,467.079,0.537,66938272,0
G8B,adaptive,Nayuki,3,33,3.1781,23.706,0.036,4721856,0
G8B,adaptive,Nayuki,3,34,2.6132,786.504,0.402,98035224,0
G8B,adaptive,Nayuki,3,35,2.5897,609.715,0.260,80535464,0
G8B,adaptive,Nayuki,3,36,2.7123,794.203,0.431,102512128,0
G8B,adaptive,Nayuki,3,37,2.7571,819.950,0.418,104597744,0
G8B,adaptive,Nayuki,3,38,2.6594,881.921,0.444,109866760,0
G8B,adaptive,Nayuki,4,1,3.0689,568.526,0.248,77194520,0
G8B,adaptive,Nayuki,4,2,2.9091,463.774,0.232,62115640,1048576
G8B,adaptive,Nayuki,4,3,2.7273,770.329,0.520,101462120,0
G8B,adaptive,Nayuki,4,4,2.5806,570.182,0.513,78235096,0
G8B,adaptive,Nayuki,4,5,2.6933,1052.701,0.576,130821264,1050624
G8B,adaptive,Nayuki,4,6,2.7073,636.082,0.353,85868016,292504
G8B,adaptive,Nayuki,4,7,2.6386,475.253,0.286,67797952,0
G8B,adaptive,Nayuki,4,8,2.6067,855.225,0.407,102229448,0
G8B,adaptive,Nayuki,4,9,2.6503,680.565,0.336,85746240,0
G8B,adaptive,Nayuki,4,10,2.5723,697.855,0.371,92628272,207344
G8B,adaptive,Nayuki,4,11,2.6994,672.299,0.348,86881152,374920
G8B,adaptive,Nayuki,4,12,2.6047,554.662,0.298,71940456,0
G8B,adaptive,Nayuki,4,13,2.7836,808.477,0.384,94333520,209936
G8B,adaptive,Nayuki,4,14,2.4932,1157.259,0.522,112253016,166840
G8B,adaptive,Nayuki,4,15,2.7559,653.790,0.327,72103704,955656
G8B,adaptive,Nayuki,4,16,3.0442,67.943,0.076,10476728,83304
G8B,adaptive,Nayuki,4,17,2.5850,559.104,0.370,68952592,0
G8B,adaptive,Nayuki,4,18,2.8409,1060.665,0.414,103559528,0
G8B,adaptive,Nayuki,4,19,2.6574,717.444,0.333,68732504,0
G8B,adaptive,Nayuki,4,20,2.7000,817.631,0.344,82522352,0
G8B,adaptive,Nayuki,4,21,2.5946,859.023,0.371,90722064,167152
G8B,adaptive,Nayuki,4,22,2.7524,634.924,0.311,78894912,0
G8B,adaptive,Nayuki,4,23,2.6909,715.811,0.360,89218992,166960
G8B,adaptive,Nayuki,4,24,2.7241,286.589,0.206,42931208,213176
G8B,adaptive,Nayuki,4,25,2.7606,493.253,0.274,65896800,346640
G8B,adaptive,Nayuki,4,26,2.6928,673.917,0.303,76419432,292288
G8B,adaptive,Nayuki,4,27,3.1068,58.580,0.058,9465072,83496
G8B,adaptive,Nayuki,4,28,2.7080,1058.248,0.506,120613000,0
G8B,adaptive,Nayuki,4,29,2.9068,570.810,0.280,77760944,292400
G8B,adaptive,Nayuki,4,30,2.7090,168.898,0.136,28792880,0
G8B,adaptive,Nayuki,4,31,2.9630,329.536,0.206,46337840,83104
G8B,adaptive,Nayuki,4,32,2.7616,455.815,0.282,65547768,0
G8B,adaptive,Nayuki,4,33,3.1781,24.926,0.042,4956416,0
G8B,adaptive,Nayuki,4,34,2.6132,760.563,0.388,100130248,0
G8B,adaptive,Nayuki,4,35,2.5897,652.858,0.261,79393400,0
G8B,adaptive,Nayuki,4,36,2.7123,849.758,0.413,102300304,0
G8B,adaptive,Nayuki,4,37,2.7571,951.339,0.409,104597552,0
G8B,adaptive,Nayuki,4,38,2.6594,969.223,0.454,111502432,0
G8B,adaptive,Nayuki,5,1,3.0689,605.241,0.244,77168192,0
G8B,adaptive,Nayuki,5,2,2.9091,466.149,0.233,62878048,293928
G8B,adaptive,Nayuki,5,3,2.7273,885.217,0.404,99437568,250040
G8B,adaptive,Nayuki,5,4,2.5806,603.329,0.315,77175728,292456
G8B,adaptive,Nayuki,5,5,2.6933,1094.585,0.522,128724032,0
G8B,adaptive,Nayuki,5,6,2.7073,663.982,0.339,86914520,292488
G8B,adaptive,Nayuki,5,7,2.6386,463.375,0.290,64753184,0
G8B,adaptive,Nayuki,5,8,2.6067,807.759,0.414,104607456,0
G8B,adaptive,Nayuki,5,9,2.6503,656.422,0.340,86026976,0
G8B,adaptive,Nayuki,5,10,2.5723,741.079,0.361,91938192,375872
G8B,adaptive,Nayuki,5,11,2.6994,747.820,0.338,86158592,208504
G8B,adaptive,Nayuki,5,12,2.6047,578.649,0.306,73870832,0
G8B,adaptive,Nayuki,5,13,2.7836,907.731,0.359,96471336,252232
G8B,adaptive,Nayuki,5,14,2.4932,1115.033,0.448,113109112,167168
G8B,adaptive,Nayuki,5,15,2.7559,606.745,0.267,71737024,540072
G8B,adaptive,Nayuki,5,16,3.0442,61.957,0.071,10006832,82376
G8B,adaptive,Nayuki,5,17,2.5850,741.153,0.459,69724688,0
G8B,adaptive,Nayuki,5,18,2.8409,1194.760,0.428,100130840,0
G8B,adaptive,Nayuki,5,19,2.6574,671.837,0.279,68814008,0
G8B,adaptive,Nayuki,5,20,2.7000,677.166,0.354,82157200,427200
G8B,adaptive,Nayuki,5,21,2.5946,797.079,0.480,91202112,0
G8B,adaptive,Nayuki,5,22,2.7524,900.757,0.314,77509736,0
G8B,adaptive,Nayuki,5,23,2.6909,1068.177,0.393,88568448,0
G8B,adaptive,Nayuki,5,24,2.7241,369.968,0.216,43018304,626336
G8B,adaptive,Nayuki,5,25,2.7606,610.809,0.267,62831104,0
G8B,adaptive,Nayuki,5,26,2.6928,772.941,0.416,76423584,292000
G8B,adaptive,Nayuki,5,27,3.1068,47.988,0.055,10338928,0
G8B,adaptive,Nayuki,5,28,2.7080,1404.847,0.511,120335384,0
G8B,adaptive,Nayuki,5,29,2.9068,606.310,0.286,76713208,292632
G8B,adaptive,Nayuki,5,30,2.7090,182.411,0.222,29211280,0
G8B,adaptive,Nayuki,5,31,2.9630,331.908,0.204,46119280,82928
G8B,adaptive,Nayuki,5,32,2.7616,492.836,0.264,66092176,0
G8B,adaptive,Nayuki,5,33,3.1781,25.144,0.036,4616960,0
G8B,adaptive,Nayuki,5,34,2.6132,784.736,0.391,99079344,0
G8B,adaptive,Nayuki,5,35,2.5897,612.899,0.260,80181088,0
G8B,adaptive,Nayuki,5,36,2.7123,819.880,0.396,99400728,0
G8B,adaptive,Nayuki,5,37,2.7571,1003.802,0.412,101854672,0
G8B,adaptive,Nayuki,5,38,2.6594,936.244,0.479,111935072,0
LiuGrammar,static,BigDecimal,1,1,3.4000,295.226,6.442,154471520,14680064
LiuGrammar,static,BigDecimal,1,2,3.0364,181.420,4.647,59225160,11532288
LiuGrammar,static,BigDecimal,1,3,3.0597,428.282,7.192,25210488,17823744
LiuGrammar,static,BigDecimal,1,4,2.9806,246.428,6.128,79650728,12582912
LiuGrammar,static,BigDecimal,1,5,3.0324,548.057,9.150,123830272,18874368
LiuGrammar,static,BigDecimal,1,6,3.0213,285.107,6.978,41593536,14680064
LiuGrammar,static,BigDecimal,1,7,2.9544,195.464,4.933,24301504,11536384
LiuGrammar,static,BigDecimal,1,8,2.9803,322.668,6.516,77256912,17827840
LiuGrammar,static,BigDecimal,1,9,3.0429,293.782,7.714,24971208,-171922632
LiuGrammar,static,BigDecimal,1,10,2.9617,322.902,7.289,93513016,15726592
LiuGrammar,static,BigDecimal,1,11,3.0644,293.884,7.863,56245296,15726592
LiuGrammar,static,BigDecimal,1,12,2.9302,226.020,6.522,92049096,-81787040
LiuGrammar,static,BigDecimal,1,13,3.1374,344.821,6.286,54340264,15730688
LiuGrammar,static,BigDecimal,1,14,2.9892,443.519,7.385,82430968,18874368
LiuGrammar,static,BigDecimal,1,15,2.9933,199.515,5.506,80727960,12582912
LiuGrammar,static,BigDecimal,1,16,3.0796,19.266,1.042,967696,2097152
LiuGrammar,static,BigDecimal,1,17,3.0544,240.688,5.799,60547688,12582912
LiuGrammar,static,BigDecimal,1,18,3.1023,423.357,9.357,36440936,-141439896
LiuGrammar,static,BigDecimal,1,19,3.0415,225.666,5.692,7021896,13629440
LiuGrammar,static,BigDecimal,1,20,3.2000,299.275,7.080,144816976,14680064
LiuGrammar,static,BigDecimal,1,21,3.0931,307.685,7.511,48966184,16777216
LiuGrammar,static,BigDecimal,1,22,3.2572,300.811,7.127,42372792,14680064
LiuGrammar,static,BigDecimal,1,23,3.2000,340.875,7.215,39065912,16777216
LiuGrammar,static,BigDecimal,1,24,3.0259,126.445,4.549,73094216,-79695272
LiuGrammar,static,BigDecimal,1,25,3.1232,213.727,5.485,10590104,11532288
LiuGrammar,static,BigDecimal,1,26,2.9510,231.128,6.091,126844776,13633536
LiuGrammar,static,BigDecimal,1,27,3.0777,12.134,0.406,2942808,749088
LiuGrammar,static,BigDecimal,1,28,3.0698,584.799,8.666,75741680,18874368
LiuGrammar,static,BigDecimal,1,29,3.1093,278.409,6.862,31196560,14680064
LiuGrammar,static,BigDecimal,1,30,3.0476,64.583,2.467,31229656,6291456
LiuGrammar,static,BigDecimal,1,31,3.2222,148.652,3.836,47792280,8388608
LiuGrammar,static,BigDecimal,1,32,3.0783,215.025,5.124,95444720,11532288
LiuGrammar,static,BigDecimal,1,33,3.0548,4.822,0.231,6293592,0
LiuGrammar,static,BigDecimal,1,34,3.0716,351.502,6.267,105647304,16777216
LiuGrammar,static,BigDecimal,1,35,2.9551,234.095,5.651,69663736,12582912
LiuGrammar,static,BigDecimal,1,36,3.0427,350.046,7.701,109727856,-102768896
LiuGrammar,static,BigDecimal,1,37,3.1073,385.940,7.527,64314400,18874368
LiuGrammar,static,BigDecimal,1,38,3.0354,454.800,7.493,44099928,17823744
LiuGrammar,static,BigDecimal,2,1,3.4000,276.525,6.499,58660648,14680064
LiuGrammar,static,BigDecimal,2,2,3.0364,164.583,4.469,34300040,11532288
LiuGrammar,static,BigDecimal,2,3,3.0597,404.359,7.324,16871040,17823744
LiuGrammar,static,BigDecimal,2,4,2.9806,235.983,6.011,62652920,12582912
LiuGrammar,static,BigDecimal,2,5,3.0324,565.855,8.957,152531408,18874368
LiuGrammar,static,BigDecimal,2,6,3.0213,309.032,7.999,58126760,-92282216
LiuGrammar,static,BigDecimal,2,7,2.9544,201.989,5.020,91007320,11536384
LiuGrammar,static,BigDecimal,2,8,2.9803,332.914,6.546,75037760,17827840
LiuGrammar,static,BigDecimal,2,9,3.0429,300.400,7.662,24978504,-171947704
LiuGrammar,static,BigDecimal,2,10,2.9617,314.466,7.297,101834736,15726592
LiuGrammar,static,BigDecimal,2,11,3.0644,297.478,6.985,47721632,15726592
LiuGrammar,static,BigDecimal,2,12,2.9302,224.791,5.600,35375792,13629440
LiuGrammar,static,BigDecimal,2,13,3.1374,352.118,6.913,43599896,15730688
LiuGrammar,static,BigDecimal,2,14,2.9892,434.021,7.435,119007920,18874368
LiuGrammar,static,BigDecimal,2,15,2.9933,224.320,5.473,83428736,12582912
LiuGrammar,static,BigDecimal,2,16,3.0796,20.374,1.068,1005248,2097152
LiuGrammar,static,BigDecimal,2,17,3.0544,253.166,5.826,102393848,12582912
LiuGrammar,static,BigDecimal,2,18,3.1023,415.223,7.286,64407152,17827840
LiuGrammar,static,BigDecimal,2,19,3.0415,231.186,5.652,28820592,13629440
LiuGrammar,static,BigDecimal,2,20,3.2000,316.016,7.348,45882608,14680064
LiuGrammar,static,BigDecimal,2,21,3.0931,306.001,7.926,47191768,16777216
LiuGrammar,static,BigDecimal,2,22,3.2572,297.688,7.201,42382568,14680064
LiuGrammar,static,BigDecimal,2,23,3.2000,330.991,7.194,49146424,16777216
LiuGrammar,static,BigDecimal,2,24,3.0259,137.580,3.533,41746800,8388608
LiuGrammar,static,BigDecimal,2,25,3.1232,205.878,5.858,31240352,11532288
LiuGrammar,static,BigDecimal,2,26,2.9510,236.122,7.044,35694616,-93311464
LiuGrammar,static,BigDecimal,2,27,3.0777,11.758,0.416,802680,833288
LiuGrammar,static,BigDecimal,2,28,3.0698,602.917,8.949,79655192,18874368
LiuGrammar,static,BigDecimal,2,29,3.1093,263.252,7.516,16506088,-94367920
LiuGrammar,static,BigDecimal,2,30,3.0476,63.555,2.261,31229696,6291456
LiuGrammar,static,BigDecimal,2,31,3.2222,159.264,3.827,24725792,8388608
LiuGrammar,static,BigDecimal,2,32,3.0783,216.276,4.947,100176016,10485760
LiuGrammar,static,BigDecimal,2,33,3.0548,4.987,0.170,6293520,250064
LiuGrammar,static,BigDecimal,2,34,3.0716,359.687,6.606,50606944,16777216
LiuGrammar,static,BigDecimal,2,35,2.9551,241.318,6.584,37349120,-98565080
LiuGrammar,static,BigDecimal,2,36,3.0427,350.265,8.060,86081320,16777216
LiuGrammar,static,BigDecimal,2,37,3.1073,369.946,7.596,36584304,18874368
LiuGrammar,static,BigDecimal,2,38,3.0354,445.042,7.488,56634360,17823744
LiuGrammar,static,BigDecimal,3,1,3.4000,294.524,6.500,154184744,14680064
LiuGrammar,static,BigDecimal,3,2,3.0364,185.347,5.080,45917112,-84933952
LiuGrammar,static,BigDecimal,3,3,3.0597,422.491,7.011,89921960,17823744
LiuGrammar,static,BigDecimal,3,4,2.9806,242.101,8.174,94191424,12582912
LiuGrammar,static,BigDecimal,3,5,3.0324,558.056,9.378,114800272,18874368
LiuGrammar,static,BigDecimal,3,6,3.0213,277.383,6.740,41592936,14680064
LiuGrammar,static,BigDecimal,3,7,2.9544,181.784,5.673,55312552,11536384
LiuGrammar,static,BigDecimal,3,8,2.9803,354.272,6.535,230377312,17827840
LiuGrammar,static,BigDecimal,3,9,3.0429,292.486,6.889,64961664,14680064
LiuGrammar,static,BigDecimal,3,10,2.9617,311.011,7.389,91962064,15726592
LiuGrammar,static,BigDecimal,3,11,3.0644,302.694,7.118,55901408,15726592
LiuGrammar,static,BigDecimal,3,12,2.9302,230.217,5.571,104181624,13629440
LiuGrammar,static,BigDecimal,3,13,3.1374,359.713,6.288,49846360,15730688
LiuGrammar,static,BigDecimal,3,14,2.9892,443.848,7.449,93055824,18874368
LiuGrammar,static,BigDecimal,3,15,2.9933,211.076,5.487,82937800,12582912
LiuGrammar,static,BigDecimal,3,16,3.0796,17.611,1.046,7415016,2097152
LiuGrammar,static,BigDecimal,3,17,3.0544,258.409,5.789,102238744,12582912
LiuGrammar,static,BigDecimal,3,18,3.1023,418.761,7.294,96317512,17827840
LiuGrammar,static,BigDecimal,3,19,3.0415,228.612,5.671,78421680,13629440
LiuGrammar,static,BigDecimal,3,20,3.2000,304.857,7.934,153780512,-146784216
LiuGrammar,static,BigDecimal,3,21,3.0931,315.337,7.852,46878400,16777216
LiuGrammar,static,BigDecimal,3,22,3.2572,313.383,7.200,42069352,14680064
LiuGrammar,static,BigDecimal,3,23,3.2000,331.668,7.182,41162416,16777216
LiuGrammar,static,BigDecimal,3,24,3.0259,123.098,4.128,73092240,-79698056
LiuGrammar,static,BigDecimal,3,25,3.1232,228.070,5.957,85794488,-80749552
LiuGrammar,static,BigDecimal,3,26,2.9510,239.294,5.983,59260488,13633536
LiuGrammar,static,BigDecimal,3,27,3.0777,11.581,0.482,796720,830512
LiuGrammar,static,BigDecimal,3,28,3.0698,576.711,8.681,109205576,18874368
LiuGrammar,static,BigDecimal,3,29,3.1093,233.895,6.601,87722904,14680064
LiuGrammar,static,BigDecimal,3,30,3.0476,64.742,2.282,37559976,6291456
LiuGrammar,static,BigDecimal,3,31,3.2222,149.430,3.807,26815648,8388608
LiuGrammar,static,BigDecimal,3,32,3.0783,221.572,5.012,125441240,11532288
LiuGrammar,static,BigDecimal,3,33,3.0548,4.864,0.262,6293600,251272
LiuGrammar,static,BigDecimal,3,34,3.0716,360.307,6.192,84559104,16777216
LiuGrammar,static,BigDecimal,3,35,2.9551,234.946,5.529,69673808,12582912
LiuGrammar,static,BigDecimal,3,36,3.0427,372.608,6.797,90028704,16777216
LiuGrammar,static,BigDecimal,3,37,3.1073,370.699,7.472,64497288,18874368
LiuGrammar,static,BigDecimal,3,38,3.0354,445.246,8.810,37763344,-147853464
LiuGrammar,static,BigDecimal,4,1,3.4000,283.236,6.472,69517000,14680064
LiuGrammar,static,BigDecimal,4,2,3.0364,163.975,4.516,38530640,11532288
LiuGrammar,static,BigDecimal,4,3,3.0597,401.061,7.903,25271200,-89144032
LiuGrammar,static,BigDecimal,4,4,2.9806,235.984,5.956,104619704,12582912
LiuGrammar,static,BigDecimal,4,5,3.0324,559.917,8.944,54307688,18874368
LiuGrammar,static,BigDecimal,4,6,3.0213,293.801,6.769,92302000,14680064
LiuGrammar,static,BigDecimal,4,7,2.9544,192.578,4.875,63547896,11536384
LiuGrammar,static,BigDecimal,4,8,2.9803,335.420,7.015,58373352,16777216
LiuGrammar,static,BigDecimal,4,9,3.0429,288.295,6.815,116950288,14680064
LiuGrammar,static,BigDecimal,4,10,2.9617,324.076,7.713,72605392,15726592
LiuGrammar,static,BigDecimal,4,11,3.0644,315.527,6.953,127444584,15726592
LiuGrammar,static,BigDecimal,4,12,2.9302,229.067,7.260,64658024,-103811520
LiuGrammar,static,BigDecimal,4,13,3.1374,349.233,6.319,62264408,15730688
LiuGrammar,static,BigDecimal,4,14,2.9892,464.603,7.324,95833520,18874368
LiuGrammar,static,BigDecimal,4,15,2.9933,208.413,6.096,40308480,12582912
LiuGrammar,static,BigDecimal,4,16,3.0796,19.091,1.048,5207360,2097152
LiuGrammar,static,BigDecimal,4,17,3.0544,256.719,5.804,138058576,12582912
LiuGrammar,static,BigDecimal,4,18,3.1023,431.260,7.336,38436304,17827840
LiuGrammar,static,BigDecimal,4,19,3.0415,244.334,5.914,114479072,13629440
LiuGrammar,static,BigDecimal,4,20,3.2000,305.039,8.022,40094632,14680064
LiuGrammar,static,BigDecimal,4,21,3.0931,322.083,8.997,132610040,16777216
LiuGrammar,static,BigDecimal,4,22,3.2572,290.641,7.161,42380032,14680064
LiuGrammar,static,BigDecimal,4,23,3.2000,358.364,6.537,78558432,16777216
LiuGrammar,static,BigDecimal,4,24,3.0259,122.172,3.553,83668096,8388608
LiuGrammar,static,BigDecimal,4,25,3.1232,213.800,5.880,75613832,11532288
LiuGrammar,static,BigDecimal,4,26,2.9510,233.179,5.995,18904376,13633536
LiuGrammar,static,BigDecimal,4,27,3.0777,13.780,0.403,5087016,0
LiuGrammar,static,BigDecimal,4,28,3.0698,572.641,8.686,73181352,18874368
LiuGrammar,static,BigDecimal,4,29,3.1093,273.175,6.771,54257936,14680064
LiuGrammar,static,BigDecimal,4,30,3.0476,63.686,2.250,39656504,5240832
LiuGrammar,static,BigDecimal,4,31,3.2222,158.252,4.049,51968368,8388608
LiuGrammar,static,BigDecimal,4,32,3.0783,214.151,4.981,17849496,11532288
LiuGrammar,static,BigDecimal,4,33,3.0548,4.801,0.174,6293592,251360
LiuGrammar,static,BigDecimal,4,34,3.0716,353.853,6.273,51178992,16777216
LiuGrammar,static,BigDecimal,4,35,2.9551,246.847,5.707,134648360,12582912
LiuGrammar,static,BigDecimal,4,36,3.0427,358.012,7.654,100757648,-98566928
LiuGrammar,static,BigDecimal,4,37,3.1073,372.707,7.450,62297832,18874368
LiuGrammar,static,BigDecimal,4,38,3.0354,471.845,7.506,44328840,17823744
LiuGrammar,static,BigDecimal,5,1,3.4000,275.735,6.638,101413624,14680064
LiuGrammar,static,BigDecimal,5,2,3.0364,178.611,6.123,55125784,-191893560
LiuGrammar,static,BigDecimal,5,3,3.0597,427.774,7.533,84043408,17823744
LiuGrammar,static,BigDecimal,5,4,2.9806,244.910,5.968,149633960,12582912
LiuGrammar,static,BigDecimal,5,5,3.0324,539.358,10.996,119109792,-123735096
LiuGrammar,static,BigDecimal,5,6,3.0213,302.003,6.702,84981632,14680064
LiuGrammar,static,BigDecimal,5,7,2.9544,202.017,5.184,65841920,11536384
LiuGrammar,static,BigDecimal,5,8,2.9803,331.697,6.544,74179488,16777216
LiuGrammar,static,BigDecimal,5,9,3.0429,306.712,7.684,68983864,-125757928
LiuGrammar,static,BigDecimal,5,10,2.9617,329.050,7.318,82265176,15726592
LiuGrammar,static,BigDecimal,5,11,3.0644,313.153,7.894,52281608,15726592
LiuGrammar,static,BigDecimal,5,12,2.9302,229.409,5.621,108909696,13629440
LiuGrammar,static,BigDecimal,5,13,3.1374,345.094,6.293,47444776,15730688
LiuGrammar,static,BigDecimal,5,14,2.9892,473.287,7.951,76410168,18874368
LiuGrammar,static,BigDecimal,5,15,2.9933,210.762,5.780,34014176,12582912
LiuGrammar,static,BigDecimal,5,16,3.0796,18.120,1.045,5207480,2097152
LiuGrammar,static,BigDecimal,5,17,3.0544,255.284,5.886,138070864,12582912
LiuGrammar,static,BigDecimal,5,18,3.1023,422.860,7.574,58984544,17827840
LiuGrammar,static,BigDecimal,5,19,3.0415,240.527,5.858,114478816,13629440
LiuGrammar,static,BigDecimal,5,20,3.2000,316.829,7.114,35521048,14680064
LiuGrammar,static,BigDecimal,5,21,3.0931,316.499,7.521,104773856,16777216
LiuGrammar,static,BigDecimal,5,22,3.2572,290.433,7.091,38034488,14680064
LiuGrammar,static,BigDecimal,5,23,3.2000,344.425,7.184,49242168,16777216
LiuGrammar,static,BigDecimal,5,24,3.0259,123.825,3.553,83660048,8388608
LiuGrammar,static,BigDecimal,5,25,3.1232,213.021,5.354,75610640,11532288
LiuGrammar,static,BigDecimal,5,26,2.9510,231.884,6.165,122376128,13633536
LiuGrammar,static,BigDecimal,5,27,3.0777,12.359,0.406,2945120,749088
LiuGrammar,static,BigDecimal,5,28,3.0698,609.883,8.802,35912328,18874368
LiuGrammar,static,BigDecimal,5,29,3.1093,267.172,6.751,27485960,14680064
LiuGrammar,static,BigDecimal,5,30,3.0476,67.662,2.356,35424584,5240832
LiuGrammar,static,BigDecimal,5,31,3.2222,150.073,3.832,58283880,8388608
LiuGrammar,static,BigDecimal,5,32,3.0783,240.521,5.544,52207120,-75493112
LiuGrammar,static,BigDecimal,5,33,3.0548,4.832,0.170,6293600,251320
LiuGrammar,static,BigDecimal,5,34,3.0716,343.989,6.225,95393824,16777216
LiuGrammar,static,BigDecimal,5,35,2.9551,251.565,5.644,33535712,12582912
LiuGrammar,static,BigDecimal,5,36,3.0427,354.103,7.776,46312912,16777216
LiuGrammar,static,BigDecimal,5,37,3.1073,380.412,9.560,106804432,-102578984
LiuGrammar,static,BigDecimal,5,38,3.0354,471.419,9.032,37790768,-147756896
LiuGrammar,static,Nayuki,1,1,3.4098,94.427,0.205,14906856,82848
LiuGrammar,static,Nayuki,1,2,3.0545,92.755,0.210,12612944,0
LiuGrammar,static,Nayuki,1,3,3.0682,113.618,0.308,19716872,770968
LiuGrammar,static,Nayuki,1,4,2.9935,96.367,0.208,15058848,0
LiuGrammar,static,Nayuki,1,5,3.0324,163.569,0.350,24901512,0
LiuGrammar,static,Nayuki,1,6,3.0244,88.724,0.242,16810056,0
LiuGrammar,static,Nayuki,1,7,2.9474,81.345,0.192,13101096,82872
LiuGrammar,static,Nayuki,1,8,2.9888,127.691,0.292,19532096,0
LiuGrammar,static,Nayuki,1,9,3.0429,98.066,0.235,16493320,0
LiuGrammar,static,Nayuki,1,10,2.9735,114.510,0.253,18121176,0
LiuGrammar,static,Nayuki,1,11,3.0675,88.617,0.240,16494808,0
LiuGrammar,static,Nayuki,1,12,2.9236,85.447,0.204,14200600,0
LiuGrammar,static,Nayuki,1,13,3.1345,98.701,0.267,17927848,663208
LiuGrammar,static,Nayuki,1,14,2.9919,124.746,0.373,21388072,0
LiuGrammar,static,Nayuki,1,15,2.9967,81.420,0.178,14226528,0
LiuGrammar,static,Nayuki,1,16,3.1150,5.046,0.053,1995936,59688
LiuGrammar,static,Nayuki,1,17,3.0748,98.066,0.249,13646944,0
LiuGrammar,static,Nayuki,1,18,3.1136,116.788,0.304,19294528,104344
LiuGrammar,static,Nayuki,1,19,3.0450,93.011,0.209,13736744,0
LiuGrammar,static,Nayuki,1,20,3.2000,90.441,0.254,16672520,0
LiuGrammar,static,Nayuki,1,21,3.0991,114.278,0.274,17337168,771504
LiuGrammar,static,Nayuki,1,22,3.2669,88.393,0.246,15098832,665336
LiuGrammar,static,Nayuki,1,23,3.2000,94.256,0.278,17159576,0
LiuGrammar,static,Nayuki,1,24,3.0345,52.470,0.141,8371672,124560
LiuGrammar,static,Nayuki,1,25,3.1268,67.971,0.232,12541920,0
LiuGrammar,static,Nayuki,1,26,2.9542,83.803,0.190,14699728,0
LiuGrammar,static,Nayuki,1,27,3.1068,4.164,0.038,1658176,41416
LiuGrammar,static,Nayuki,1,28,3.0801,135.435,0.357,23386016,0
LiuGrammar,static,Nayuki,1,29,3.1125,100.886,0.201,14868272,165496
LiuGrammar,static,Nayuki,1,30,3.0476,26.008,0.108,5536296,82664
LiuGrammar,static,Nayuki,1,31,3.2263,41.364,0.150,9024080,0
LiuGrammar,static,Nayuki,1,32,3.0747,74.246,0.188,12487464,82104
LiuGrammar,static,Nayuki,1,33,3.0685,1.912,0.027,875232,39696
LiuGrammar,static,Nayuki,1,34,3.0716,113.894,0.269,19261984,0
LiuGrammar,static,Nayuki,1,35,2.9744,81.396,0.173,15163360,0
LiuGrammar,static,Nayuki,1,36,3.0313,129.456,0.276,19421744,0
LiuGrammar,static,Nayuki,1,37,3.0960,111.243,0.297,20204256,0
LiuGrammar,static,Nayuki,1,38,3.0300,136.374,0.301,21529984,0
LiuGrammar,static,Nayuki,2,1,3.4098,75.390,0.212,14887528,0
LiuGrammar,static,Nayuki,2,2,3.0545,77.136,0.154,12168168,0
LiuGrammar,static,Nayuki,2,3,3.0682,112.412,0.331,19264296,771096
LiuGrammar,static,Nayuki,2,4,2.9935,77.044,0.215,15354896,0
LiuGrammar,static,Nayuki,2,5,3.0324,147.038,0.352,25171888,0
LiuGrammar,static,Nayuki,2,6,3.0244,108.184,0.234,17197616,0
LiuGrammar,static,Nayuki,2,7,2.9474,86.239,0.198,13069840,0
LiuGrammar,static,Nayuki,2,8,2.9888,124.900,0.288,19546144,0
LiuGrammar,static,Nayuki,2,9,3.0429,86.924,0.330,16493312,0
LiuGrammar,static,Nayuki,2,10,2.9735,108.533,0.253,18098408,0
LiuGrammar,static,Nayuki,2,11,3.0675,89.707,0.245,16579208,0
LiuGrammar,static,Nayuki,2,12,2.9236,90.298,0.207,14213016,165592
LiuGrammar,static,Nayuki,2,13,3.1345,119.494,0.257,18748928,0
LiuGrammar,static,Nayuki,2,14,2.9919,133.098,0.311,21345216,0
LiuGrammar,static,Nayuki,2,15,2.9967,81.773,0.173,14185296,165600
LiuGrammar,static,Nayuki,2,16,3.1150,5.026,0.052,2025104,34696
LiuGrammar,static,Nayuki,2,17,3.0748,89.341,0.209,13363752,657648
LiuGrammar,static,Nayuki,2,18,3.1136,119.551,0.297,19536224,0
LiuGrammar,static,Nayuki,2,19,3.0450,87.304,0.201,13492816,0
LiuGrammar,static,Nayuki,2,20,3.2000,103.773,0.261,16669736,0
LiuGrammar,static,Nayuki,2,21,3.0991,110.630,0.287,17158904,665264
LiuGrammar,static,Nayuki,2,22,3.2669,78.428,0.254,14818816,706696
LiuGrammar,static,Nayuki,2,23,3.2000,94.224,0.280,17080608,102728
LiuGrammar,static,Nayuki,2,24,3.0345,38.030,0.140,9044968,0
LiuGrammar,static,Nayuki,2,25,3.1268,84.246,0.197,12789176,165592
LiuGrammar,static,Nayuki,2,26,2.9542,89.734,0.187,15431184,0
LiuGrammar,static,Nayuki,2,27,3.1068,4.247,0.041,1656416,41432
LiuGrammar,static,Nayuki,2,28,3.0801,154.340,0.362,23499224,0
LiuGrammar,static,Nayuki,2,29,3.1125,99.435,0.194,14996544,0
LiuGrammar,static,Nayuki,2,30,3.0476,24.975,0.142,6003160,83192
LiuGrammar,static,Nayuki,2,31,3.2263,38.553,0.154,9183168,0
LiuGrammar,static,Nayuki,2,32,3.0747,80.284,0.197,12505056,82200
LiuGrammar,static,Nayuki,2,33,3.0685,1.987,0.027,864280,41104
LiuGrammar,static,Nayuki,2,34,3.0716,110.520,0.275,19145088,0
LiuGrammar,static,Nayuki,2,35,2.9744,107.602,0.184,14691232,124992
LiuGrammar,static,Nayuki,2,36,3.0313,123.768,0.280,19449584,0
LiuGrammar,static,Nayuki,2,37,3.0960,109.145,0.294,20061752,0
LiuGrammar,static,Nayuki,2,38,3.0300,125.100,0.300,21247040,0
LiuGrammar,static,Nayuki,3,1,3.4098,77.781,0.205,14714472,0
LiuGrammar,static,Nayuki,3,2,3.0545,73.784,0.207,11950024,82824
LiuGrammar,static,Nayuki,3,3,3.0682,117.330,0.320,19265488,657896
LiuGrammar,static,Nayuki,3,4,2.9935,80.470,0.216,15053808,0
LiuGrammar,static,Nayuki,3,5,3.0324,163.001,0.347,24916624,0
LiuGrammar,static,Nayuki,3,6,3.0244,88.232,0.247,16229856,687136
LiuGrammar,static,Nayuki,3,7,2.9474,62.221,0.195,12879640,82912
LiuGrammar,static,Nayuki,3,8,2.9888,126.994,0.304,19283056,0
LiuGrammar,static,Nayuki,3,9,3.0429,94.183,0.228,16575976,0
LiuGrammar,static,Nayuki,3,10,2.9735,124.100,0.262,17791616,0
LiuGrammar,static,Nayuki,3,11,3.0675,109.489,0.244,16556288,661648
LiuGrammar,static,Nayuki,3,12,2.9236,82.848,0.203,14397768,0
LiuGrammar,static,Nayuki,3,13,3.1345,104.722,0.247,18626672,0
LiuGrammar,static,Nayuki,3,14,2.9919,130.353,0.311,21458416,0
LiuGrammar,static,Nayuki,3,15,2.9967,89.132,0.171,14573056,0
LiuGrammar,static,Nayuki,3,16,3.1150,6.043,0.066,1995368,60288
LiuGrammar,static,Nayuki,3,17,3.0748,77.653,0.208,13426192,0
LiuGrammar,static,Nayuki,3,18,3.1136,122.239,0.299,19300904,105600
LiuGrammar,static,Nayuki,3,19,3.0450,80.030,0.211,13754336,0
LiuGrammar,static,Nayuki,3,20,3.2000,90.893,0.256,16672584,0
LiuGrammar,static,Nayuki,3,21,3.0991,106.873,0.262,16988032,771472
LiuGrammar,static,Nayuki,3,22,3.2669,97.399,0.247,15368656,665336
LiuGrammar,static,Nayuki,3,23,3.2000,91.594,0.275,16989080,0
LiuGrammar,static,Nayuki,3,24,3.0345,39.893,0.143,8532952,124560
LiuGrammar,static,Nayuki,3,25,3.1268,67.866,0.189,12541920,0
LiuGrammar,static,Nayuki,3,26,2.9542,81.445,0.185,14688000,0
LiuGrammar,static,Nayuki,3,27,3.1068,4.152,0.039,1658176,41416
LiuGrammar,static,Nayuki,3,28,3.0801,160.930,0.357,23386528,0
LiuGrammar,static,Nayuki,3,29,3.1125,86.156,0.191,15114896,0
LiuGrammar,static,Nayuki,3,30,3.0476,24.990,0.105,5620720,83040
LiuGrammar,static,Nayuki,3,31,3.2263,43.375,0.156,9007624,0
LiuGrammar,static,Nayuki,3,32,3.0747,75.120,0.186,12607456,0
LiuGrammar,static,Nayuki,3,33,3.0685,1.896,0.027,860952,41056
LiuGrammar,static,Nayuki,3,34,3.0716,109.785,0.269,18998208,0
LiuGrammar,static,Nayuki,3,35,2.9744,88.902,0.184,15048152,122120
LiuGrammar,static,Nayuki,3,36,3.0313,114.098,0.277,19146288,0
LiuGrammar,static,Nayuki,3,37,3.0960,115.132,0.293,20204744,0
LiuGrammar,static,Nayuki,3,38,3.0300,124.327,0.302,21108504,0
LiuGrammar,static,Nayuki,4,1,3.4098,74.450,0.269,14887016,0
LiuGrammar,static,Nayuki,4,2,3.0545,74.912,0.158,12815632,0
LiuGrammar,static,Nayuki,4,3,3.0682,115.933,0.325,19291072,770952
LiuGrammar,static,Nayuki,4,4,2.9935,82.674,0.211,14823944,0
LiuGrammar,static,Nayuki,4,5,3.0324,148.297,0.387,24908864,0
LiuGrammar,static,Nayuki,4,6,3.0244,87.759,0.243,16579136,683952
LiuGrammar,static,Nayuki,4,7,2.9474,80.021,0.199,12658880,82920
LiuGrammar,static,Nayuki,4,8,2.9888,113.397,0.296,19276088,0
LiuGrammar,static,Nayuki,4,9,3.0429,100.505,0.224,16049144,0
LiuGrammar,static,Nayuki,4,10,2.9735,101.823,0.260,17974760,0
LiuGrammar,static,Nayuki,4,11,3.0675,88.131,0.244,16148216,0
LiuGrammar,static,Nayuki,4,12,2.9236,93.477,0.201,14192688,0
LiuGrammar,static,Nayuki,4,13,3.1345,100.191,0.267,17763016,663264
LiuGrammar,static,Nayuki,4,14,2.9919,123.459,0.317,21396920,0
LiuGrammar,static,Nayuki,4,15,2.9967,92.407,0.178,14395040,0
LiuGrammar,static,Nayuki,4,16,3.1150,5.342,0.053,1995936,59688
LiuGrammar,static,Nayuki,4,17,3.0748,82.380,0.217,13832720,703352
LiuGrammar,static,Nayuki,4,18,3.1136,119.834,0.303,19295328,105840
LiuGrammar,static,Nayuki,4,19,3.0450,70.784,0.209,13383928,0
LiuGrammar,static,Nayuki,4,20,3.2000,93.715,0.258,16529496,0
LiuGrammar,static,Nayuki,4,21,3.0991,106.928,0.263,16806784,771472
LiuGrammar,static,Nayuki,4,22,3.2669,85.026,0.250,14947496,665336
LiuGrammar,static,Nayuki,4,23,3.2000,106.004,0.275,16809880,0
LiuGrammar,static,Nayuki,4,24,3.0345,49.216,0.142,8531416,124560
LiuGrammar,static,Nayuki,4,25,3.1268,72.769,0.187,12506848,0
LiuGrammar,static,Nayuki,4,26,2.9542,91.090,0.209,14906360,0
LiuGrammar,static,Nayuki,4,27,3.1068,4.071,0.039,1657456,41488
LiuGrammar,static,Nayuki,4,28,3.0801,150.786,0.366,23346704,0
LiuGrammar,static,Nayuki,4,29,3.1125,86.549,0.201,14984888,0
LiuGrammar,static,Nayuki,4,30,3.0476,30.363,0.109,5585408,82984
LiuGrammar,static,Nayuki,4,31,3.2263,52.052,0.151,9191296,0
LiuGrammar,static,Nayuki,4,32,3.0747,73.810,0.187,12486520,82104
LiuGrammar,static,Nayuki,4,33,3.0685,1.917,0.027,875232,39696
LiuGrammar,static,Nayuki,4,34,3.0716,149.674,0.272,19267528,0
LiuGrammar,static,Nayuki,4,35,2.9744,96.274,0.190,15034608,125808
LiuGrammar,static,Nayuki,4,36,3.0313,121.683,0.276,19419560,0
LiuGrammar,static,Nayuki,4,37,3.0960,116.965,0.286,20050456,0
LiuGrammar,static,Nayuki,4,38,3.0300,127.766,0.318,20768392,688512
LiuGrammar,static,Nayuki,5,1,3.4098,109.501,0.206,15200560,0
LiuGrammar,static,Nayuki,5,2,3.0545,71.983,0.154,12170224,0
LiuGrammar,static,Nayuki,5,3,3.0682,114.008,0.327,19014344,771040
LiuGrammar,static,Nayuki,5,4,2.9935,93.411,0.297,15054296,0
LiuGrammar,static,Nayuki,5,5,3.0324,161.248,0.349,24768496,0
LiuGrammar,static,Nayuki,5,6,3.0244,97.161,0.242,16811544,0
LiuGrammar,static,Nayuki,5,7,2.9474,73.870,0.198,12907560,82872
LiuGrammar,static,Nayuki,5,8,2.9888,111.746,0.319,19421248,664384
LiuGrammar,static,Nayuki,5,9,3.0429,95.865,0.238,16411736,661696
LiuGrammar,static,Nayuki,5,10,2.9735,95.822,0.255,17794856,0
LiuGrammar,static,Nayuki,5,11,3.0675,95.222,0.249,16820736,662216
LiuGrammar,static,Nayuki,5,12,2.9236,80.269,0.215,14481272,0
LiuGrammar,static,Nayuki,5,13,3.1345,110.220,0.249,18889512,0
LiuGrammar,static,Nayuki,5,14,2.9919,117.786,0.312,21637136,0
LiuGrammar,static,Nayuki,5,15,2.9967,85.548,0.182,13758312,165568
LiuGrammar,static,Nayuki,5,16,3.1150,5.029,0.052,2024544,35264
LiuGrammar,static,Nayuki,5,17,3.0748,91.617,0.218,13610000,697024
LiuGrammar,static,Nayuki,5,18,3.1136,119.291,0.309,19415136,105808
LiuGrammar,static,Nayuki,5,19,3.0450,68.816,0.201,13383744,0
LiuGrammar,static,Nayuki,5,20,3.2000,101.146,0.254,16354696,0
LiuGrammar,static,Nayuki,5,21,3.0991,111.863,0.304,17289096,665376
LiuGrammar,static,Nayuki,5,22,3.2669,97.091,0.246,14997504,665328
LiuGrammar,static,Nayuki,5,23,3.2000,106.415,0.281,17211784,102728
LiuGrammar,static,Nayuki,5,24,3.0345,49.042,0.144,8524264,0
LiuGrammar,static,Nayuki,5,25,3.1268,73.071,0.189,12819280,0
LiuGrammar,static,Nayuki,5,26,2.9542,79.630,0.190,14837248,0
LiuGrammar,static,Nayuki,5,27,3.1068,4.337,0.044,1665376,41496
LiuGrammar,static,Nayuki,5,28,3.0801,135.928,0.359,23561448,0
LiuGrammar,static,Nayuki,5,29,3.1125,83.973,0.194,14988056,0
LiuGrammar,static,Nayuki,5,30,3.0476,23.656,0.104,5991896,83192
LiuGrammar,static,Nayuki,5,31,3.2263,41.270,0.154,9185224,0
LiuGrammar,static,Nayuki,5,32,3.0747,80.737,0.195,12504544,82200
LiuGrammar,static,Nayuki,5,33,3.0685,1.903,0.027,864280,41104
LiuGrammar,static,Nayuki,5,34,3.0716,115.671,0.269,19275752,0
LiuGrammar,static,Nayuki,5,35,2.9744,89.317,0.178,14692256,124992
LiuGrammar,static,Nayuki,5,36,3.0313,120.471,0.279,19281240,0
LiuGrammar,static,Nayuki,5,37,3.0960,111.898,0.300,20196976,0
LiuGrammar,static,Nayuki,5,38,3.0300,126.187,0.301,21379384,0
LiuGrammar,semi-adaptive,BigDecimal,1,1,3.2623,277.228,6.245,102462592,12582912
LiuGrammar,semi-adaptive,BigDecimal,1,2,2.8691,174.561,4.106,112993720,9435136
LiuGrammar,semi-adaptive,BigDecimal,1,3,2.9205,323.896,8.126,16974728,17823744
LiuGrammar,semi-adaptive,BigDecimal,1,4,2.7581,219.348,5.314,85535912,12582912
LiuGrammar,semi-adaptive,BigDecimal,1,5,2.9551,491.241,8.906,110235088,19920896
LiuGrammar,semi-adaptive,BigDecimal,1,6,2.8811,268.221,6.244,58108872,13633536
LiuGrammar,semi-adaptive,BigDecimal,1,7,2.8000,200.532,4.843,58661168,10485760
LiuGrammar,semi-adaptive,BigDecimal,1,8,2.7949,299.326,9.957,32828000,-116794136
LiuGrammar,semi-adaptive,BigDecimal,1,9,2.8926,287.432,6.121,79912736,13629440
LiuGrammar,semi-adaptive,BigDecimal,1,10,2.7493,285.995,6.626,40833200,14680064
LiuGrammar,semi-adaptive,BigDecimal,1,11,2.9141,260.125,6.697,36942096,15726592
LiuGrammar,semi-adaptive,BigDecimal,1,12,2.7608,215.808,5.344,25666392,11536384
LiuGrammar,semi-adaptive,BigDecimal,1,13,2.9591,303.631,7.345,36576824,15726592
LiuGrammar,semi-adaptive,BigDecimal,1,14,2.8564,386.233,6.789,22534168,16777216
LiuGrammar,semi-adaptive,BigDecimal,1,15,2.7458,186.452,4.927,83556200,11532288
LiuGrammar,semi-adaptive,BigDecimal,1,16,2.9204,18.202,1.084,4980808,3143680
LiuGrammar,semi-adaptive,BigDecimal,1,17,2.8503,228.950,5.505,138636960,12582912
LiuGrammar,semi-adaptive,BigDecimal,1,18,2.9318,379.015,8.516,124738128,17823744
LiuGrammar,semi-adaptive,BigDecimal,1,19,2.8927,245.375,5.398,103248584,12582912
LiuGrammar,semi-adaptive,BigDecimal,1,20,3.0438,272.293,9.142,732552,-95421824
LiuGrammar,semi-adaptive,BigDecimal,1,21,3.0300,300.681,7.369,45377096,14680064
LiuGrammar,semi-adaptive,BigDecimal,1,22,3.1061,265.445,9.879,89823168,13629440
LiuGrammar,semi-adaptive,BigDecimal,1,23,3.0273,296.102,7.678,43868904,16777216
LiuGrammar,semi-adaptive,BigDecimal,1,24,2.9569,155.129,5.960,63348680,9439232
LiuGrammar,semi-adaptive,BigDecimal,1,25,3.0880,243.511,6.289,110425976,11532288
LiuGrammar,semi-adaptive,BigDecimal,1,26,2.7418,263.837,7.290,47586008,12582912
LiuGrammar,semi-adaptive,BigDecimal,1,27,2.7087,10.458,0.413,600536,416328
LiuGrammar,semi-adaptive,BigDecimal,1,28,2.9121,626.234,9.250,48780864,19924992
LiuGrammar,semi-adaptive,BigDecimal,1,29,2.9614,306.183,7.868,112874952,14680064
LiuGrammar,semi-adaptive,BigDecimal,1,30,2.8307,73.678,2.731,2301288,6291456
LiuGrammar,semi-adaptive,BigDecimal,1,31,3.1111,175.427,4.680,61469472,9435136
LiuGrammar,semi-adaptive,BigDecimal,1,32,2.9217,246.134,6.224,68335448,-81793080
LiuGrammar,semi-adaptive,BigDecimal,1,33,2.6849,4.819,0.205,5245784,167696
LiuGrammar,semi-adaptive,BigDecimal,1,34,2.9828,378.555,7.417,22038736,15730688
LiuGrammar,semi-adaptive,BigDecimal,1,35,2.6731,242.176,6.197,2922216,12582912
LiuGrammar,semi-adaptive,BigDecimal,1,36,2.9459,372.386,7.988,3887504,16777216
LiuGrammar,semi-adaptive,BigDecimal,1,37,2.9887,396.467,9.711,56253104,18874368
LiuGrammar,semi-adaptive,BigDecimal,1,38,2.9401,447.567,7.450,93488344,17823744
LiuGrammar,semi-adaptive,BigDecimal,2,1,3.2623,288.462,6.541,25046920,12582912
LiuGrammar,semi-adaptive,BigDecimal,2,2,2.8691,189.644,4.435,48804232,9435136
LiuGrammar,semi-adaptive,BigDecimal,2,3,2.9205,332.372,8.403,120529416,17823744
LiuGrammar,semi-adaptive,BigDecimal,2,4,2.7581,233.084,7.214,59060080,12582912
LiuGrammar,semi-adaptive,BigDecimal,2,5,2.9551,510.843,9.004,89030968,20971520
LiuGrammar,semi-adaptive,BigDecimal,2,6,2.8811,275.577,6.284,160464296,13633536
LiuGrammar,semi-adaptive,BigDecimal,2,7,2.8000,186.523,4.605,60629584,10485760
LiuGrammar,semi-adaptive,BigDecimal,2,8,2.7949,306.245,7.533,43007272,15726592
LiuGrammar,semi-adaptive,BigDecimal,2,9,2.8926,271.835,7.130,26973400,13629440
LiuGrammar,semi-adaptive,BigDecimal,2,10,2.7493,267.755,7.432,51512944,14680064
LiuGrammar,semi-adaptive,BigDecimal,2,11,2.9141,281.286,6.634,49468056,15726592
LiuGrammar,semi-adaptive,BigDecimal,2,12,2.7608,219.013,5.922,29862216,11536384
LiuGrammar,semi-adaptive,BigDecimal,2,13,2.9591,307.965,7.355,28078304,15726592
LiuGrammar,semi-adaptive,BigDecimal,2,14,2.8564,388.788,6.771,16120392,16777216
LiuGrammar,semi-adaptive,BigDecimal,2,15,2.7458,194.114,4.933,50420512,11532288
LiuGrammar,semi-adaptive,BigDecimal,2,16,2.9204,20.680,1.249,-940352,3143680
LiuGrammar,semi-adaptive,BigDecimal,2,17,2.8503,218.667,5.546,69445536,12582912
LiuGrammar,semi-adaptive,BigDecimal,2,18,2.9318,407.582,8.629,24277304,17823744
LiuGrammar,semi-adaptive,BigDecimal,2,19,2.8927,227.573,5.575,110012648,12582912
LiuGrammar,semi-adaptive,BigDecimal,2,20,3.0438,281.060,8.209,88647976,15726592
LiuGrammar,semi-adaptive,BigDecimal,2,21,3.0300,318.814,10.169,34420016,14680064
LiuGrammar,semi-adaptive,BigDecimal,2,22,3.1061,261.537,6.923,4162352,13629440
LiuGrammar,semi-adaptive,BigDecimal,2,23,3.0273,293.051,7.831,16906040,16777216
LiuGrammar,semi-adaptive,BigDecimal,2,24,2.9569,129.583,4.475,68398448,9439232
LiuGrammar,semi-adaptive,BigDecimal,2,25,3.0880,204.487,6.234,30368104,11532288
LiuGrammar,semi-adaptive,BigDecimal,2,26,2.7418,204.006,7.015,57114688,-106795936
LiuGrammar,semi-adaptive,BigDecimal,2,27,2.7087,9.293,0.269,11118792,0
LiuGrammar,semi-adaptive,BigDecimal,2,28,2.9121,528.892,8.406,98354152,19924992
LiuGrammar,semi-adaptive,BigDecimal,2,29,2.9614,234.322,6.211,97304928,14680064
LiuGrammar,semi-adaptive,BigDecimal,2,30,2.8307,68.991,2.253,46457240,6291456
LiuGrammar,semi-adaptive,BigDecimal,2,31,3.1111,151.749,4.318,72589904,9435136
LiuGrammar,semi-adaptive,BigDecimal,2,32,2.9217,196.628,4.631,84771128,10485760
LiuGrammar,semi-adaptive,BigDecimal,2,33,2.6849,4.086,0.345,5202336,167312
LiuGrammar,semi-adaptive,BigDecimal,2,34,2.9828,364.908,6.449,91414896,15726592
LiuGrammar,semi-adaptive,BigDecimal,2,35,2.6731,196.220,6.252,27914600,-90173960
LiuGrammar,semi-adaptive,BigDecimal,2,36,2.9459,324.294,7.833,63783488,15726592
LiuGrammar,semi-adaptive,BigDecimal,2,37,2.9887,322.126,7.128,3759608,18874368
LiuGrammar,semi-adaptive,BigDecimal,2,38,2.9401,407.803,7.271,68336888,17823744
LiuGrammar,semi-adaptive,BigDecimal,3,1,3.2623,285.766,6.244,177901088,12582912
LiuGrammar,semi-adaptive,BigDecimal,3,2,2.8691,174.797,4.086,112826480,9435136
LiuGrammar,semi-adaptive,BigDecimal,3,3,2.9205,313.853,8.180,16802008,17823744
LiuGrammar,semi-adaptive,BigDecimal,3,4,2.7581,210.317,5.311,68826344,12582912
LiuGrammar,semi-adaptive,BigDecimal,3,5,2.9551,491.464,8.648,14735888,20971520
LiuGrammar,semi-adaptive,BigDecimal,3,6,2.8811,290.387,6.339,123619936,13633536
LiuGrammar,semi-adaptive,BigDecimal,3,7,2.8000,188.609,4.560,34558208,10485760
LiuGrammar,semi-adaptive,BigDecimal,3,8,2.7949,299.212,7.449,50502192,15726592
LiuGrammar,semi-adaptive,BigDecimal,3,9,2.8926,258.016,6.180,57817016,13629440
LiuGrammar,semi-adaptive,BigDecimal,3,10,2.7493,283.692,7.009,122662024,14680064
LiuGrammar,semi-adaptive,BigDecimal,3,11,2.9141,266.748,6.568,65297280,15726592
LiuGrammar,semi-adaptive,BigDecimal,3,12,2.7608,212.266,5.119,110592528,11536384
LiuGrammar,semi-adaptive,BigDecimal,3,13,2.9591,307.958,7.539,25824288,15726592
LiuGrammar,semi-adaptive,BigDecimal,3,14,2.8564,398.988,7.108,33690944,17823744
LiuGrammar,semi-adaptive,BigDecimal,3,15,2.7458,195.706,5.008,63246104,11532288
LiuGrammar,semi-adaptive,BigDecimal,3,16,2.9204,19.912,1.093,-940384,3143680
LiuGrammar,semi-adaptive,BigDecimal,3,17,2.8503,215.443,5.744,58994248,12582912
LiuGrammar,semi-adaptive,BigDecimal,3,18,2.9318,379.534,8.496,40568696,17823744
LiuGrammar,semi-adaptive,BigDecimal,3,19,2.8927,224.306,7.665,66722776,12582912
LiuGrammar,semi-adaptive,BigDecimal,3,20,3.0438,272.845,7.162,103309632,15726592
LiuGrammar,semi-adaptive,BigDecimal,3,21,3.0300,288.660,8.393,32423712,14680064
LiuGrammar,semi-adaptive,BigDecimal,3,22,3.1061,268.417,7.545,27624296,-77605400
LiuGrammar,semi-adaptive,BigDecimal,3,23,3.0273,335.659,8.635,93444080,16777216
LiuGrammar,semi-adaptive,BigDecimal,3,24,2.9569,150.970,5.004,11088792,9439232
LiuGrammar,semi-adaptive,BigDecimal,3,25,3.0880,194.380,5.867,79324776,11532288
LiuGrammar,semi-adaptive,BigDecimal,3,26,2.7418,235.906,5.440,65791872,12582912
LiuGrammar,semi-adaptive,BigDecimal,3,27,2.7087,11.057,0.269,1936488,0
LiuGrammar,semi-adaptive,BigDecimal,3,28,2.9121,510.566,8.376,35139752,19924992
LiuGrammar,semi-adaptive,BigDecimal,3,29,2.9614,250.660,6.130,39980984,14680064
LiuGrammar,semi-adaptive,BigDecimal,3,30,2.8307,61.385,2.178,41943352,6291456
LiuGrammar,semi-adaptive,BigDecimal,3,31,3.1111,148.867,5.808,73123504,-141657056
LiuGrammar,semi-adaptive,BigDecimal,3,32,2.9217,208.314,4.788,7297456,10485760
LiuGrammar,semi-adaptive,BigDecimal,3,33,2.6849,4.049,0.162,5203944,251336
LiuGrammar,semi-adaptive,BigDecimal,3,34,2.9828,341.862,7.125,3438056,-77586328
LiuGrammar,semi-adaptive,BigDecimal,3,35,2.6731,195.974,5.367,28067280,12582912
LiuGrammar,semi-adaptive,BigDecimal,3,36,2.9459,323.304,8.309,-12126848,-74444640
LiuGrammar,semi-adaptive,BigDecimal,3,37,2.9887,331.529,6.973,31607592,18874368
LiuGrammar,semi-adaptive,BigDecimal,3,38,2.9401,421.478,7.271,91833712,17823744
LiuGrammar,semi-adaptive,BigDecimal,4,1,3.2623,269.682,6.283,14904272,12582912
LiuGrammar,semi-adaptive,BigDecimal,4,2,2.8691,159.537,4.074,20966712,9435136
LiuGrammar,semi-adaptive,BigDecimal,4,3,2.9205,325.705,9.357,87958200,-99616312
LiuGrammar,semi-adaptive,BigDecimal,4,4,2.7581,224.346,5.482,85270880,12582912
LiuGrammar,semi-adaptive,BigDecimal,4,5,2.9551,495.773,8.901,61686072,19924992
LiuGrammar,semi-adaptive,BigDecimal,4,6,2.8811,281.130,6.485,51244392,13633536
LiuGrammar,semi-adaptive,BigDecimal,4,7,2.8000,180.268,5.218,64088640,10485760
LiuGrammar,semi-adaptive,BigDecimal,4,8,2.7949,305.872,7.598,83662104,15726592
LiuGrammar,semi-adaptive,BigDecimal,4,9,2.8926,254.084,6.360,-5360088,13629440
LiuGrammar,semi-adaptive,BigDecimal,4,10,2.7493,270.725,6.579,4180072,14680064
LiuGrammar,semi-adaptive,BigDecimal,4,11,2.9141,276.875,7.830,127044816,-156248648
LiuGrammar,semi-adaptive,BigDecimal,4,12,2.7608,214.758,5.715,30112680,11536384
LiuGrammar,semi-adaptive,BigDecimal,4,13,2.9591,338.329,10.043,34096752,15726592
LiuGrammar,semi-adaptive,BigDecimal,4,14,2.8564,398.941,6.758,843432,17823744
LiuGrammar,semi-adaptive,BigDecimal,4,15,2.7458,187.543,6.297,22567880,11532288
LiuGrammar,semi-adaptive,BigDecimal,4,16,2.9204,18.973,1.090,7360696,3143680
LiuGrammar,semi-adaptive,BigDecimal,4,17,2.8503,231.374,5.535,48116440,12582912
LiuGrammar,semi-adaptive,BigDecimal,4,18,2.9318,370.367,8.515,57837968,17823744
LiuGrammar,semi-adaptive,BigDecimal,4,19,2.8927,205.620,6.181,18234776,12582912
LiuGrammar,semi-adaptive,BigDecimal,4,20,3.0438,274.930,7.739,116063040,15726592
LiuGrammar,semi-adaptive,BigDecimal,4,21,3.0300,292.293,8.054,38722024,14680064
LiuGrammar,semi-adaptive,BigDecimal,4,22,3.1061,272.740,7.013,33833360,14680064
LiuGrammar,semi-adaptive,BigDecimal,4,23,3.0273,309.945,8.294,80537640,16777216
LiuGrammar,semi-adaptive,BigDecimal,4,24,2.9569,143.476,4.571,2440536,-108033800
LiuGrammar,semi-adaptive,BigDecimal,4,25,3.0880,217.357,5.319,26641392,11532288
LiuGrammar,semi-adaptive,BigDecimal,4,26,2.7418,200.816,5.588,57546768,12582912
LiuGrammar,semi-adaptive,BigDecimal,4,27,2.7087,13.936,0.274,9055488,0
LiuGrammar,semi-adaptive,BigDecimal,4,28,2.9121,507.935,9.417,68876304,-110101808
LiuGrammar,semi-adaptive,BigDecimal,4,29,2.9614,253.192,6.101,39321088,14680064
LiuGrammar,semi-adaptive,BigDecimal,4,30,2.8307,60.300,2.315,42004896,6291456
LiuGrammar,semi-adaptive,BigDecimal,4,31,3.1111,148.473,4.459,73383712,9435136
LiuGrammar,semi-adaptive,BigDecimal,4,32,2.9217,197.101,4.721,68608232,10485760
LiuGrammar,semi-adaptive,BigDecimal,4,33,2.6849,4.028,0.211,5204248,0
LiuGrammar,semi-adaptive,BigDecimal,4,34,2.9828,328.265,6.231,89739704,16777216
LiuGrammar,semi-adaptive,BigDecimal,4,35,2.6731,187.841,4.996,25903880,12582912
LiuGrammar,semi-adaptive,BigDecimal,4,36,2.9459,318.441,7.826,998216,15726592
LiuGrammar,semi-adaptive,BigDecimal,4,37,2.9887,330.914,7.138,86503840,18874368
LiuGrammar,semi-adaptive,BigDecimal,4,38,2.9401,424.617,7.228,93533000,17823744
LiuGrammar,semi-adaptive,BigDecimal,5,1,3.2623,267.786,6.874,64908880,-77601792
LiuGrammar,semi-adaptive,BigDecimal,5,2,2.8691,171.211,4.124,109017408,9435136
LiuGrammar,semi-adaptive,BigDecimal,5,3,2.9205,319.670,8.166,58303400,17823744
LiuGrammar,semi-adaptive,BigDecimal,5,4,2.7581,226.293,5.318,85280952,12582912
LiuGrammar,semi-adaptive,BigDecimal,5,5,2.9551,501.490,9.723,114272360,19920896
LiuGrammar,semi-adaptive,BigDecimal,5,6,2.8811,276.811,6.318,-3203200,13633536
LiuGrammar,semi-adaptive,BigDecimal,5,7,2.8000,184.692,4.622,49392896,10485760
LiuGrammar,semi-adaptive,BigDecimal,5,8,2.7949,299.524,8.326,42145120,-84939264
LiuGrammar,semi-adaptive,BigDecimal,5,9,2.8926,253.730,6.118,21218240,13629440
LiuGrammar,semi-adaptive,BigDecimal,5,10,2.7493,271.614,6.635,1744304,14680064
LiuGrammar,semi-adaptive,BigDecimal,5,11,2.9141,290.179,6.645,100353832,15726592
LiuGrammar,semi-adaptive,BigDecimal,5,12,2.7608,227.133,5.270,26155080,11536384
LiuGrammar,semi-adaptive,BigDecimal,5,13,2.9591,302.410,7.417,63604720,15726592
LiuGrammar,semi-adaptive,BigDecimal,5,14,2.8564,384.680,6.882,47974752,17823744
LiuGrammar,semi-adaptive,BigDecimal,5,15,2.7458,197.456,5.239,57325904,11532288
LiuGrammar,semi-adaptive,BigDecimal,5,16,2.9204,18.979,1.079,-935592,3143680
LiuGrammar,semi-adaptive,BigDecimal,5,17,2.8503,213.271,5.510,69731184,12582912
LiuGrammar,semi-adaptive,BigDecimal,5,18,2.9318,403.833,8.496,49457248,17823744
LiuGrammar,semi-adaptive,BigDecimal,5,19,2.8927,230.481,5.404,110219096,12582912
LiuGrammar,semi-adaptive,BigDecimal,5,20,3.0438,270.399,7.351,25699752,15726592
LiuGrammar,semi-adaptive,BigDecimal,5,21,3.0300,314.818,7.471,112873528,14680064
LiuGrammar,semi-adaptive,BigDecimal,5,22,3.1061,265.610,6.944,85331632,13629440
LiuGrammar,semi-adaptive,BigDecimal,5,23,3.0273,283.627,7.677,43855544,16777216
LiuGrammar,semi-adaptive,BigDecimal,5,24,2.9569,130.504,4.222,63490480,9439232
LiuGrammar,semi-adaptive,BigDecimal,5,25,3.0880,206.496,5.222,110353816,11532288
LiuGrammar,semi-adaptive,BigDecimal,5,26,2.7418,214.106,5.526,41355608,12582912
LiuGrammar,semi-adaptive,BigDecimal,5,27,2.7087,12.459,0.270,3066880,1046528
LiuGrammar,semi-adaptive,BigDecimal,5,28,2.9121,584.849,8.426,86762472,19924992
LiuGrammar,semi-adaptive,BigDecimal,5,29,2.9614,231.944,6.124,101880768,14680064
LiuGrammar,semi-adaptive,BigDecimal,5,30,2.8307,60.165,2.137,13592880,6291456
LiuGrammar,semi-adaptive,BigDecimal,5,31,3.1111,155.420,4.410,45227872,8388608
LiuGrammar,semi-adaptive,BigDecimal,5,32,2.9217,204.704,4.669,117299632,10485760
LiuGrammar,semi-adaptive,BigDecimal,5,33,2.6849,4.092,0.202,5205920,251400
LiuGrammar,semi-adaptive,BigDecimal,5,34,2.9828,361.755,6.218,16977016,15726592
LiuGrammar,semi-adaptive,BigDecimal,5,35,2.6731,190.452,4.981,30411344,12582912
LiuGrammar,semi-adaptive,BigDecimal,5,36,2.9459,325.305,7.791,-16598256,15726592
LiuGrammar,semi-adaptive,BigDecimal,5,37,2.9887,327.702,7.229,58327560,18874368
LiuGrammar,semi-adaptive,BigDecimal,5,38,2.9401,405.212,7.350,51433192,17823744
LiuGrammar,semi-adaptive,Nayuki,1,1,3.2787,59.415,0.212,13327224,0
LiuGrammar,semi-adaptive,Nayuki,1,2,2.9382,43.301,0.151,11087952,0
LiuGrammar,semi-adaptive,Nayuki,1,3,2.9773,103.494,0.300,135800,624568
LiuGrammar,semi-adaptive,Nayuki,1,4,2.7871,75.212,0.210,-71408,0
LiuGrammar,semi-adaptive,Nayuki,1,5,2.9726,142.977,0.358,3245168,0
LiuGrammar,semi-adaptive,Nayuki,1,6,2.9024,74.147,0.235,15384376,0
LiuGrammar,semi-adaptive,Nayuki,1,7,2.8351,64.812,0.201,-6027984,0
LiuGrammar,semi-adaptive,Nayuki,1,8,2.8315,110.017,0.275,59712,0
LiuGrammar,semi-adaptive,Nayuki,1,9,2.9202,85.055,0.237,6363240,0
LiuGrammar,semi-adaptive,Nayuki,1,10,2.7847,93.585,0.260,171616,0
LiuGrammar,semi-adaptive,Nayuki,1,11,2.9448,102.805,0.361,490896,0
LiuGrammar,semi-adaptive,Nayuki,1,12,2.8173,78.100,0.218,-6854528,0
LiuGrammar,semi-adaptive,Nayuki,1,13,2.9708,97.253,0.392,499368,0
LiuGrammar,semi-adaptive,Nayuki,1,14,2.9051,110.250,0.422,399424,585696
LiuGrammar,semi-adaptive,Nayuki,1,15,2.8094,67.908,0.192,10592,0
LiuGrammar,semi-adaptive,Nayuki,1,16,3.0442,5.842,0.056,-166808,41560
LiuGrammar,semi-adaptive,Nayuki,1,17,2.9116,81.235,0.215,5198712,165000
LiuGrammar,semi-adaptive,Nayuki,1,18,2.9773,92.896,0.296,17632280,166384
LiuGrammar,semi-adaptive,Nayuki,1,19,2.9343,62.833,0.226,11578752,0
LiuGrammar,semi-adaptive,Nayuki,1,20,3.0750,69.975,0.266,14680072,681592
LiuGrammar,semi-adaptive,Nayuki,1,21,3.0751,78.592,0.261,16156432,250896
LiuGrammar,semi-adaptive,Nayuki,1,22,3.1125,79.247,0.235,393608,0
LiuGrammar,semi-adaptive,Nayuki,1,23,3.0545,88.096,0.268,63296,0
LiuGrammar,semi-adaptive,Nayuki,1,24,3.0345,29.239,0.142,8388672,0
LiuGrammar,semi-adaptive,Nayuki,1,25,3.1268,46.800,0.198,11920296,663952
LiuGrammar,semi-adaptive,Nayuki,1,26,2.7974,60.079,0.190,13286008,0
LiuGrammar,semi-adaptive,Nayuki,1,27,2.8738,4.910,0.039,-350232,0
LiuGrammar,semi-adaptive,Nayuki,1,28,2.9561,127.730,0.368,-122080,0
LiuGrammar,semi-adaptive,Nayuki,1,29,2.9839,84.476,0.195,-7723184,0
LiuGrammar,semi-adaptive,Nayuki,1,30,2.9206,20.777,0.110,5360136,0
LiuGrammar,semi-adaptive,Nayuki,1,31,3.1276,32.421,0.166,9050488,0
LiuGrammar,semi-adaptive,Nayuki,1,32,2.9893,47.325,0.203,11810784,0
LiuGrammar,semi-adaptive,Nayuki,1,33,2.8493,3.363,0.034,-631560,41200
LiuGrammar,semi-adaptive,Nayuki,1,34,3.0258,115.238,0.275,5091784,0
LiuGrammar,semi-adaptive,Nayuki,1,35,2.7179,64.386,0.174,14680064,0
LiuGrammar,semi-adaptive,Nayuki,1,36,2.9858,90.490,0.272,18016768,0
LiuGrammar,semi-adaptive,Nayuki,1,37,3.0282,112.766,0.301,18216856,0
LiuGrammar,semi-adaptive,Nayuki,1,38,2.9864,147.813,0.313,-3966760,332600
LiuGrammar,semi-adaptive,Nayuki,2,1,3.2787,79.164,0.227,8619672,0
LiuGrammar,semi-adaptive,Nayuki,2,2,2.9382,53.734,0.162,531112,166360
LiuGrammar,semi-adaptive,Nayuki,2,3,2.9773,119.003,0.305,13845672,0
LiuGrammar,semi-adaptive,Nayuki,2,4,2.7871,64.654,0.276,14017736,0
LiuGrammar,semi-adaptive,Nayuki,2,5,2.9726,162.502,0.375,6980816,263496
LiuGrammar,semi-adaptive,Nayuki,2,6,2.9024,91.246,0.243,-3497552,0
LiuGrammar,semi-adaptive,Nayuki,2,7,2.8351,63.709,0.245,1601528,0
LiuGrammar,semi-adaptive,Nayuki,2,8,2.8315,106.016,0.271,6264,0
LiuGrammar,semi-adaptive,Nayuki,2,9,2.9202,73.253,0.235,16156928,124488
LiuGrammar,semi-adaptive,Nayuki,2,10,2.7847,80.043,0.261,16777216,289032
LiuGrammar,semi-adaptive,Nayuki,2,11,2.9448,71.821,0.260,16162440,124048
LiuGrammar,semi-adaptive,Nayuki,2,12,2.8173,82.652,0.212,2827600,0
LiuGrammar,semi-adaptive,Nayuki,2,13,2.9708,98.668,0.275,-6112,0
LiuGrammar,semi-adaptive,Nayuki,2,14,2.9051,125.628,0.313,12656696,0
LiuGrammar,semi-adaptive,Nayuki,2,15,2.8094,56.807,0.172,13244720,0
LiuGrammar,semi-adaptive,Nayuki,2,16,3.0442,6.191,0.057,-747080,83008
LiuGrammar,semi-adaptive,Nayuki,2,17,2.9116,53.824,0.204,12582912,0
LiuGrammar,semi-adaptive,Nayuki,2,18,2.9773,89.649,0.291,17629352,0
LiuGrammar,semi-adaptive,Nayuki,2,19,2.9343,67.509,0.217,-4753928,0
LiuGrammar,semi-adaptive,Nayuki,2,20,3.0750,85.289,0.256,312680,0
LiuGrammar,semi-adaptive,Nayuki,2,21,3.0751,93.052,0.264,-156336,624896
LiuGrammar,semi-adaptive,Nayuki,2,22,3.1125,78.621,0.245,-5125992,124248
LiuGrammar,semi-adaptive,Nayuki,2,23,3.0545,76.067,0.267,15920944,0
LiuGrammar,semi-adaptive,Nayuki,2,24,3.0345,29.808,0.145,8387680,0
LiuGrammar,semi-adaptive,Nayuki,2,25,3.1268,47.887,0.188,11923920,0
LiuGrammar,semi-adaptive,Nayuki,2,26,2.7974,92.140,0.185,-3692848,0
LiuGrammar,semi-adaptive,Nayuki,2,27,2.8738,5.279,0.044,-27928,41256
LiuGrammar,semi-adaptive,Nayuki,2,28,2.9561,129.279,0.354,138976,287032
LiuGrammar,semi-adaptive,Nayuki,2,29,2.9839,87.695,0.212,9067848,0
LiuGrammar,semi-adaptive,Nayuki,2,30,2.9206,17.256,0.112,4899512,0
LiuGrammar,semi-adaptive,Nayuki,2,31,3.1276,31.630,0.159,8388616,663360
LiuGrammar,semi-adaptive,Nayuki,2,32,2.9893,47.840,0.188,11147560,0
LiuGrammar,semi-adaptive,Nayuki,2,33,2.8493,3.152,0.035,-198840,41784
LiuGrammar,semi-adaptive,Nayuki,2,34,3.0258,116.730,0.274,7904312,0
LiuGrammar,semi-adaptive,Nayuki,2,35,2.7179,64.044,0.173,14680064,0
LiuGrammar,semi-adaptive,Nayuki,2,36,2.9858,91.825,0.270,18018672,0
LiuGrammar,semi-adaptive,Nayuki,2,37,3.0282,116.390,0.297,18449760,0
LiuGrammar,semi-adaptive,Nayuki,2,38,2.9864,117.153,0.304,-18216,0
LiuGrammar,semi-adaptive,Nayuki,3,1,3.2787,60.985,0.267,13204736,125096
LiuGrammar,semi-adaptive,Nayuki,3,2,2.9382,45.505,0.156,11124680,0
LiuGrammar,semi-adaptive,Nayuki,3,3,2.9773,104.030,0.292,338424,0
LiuGrammar,semi-adaptive,Nayuki,3,4,2.7871,80.262,0.212,-7819600,0
LiuGrammar,semi-adaptive,Nayuki,3,5,2.9726,151.724,0.355,6777056,0
LiuGrammar,semi-adaptive,Nayuki,3,6,2.9024,89.442,0.237,563728,0
LiuGrammar,semi-adaptive,Nayuki,3,7,2.8351,70.608,0.313,-10688,0
LiuGrammar,semi-adaptive,Nayuki,3,8,2.8315,106.674,0.273,-122752,0
LiuGrammar,semi-adaptive,Nayuki,3,9,2.9202,73.583,0.232,16159320,124136
LiuGrammar,semi-adaptive,Nayuki,3,10,2.7847,80.088,0.247,16777216,289224
LiuGrammar,semi-adaptive,Nayuki,3,11,2.9448,73.241,0.248,16156672,124200
LiuGrammar,semi-adaptive,Nayuki,3,12,2.8173,69.065,0.218,-327840,0
LiuGrammar,semi-adaptive,Nayuki,3,13,2.9708,97.675,0.247,237416,0
LiuGrammar,semi-adaptive,Nayuki,3,14,2.9051,115.761,0.320,432544,585408
LiuGrammar,semi-adaptive,Nayuki,3,15,2.8094,76.959,0.173,-3293800,0
LiuGrammar,semi-adaptive,Nayuki,3,16,3.0442,5.855,0.056,-149592,41128
LiuGrammar,semi-adaptive,Nayuki,3,17,2.9116,68.554,0.217,7697992,165728
LiuGrammar,semi-adaptive,Nayuki,3,18,2.9773,103.862,0.288,218040,0
LiuGrammar,semi-adaptive,Nayuki,3,19,2.9343,77.539,0.205,-6483936,0
LiuGrammar,semi-adaptive,Nayuki,3,20,3.0750,69.963,0.261,14681344,665120
LiuGrammar,semi-adaptive,Nayuki,3,21,3.0751,78.814,0.264,16156448,250912
LiuGrammar,semi-adaptive,Nayuki,3,22,3.1125,64.430,0.237,14680128,0
LiuGrammar,semi-adaptive,Nayuki,3,23,3.0545,88.294,0.265,404864,0
LiuGrammar,semi-adaptive,Nayuki,3,24,3.0345,39.216,0.157,784160,0
LiuGrammar,semi-adaptive,Nayuki,3,25,3.1268,49.001,0.215,11251136,663272
LiuGrammar,semi-adaptive,Nayuki,3,26,2.7974,74.366,0.187,69624,0
LiuGrammar,semi-adaptive,Nayuki,3,27,2.8738,4.917,0.040,-369600,0
LiuGrammar,semi-adaptive,Nayuki,3,28,2.9561,127.249,0.357,682320,416392
LiuGrammar,semi-adaptive,Nayuki,3,29,2.9839,77.542,0.208,-2764792,0
LiuGrammar,semi-adaptive,Nayuki,3,30,2.9206,17.428,0.168,4849368,81992
LiuGrammar,semi-adaptive,Nayuki,3,31,3.1276,32.603,0.176,9029960,641416
LiuGrammar,semi-adaptive,Nayuki,3,32,2.9893,46.545,0.190,11798392,0
LiuGrammar,semi-adaptive,Nayuki,3,33,2.8493,3.579,0.031,-236624,41640
LiuGrammar,semi-adaptive,Nayuki,3,34,3.0258,143.297,0.281,7518520,0
LiuGrammar,semi-adaptive,Nayuki,3,35,2.7179,65.851,0.202,14678824,0
LiuGrammar,semi-adaptive,Nayuki,3,36,2.9858,89.717,0.269,18020048,0
LiuGrammar,semi-adaptive,Nayuki,3,37,3.0282,116.955,0.393,15983720,0
LiuGrammar,semi-adaptive,Nayuki,3,38,2.9864,114.294,0.303,135512,0
LiuGrammar,semi-adaptive,Nayuki,4,1,3.2787,87.217,0.231,12729408,0
LiuGrammar,semi-adaptive,Nayuki,4,2,2.9382,45.138,0.149,11145720,0
LiuGrammar,semi-adaptive,Nayuki,4,3,2.9773,105.967,0.292,300560,623976
LiuGrammar,semi-adaptive,Nayuki,4,4,2.7871,90.153,0.345,-7718456,0
LiuGrammar,semi-adaptive,Nayuki,4,5,2.9726,143.723,0.344,25250128,0
LiuGrammar,semi-adaptive,Nayuki,4,6,2.9024,88.769,0.237,555064,0
LiuGrammar,semi-adaptive,Nayuki,4,7,2.8351,65.569,0.186,-4463024,0
LiuGrammar,semi-adaptive,Nayuki,4,8,2.8315,102.064,0.275,-389048,375464
LiuGrammar,semi-adaptive,Nayuki,4,9,2.9202,73.642,0.236,16155632,124904
LiuGrammar,semi-adaptive,Nayuki,4,10,2.7847,91.566,0.250,197184,0
LiuGrammar,semi-adaptive,Nayuki,4,11,2.9448,85.603,0.234,-106664,0
LiuGrammar,semi-adaptive,Nayuki,4,12,2.8173,57.955,0.217,13977416,706024
LiuGrammar,semi-adaptive,Nayuki,4,13,2.9708,96.280,0.249,286160,0
LiuGrammar,semi-adaptive,Nayuki,4,14,2.9051,146.527,0.362,438240,428560
LiuGrammar,semi-adaptive,Nayuki,4,15,2.8094,78.660,0.186,-2919696,0
LiuGrammar,semi-adaptive,Nayuki,4,16,3.0442,5.862,0.053,-89336,41208
LiuGrammar,semi-adaptive,Nayuki,4,17,2.9116,64.591,0.211,13728424,0
LiuGrammar,semi-adaptive,Nayuki,4,18,2.9773,104.611,0.299,108776,620912
LiuGrammar,semi-adaptive,Nayuki,4,19,2.9343,50.459,0.206,11894480,0
LiuGrammar,semi-adaptive,Nayuki,4,20,3.0750,69.341,0.262,14681344,679032
LiuGrammar,semi-adaptive,Nayuki,4,21,3.0751,77.932,0.342,16155800,292024
LiuGrammar,semi-adaptive,Nayuki,4,22,3.1125,74.796,0.252,15725600,0
LiuGrammar,semi-adaptive,Nayuki,4,23,3.0545,95.283,0.409,472104,0
LiuGrammar,semi-adaptive,Nayuki,4,24,3.0345,38.799,0.157,779576,0
LiuGrammar,semi-adaptive,Nayuki,4,25,3.1268,49.160,0.189,11253488,0
LiuGrammar,semi-adaptive,Nayuki,4,26,2.7974,91.495,0.197,-5264104,125120
LiuGrammar,semi-adaptive,Nayuki,4,27,2.8738,5.391,0.043,-161768,38424
LiuGrammar,semi-adaptive,Nayuki,4,28,2.9561,142.903,0.350,-14916664,0
LiuGrammar,semi-adaptive,Nayuki,4,29,2.9839,79.312,0.195,603144,0
LiuGrammar,semi-adaptive,Nayuki,4,30,2.9206,16.985,0.105,4854096,0
LiuGrammar,semi-adaptive,Nayuki,4,31,3.1276,32.850,0.171,9051304,661968
LiuGrammar,semi-adaptive,Nayuki,4,32,2.9893,55.170,0.201,11810816,0
LiuGrammar,semi-adaptive,Nayuki,4,33,2.8493,3.504,0.047,-631008,41128
LiuGrammar,semi-adaptive,Nayuki,4,34,3.0258,147.220,0.283,562288,0
LiuGrammar,semi-adaptive,Nayuki,4,35,2.7179,89.936,0.273,508448,0
LiuGrammar,semi-adaptive,Nayuki,4,36,2.9858,104.839,0.274,147824,0
LiuGrammar,semi-adaptive,Nayuki,4,37,3.0282,115.902,0.379,16201672,0
LiuGrammar,semi-adaptive,Nayuki,4,38,2.9864,117.574,0.307,362456,0
LiuGrammar,semi-adaptive,Nayuki,5,1,3.2787,81.806,0.230,11327328,0
LiuGrammar,semi-adaptive,Nayuki,5,2,2.9382,44.190,0.149,11145624,0
LiuGrammar,semi-adaptive,Nayuki,5,3,2.9773,105.395,0.300,176720,623816
LiuGrammar,semi-adaptive,Nayuki,5,4,2.7871,76.303,0.218,-22856,224304
LiuGrammar,semi-adaptive,Nayuki,5,5,2.9726,145.368,0.358,-2029584,0
LiuGrammar,semi-adaptive,Nayuki,5,6,2.9024,72.956,0.238,15385608,0
LiuGrammar,semi-adaptive,Nayuki,5,7,2.8351,77.624,0.197,3302424,0
LiuGrammar,semi-adaptive,Nayuki,5,8,2.8315,129.354,0.412,-62112,0
LiuGrammar,semi-adaptive,Nayuki,5,9,2.9202,98.725,0.247,-3093288,603600
LiuGrammar,semi-adaptive,Nayuki,5,10,2.7847,95.063,0.251,490656,0
LiuGrammar,semi-adaptive,Nayuki,5,11,2.9448,72.442,0.234,16158248,0
LiuGrammar,semi-adaptive,Nayuki,5,12,2.8173,69.080,0.220,-286264,746120
LiuGrammar,semi-adaptive,Nayuki,5,13,2.9708,98.190,0.245,410576,0
LiuGrammar,semi-adaptive,Nayuki,5,14,2.9051,107.302,0.422,474960,585384
LiuGrammar,semi-adaptive,Nayuki,5,15,2.8094,91.164,0.191,-3753576,0
LiuGrammar,semi-adaptive,Nayuki,5,16,3.0442,5.880,0.060,-151016,41128
LiuGrammar,semi-adaptive,Nayuki,5,17,2.9116,67.963,0.212,13216840,0
LiuGrammar,semi-adaptive,Nayuki,5,18,2.9773,106.118,0.297,577104,0
LiuGrammar,semi-adaptive,Nayuki,5,19,2.9343,78.636,0.221,-5239576,0
LiuGrammar,semi-adaptive,Nayuki,5,20,3.0750,84.021,0.254,186288,0
LiuGrammar,semi-adaptive,Nayuki,5,21,3.0751,93.546,0.262,9472,624928
LiuGrammar,semi-adaptive,Nayuki,5,22,3.1125,81.899,0.237,342904,0
LiuGrammar,semi-adaptive,Nayuki,5,23,3.0545,93.756,0.271,412904,0
LiuGrammar,semi-adaptive,Nayuki,5,24,3.0345,28.741,0.142,8388608,0
LiuGrammar,semi-adaptive,Nayuki,5,25,3.1268,47.168,0.194,11921192,661696
LiuGrammar,semi-adaptive,Nayuki,5,26,2.7974,73.500,0.188,139696,0
LiuGrammar,semi-adaptive,Nayuki,5,27,2.8738,5.019,0.044,-370656,41008
LiuGrammar,semi-adaptive,Nayuki,5,28,2.9561,132.531,0.439,22240064,287096
LiuGrammar,semi-adaptive,Nayuki,5,29,2.9839,63.503,0.326,14680056,165696
LiuGrammar,semi-adaptive,Nayuki,5,30,2.9206,17.266,0.110,4899344,82984
LiuGrammar,semi-adaptive,Nayuki,5,31,3.1276,32.657,0.171,9031352,642728
LiuGrammar,semi-adaptive,Nayuki,5,32,2.9893,46.394,0.205,11804264,0
LiuGrammar,semi-adaptive,Nayuki,5,33,2.8493,3.616,0.036,-625568,41112
LiuGrammar,semi-adaptive,Nayuki,5,34,3.0258,117.755,0.273,8935720,0
LiuGrammar,semi-adaptive,Nayuki,5,35,2.7179,83.551,0.190,-2032424,0
LiuGrammar,semi-adaptive,Nayuki,5,36,2.9858,103.894,0.273,337520,0
LiuGrammar,semi-adaptive,Nayuki,5,37,3.0282,93.913,0.279,18254608,0
LiuGrammar,semi-adaptive,Nayuki,5,38,2.9864,129.722,0.304,14032792,0
LiuGrammar,adaptive,BigDecimal,1,1,3.4328,186.119,9.429,24811504,-53553760
LiuGrammar,adaptive,BigDecimal,1,2,3.0982,131.382,7.194,5046600,-77579904
LiuGrammar,adaptive,BigDecimal,1,3,3.1335,283.831,9.283,111643408,24119296
LiuGrammar,adaptive,BigDecimal,1,4,2.9677,155.750,9.029,23497856,18874368
LiuGrammar,adaptive,BigDecimal,1,5,3.1222,368.855,12.198,94485744,29360128
LiuGrammar,adaptive,BigDecimal,1,6,3.0701,206.171,10.025,20920304,19924992
LiuGrammar,adaptive,BigDecimal,1,7,3.0386,136.523,6.746,56738576,16777216
LiuGrammar,adaptive,BigDecimal,1,8,2.9831,244.964,9.425,25059208,24115200
LiuGrammar,adaptive,BigDecimal,1,9,3.0736,189.483,10.236,38459248,19924992
LiuGrammar,adaptive,BigDecimal,1,10,2.9469,203.008,8.842,73403080,19920896
LiuGrammar,adaptive,BigDecimal,1,11,3.0982,206.248,8.852,63898448,20971520
LiuGrammar,adaptive,BigDecimal,1,12,2.9967,154.632,7.931,34608944,19924992
LiuGrammar,adaptive,BigDecimal,1,13,3.1287,207.861,9.575,66536016,22022144
LiuGrammar,adaptive,BigDecimal,1,14,3.0596,344.292,11.642,34810416,-96472160
LiuGrammar,adaptive,BigDecimal,1,15,2.9565,148.412,7.170,5004688,17823744
LiuGrammar,adaptive,BigDecimal,1,16,3.3540,14.843,2.094,5663544,5244928
LiuGrammar,adaptive,BigDecimal,1,17,3.0884,148.784,7.862,63841520,17827840
LiuGrammar,adaptive,BigDecimal,1,18,3.1420,299.634,9.870,8301240,26212352
LiuGrammar,adaptive,BigDecimal,1,19,3.1315,142.233,7.807,36919024,17823744
LiuGrammar,adaptive,BigDecimal,1,20,3.2500,234.203,8.234,38194904,22022144
LiuGrammar,adaptive,BigDecimal,1,21,3.2252,224.438,8.655,53778088,24115200
LiuGrammar,adaptive,BigDecimal,1,22,3.3023,192.276,9.219,7105408,20971520
LiuGrammar,adaptive,BigDecimal,1,23,3.2273,260.974,10.230,72486376,-96302496
LiuGrammar,adaptive,BigDecimal,1,24,3.2241,86.342,6.644,25689968,13629440
LiuGrammar,adaptive,BigDecimal,1,25,3.2958,143.670,7.380,14969312,17823744
LiuGrammar,adaptive,BigDecimal,1,26,2.9608,153.356,7.506,61230408,17827840
LiuGrammar,adaptive,BigDecimal,1,27,3.1262,9.519,2.422,1053088,-6873888
LiuGrammar,adaptive,BigDecimal,1,28,3.1085,381.379,12.913,24955088,-102762704
LiuGrammar,adaptive,BigDecimal,1,29,3.1383,162.625,9.172,21077664,-47172864
LiuGrammar,adaptive,BigDecimal,1,30,3.1481,48.852,3.670,36482832,9472704
LiuGrammar,adaptive,BigDecimal,1,31,3.3169,97.204,5.621,17786880,12582912
LiuGrammar,adaptive,BigDecimal,1,32,3.1673,143.744,7.235,56299192,16777216
LiuGrammar,adaptive,BigDecimal,1,33,3.1918,4.420,0.983,6037888,2097152
LiuGrammar,adaptive,BigDecimal,1,34,3.1862,273.975,9.146,99480328,23068672
LiuGrammar,adaptive,BigDecimal,1,35,2.8782,168.203,7.254,64284216,17823744
LiuGrammar,adaptive,BigDecimal,1,36,3.1510,293.021,9.164,93176072,24119296
LiuGrammar,adaptive,BigDecimal,1,37,3.1921,284.008,9.907,94989888,26212352
LiuGrammar,adaptive,BigDecimal,1,38,3.1417,307.701,11.723,53183440,-105898696
LiuGrammar,adaptive,BigDecimal,2,1,3.4328,174.360,9.077,25289360,-51454088
LiuGrammar,adaptive,BigDecimal,2,2,3.0982,126.939,7.459,5050600,-77583448
LiuGrammar,adaptive,BigDecimal,2,3,3.1335,280.976,9.252,111408416,24119296
LiuGrammar,adaptive,BigDecimal,2,4,2.9677,156.940,9.154,23481504,18874368
LiuGrammar,adaptive,BigDecimal,2,5,3.1222,370.507,12.048,93514896,29360128
LiuGrammar,adaptive,BigDecimal,2,6,3.0701,186.024,10.242,20917592,19924992
LiuGrammar,adaptive,BigDecimal,2,7,3.0386,137.895,6.743,56934008,16777216
LiuGrammar,adaptive,BigDecimal,2,8,2.9831,247.489,9.353,24386368,24115200
LiuGrammar,adaptive,BigDecimal,2,9,3.0736,183.778,10.080,38666512,19924992
LiuGrammar,adaptive,BigDecimal,2,10,2.9469,223.142,9.750,43955216,19920896
LiuGrammar,adaptive,BigDecimal,2,11,3.0982,200.038,10.355,40653672,20971520
LiuGrammar,adaptive,BigDecimal,2,12,2.9967,154.830,7.805,8152248,19924992
LiuGrammar,adaptive,BigDecimal,2,13,3.1287,231.951,8.383,55862504,22022144
LiuGrammar,adaptive,BigDecimal,2,14,3.0596,317.708,9.779,38690496,25165824
LiuGrammar,adaptive,BigDecimal,2,15,2.9565,144.096,7.608,47832304,-51362168
LiuGrammar,adaptive,BigDecimal,2,16,3.3540,15.959,1.895,6130512,5244928
LiuGrammar,adaptive,BigDecimal,2,17,3.0884,157.308,9.996,51145040,-52435456
LiuGrammar,adaptive,BigDecimal,2,18,3.1420,291.841,10.232,27200584,26212352
LiuGrammar,adaptive,BigDecimal,2,19,3.1315,148.605,8.664,9542432,17823744
LiuGrammar,adaptive,BigDecimal,2,20,3.2500,227.766,9.286,50649568,-164639552
LiuGrammar,adaptive,BigDecimal,2,21,3.2252,222.490,8.561,53784784,24115200
LiuGrammar,adaptive,BigDecimal,2,22,3.3023,191.794,10.561,45649040,20971520
LiuGrammar,adaptive,BigDecimal,2,23,3.2273,254.428,10.926,149810288,-190840712
LiuGrammar,adaptive,BigDecimal,2,24,3.2241,93.144,12.458,13676544,-34518560
LiuGrammar,adaptive,BigDecimal,2,25,3.2958,164.156,9.823,20842088,-45281112
LiuGrammar,adaptive,BigDecimal,2,26,2.9608,149.859,8.531,24082552,17827840
LiuGrammar,adaptive,BigDecimal,2,27,3.1262,12.165,1.413,3329576,4194304
LiuGrammar,adaptive,BigDecimal,2,28,3.1085,364.051,13.480,92217312,28313600
LiuGrammar,adaptive,BigDecimal,2,29,3.1383,160.381,9.101,23331568,-47175832
LiuGrammar,adaptive,BigDecimal,2,30,3.1481,54.795,4.495,6956072,-10894680
LiuGrammar,adaptive,BigDecimal,2,31,3.3169,103.764,6.053,1688208,12582912
LiuGrammar,adaptive,BigDecimal,2,32,3.1673,164.187,8.419,58607312,16777216
LiuGrammar,adaptive,BigDecimal,2,33,3.1918,6.126,0.927,6035928,2097152
LiuGrammar,adaptive,BigDecimal,2,34,3.1862,273.815,9.112,96250824,23068672
LiuGrammar,adaptive,BigDecimal,2,35,2.8782,167.687,7.256,62310464,17823744
LiuGrammar,adaptive,BigDecimal,2,36,3.1510,276.148,9.212,37631208,24119296
LiuGrammar,adaptive,BigDecimal,2,37,3.1921,281.920,9.938,102599512,26212352
LiuGrammar,adaptive,BigDecimal,2,38,3.1417,312.349,11.856,59289192,-103811648
LiuGrammar,adaptive,BigDecimal,3,1,3.4328,173.121,8.638,23033960,19920896
LiuGrammar,adaptive,BigDecimal,3,2,3.0982,116.564,6.011,38216176,14680064
LiuGrammar,adaptive,BigDecimal,3,3,3.1335,282.625,11.056,27198048,24119296
LiuGrammar,adaptive,BigDecimal,3,4,2.9677,164.176,7.724,19698272,18874368
LiuGrammar,adaptive,BigDecimal,3,5,3.1222,376.568,12.205,100034264,29360128
LiuGrammar,adaptive,BigDecimal,3,6,3.0701,185.195,8.904,22668760,19924992
LiuGrammar,adaptive,BigDecimal,3,7,3.0386,140.189,6.730,54670200,16777216
LiuGrammar,adaptive,BigDecimal,3,8,2.9831,234.533,9.022,51166664,24115200
LiuGrammar,adaptive,BigDecimal,3,9,3.0736,192.208,10.192,42907544,20971520
LiuGrammar,adaptive,BigDecimal,3,10,2.9469,222.457,8.964,44147368,19920896
LiuGrammar,adaptive,BigDecimal,3,11,3.0982,190.410,8.935,63897528,20971520
LiuGrammar,adaptive,BigDecimal,3,12,2.9967,152.104,7.761,24245664,19924992
LiuGrammar,adaptive,BigDecimal,3,13,3.1287,210.959,9.007,66293624,-59806840
LiuGrammar,adaptive,BigDecimal,3,14,3.0596,326.971,9.823,36676824,25165824
LiuGrammar,adaptive,BigDecimal,3,15,2.9565,138.947,8.090,47490016,-51362152
LiuGrammar,adaptive,BigDecimal,3,16,3.3540,14.362,1.986,6178568,5244928
LiuGrammar,adaptive,BigDecimal,3,17,3.0884,152.504,8.551,51605616,-52426872
LiuGrammar,adaptive,BigDecimal,3,18,3.1420,292.471,11.875,8317280,26212352
LiuGrammar,adaptive,BigDecimal,3,19,3.1315,167.636,7.836,39250936,17823744
LiuGrammar,adaptive,BigDecimal,3,20,3.2500,230.224,8.173,33502928,22022144
LiuGrammar,adaptive,BigDecimal,3,21,3.2252,222.084,9.824,28587896,-54515704
LiuGrammar,adaptive,BigDecimal,3,22,3.3023,193.544,9.348,46290768,20971520
LiuGrammar,adaptive,BigDecimal,3,23,3.2273,257.343,8.954,27985816,23068672
LiuGrammar,adaptive,BigDecimal,3,24,3.2241,84.275,6.234,8923480,13629440
LiuGrammar,adaptive,BigDecimal,3,25,3.2958,157.184,9.390,29269392,-43002880
LiuGrammar,adaptive,BigDecimal,3,26,2.9608,151.777,8.515,23937120,17827840
LiuGrammar,adaptive,BigDecimal,3,27,3.1262,12.462,1.423,3329576,4194304
LiuGrammar,adaptive,BigDecimal,3,28,3.1085,398.241,11.653,56516112,28313600
LiuGrammar,adaptive,BigDecimal,3,29,3.1383,164.223,8.588,37492624,19705344
LiuGrammar,adaptive,BigDecimal,3,30,3.1481,49.192,3.912,4548888,9384568
LiuGrammar,adaptive,BigDecimal,3,31,3.3169,94.371,6.278,9397504,-67098864
LiuGrammar,adaptive,BigDecimal,3,32,3.1673,156.743,7.230,14255640,16777216
LiuGrammar,adaptive,BigDecimal,3,33,3.1918,4.652,2.016,6069152,2097152
LiuGrammar,adaptive,BigDecimal,3,34,3.1862,272.122,9.282,96242920,23068672
LiuGrammar,adaptive,BigDecimal,3,35,2.8782,154.238,8.288,62451920,17823744
LiuGrammar,adaptive,BigDecimal,3,36,3.1510,292.232,9.065,147185400,24119296
LiuGrammar,adaptive,BigDecimal,3,37,3.1921,293.470,9.796,25646600,26212352
LiuGrammar,adaptive,BigDecimal,3,38,3.1417,310.136,10.679,69780576,26212352
LiuGrammar,adaptive,BigDecimal,4,1,3.4328,174.610,9.421,25289648,-51320288
LiuGrammar,adaptive,BigDecimal,4,2,3.0982,123.335,7.508,2953176,-77583824
LiuGrammar,adaptive,BigDecimal,4,3,3.1335,292.868,9.346,117750496,24119296
LiuGrammar,adaptive,BigDecimal,4,4,2.9677,180.979,7.690,18231416,18874368
LiuGrammar,adaptive,BigDecimal,4,5,3.1222,365.362,13.033,43621408,-76539408
LiuGrammar,adaptive,BigDecimal,4,6,3.0701,188.604,8.715,32702920,19924992
LiuGrammar,adaptive,BigDecimal,4,7,3.0386,126.876,6.745,54656584,16777216
LiuGrammar,adaptive,BigDecimal,4,8,2.9831,228.737,8.931,51275920,24115200
LiuGrammar,adaptive,BigDecimal,4,9,3.0736,185.720,10.227,38489992,19924992
LiuGrammar,adaptive,BigDecimal,4,10,2.9469,216.375,10.191,44177232,19920896
LiuGrammar,adaptive,BigDecimal,4,11,3.0982,185.465,10.845,25018976,-50333568
LiuGrammar,adaptive,BigDecimal,4,12,2.9967,170.632,8.945,22804160,19924992
LiuGrammar,adaptive,BigDecimal,4,13,3.1287,223.402,9.761,68485200,22022144
LiuGrammar,adaptive,BigDecimal,4,14,3.0596,337.014,9.764,47067904,25165824
LiuGrammar,adaptive,BigDecimal,4,15,2.9565,140.260,8.325,20152096,-16345416
LiuGrammar,adaptive,BigDecimal,4,16,3.3540,15.954,2.156,1509112,5244928
LiuGrammar,adaptive,BigDecimal,4,17,3.0884,152.030,7.737,63574008,17827840
LiuGrammar,adaptive,BigDecimal,4,18,3.1420,284.877,9.847,37691592,26212352
LiuGrammar,adaptive,BigDecimal,4,19,3.1315,140.336,7.697,34694112,17823744
LiuGrammar,adaptive,BigDecimal,4,20,3.2500,229.499,9.410,22902328,22022144
LiuGrammar,adaptive,BigDecimal,4,21,3.2252,221.439,8.515,68013944,24115200
LiuGrammar,adaptive,BigDecimal,4,22,3.3023,204.624,9.223,57593608,20971520
LiuGrammar,adaptive,BigDecimal,4,23,3.2273,250.371,8.878,78676648,23068672
LiuGrammar,adaptive,BigDecimal,4,24,3.2241,87.204,5.411,9515080,13629440
LiuGrammar,adaptive,BigDecimal,4,25,3.2958,149.244,7.512,20789248,17823744
LiuGrammar,adaptive,BigDecimal,4,26,2.9608,149.852,7.636,65900936,17827840
LiuGrammar,adaptive,BigDecimal,4,27,3.1262,11.920,1.404,6793976,3147776
LiuGrammar,adaptive,BigDecimal,4,28,3.1085,366.449,11.894,113572912,29360128
LiuGrammar,adaptive,BigDecimal,4,29,3.1383,162.129,11.920,27563888,-40739616
LiuGrammar,adaptive,BigDecimal,4,30,3.1481,51.905,3.629,20018592,9435136
LiuGrammar,adaptive,BigDecimal,4,31,3.3169,115.312,5.265,25000920,12582912
LiuGrammar,adaptive,BigDecimal,4,32,3.1673,135.526,7.417,46085224,16777216
LiuGrammar,adaptive,BigDecimal,4,33,3.1918,5.060,0.973,6026760,1262088
LiuGrammar,adaptive,BigDecimal,4,34,3.1862,267.238,9.932,11522496,-71297920
LiuGrammar,adaptive,BigDecimal,4,35,2.8782,160.967,7.622,42960160,17823744
LiuGrammar,adaptive,BigDecimal,4,36,3.1510,313.708,9.091,87977896,24119296
LiuGrammar,adaptive,BigDecimal,4,37,3.1921,303.801,9.946,113815376,26212352
LiuGrammar,adaptive,BigDecimal,4,38,3.1417,311.612,11.268,40748536,-101701872
LiuGrammar,adaptive,BigDecimal,5,1,3.4328,174.105,9.693,25358712,-51386216
LiuGrammar,adaptive,BigDecimal,5,2,3.0982,126.447,7.571,2950560,-77585496
LiuGrammar,adaptive,BigDecimal,5,3,3.1335,288.947,9.334,111619760,24119296
LiuGrammar,adaptive,BigDecimal,5,4,2.9677,154.747,7.780,21825456,18874368
LiuGrammar,adaptive,BigDecimal,5,5,3.1222,362.341,12.124,97774472,30406656
LiuGrammar,adaptive,BigDecimal,5,6,3.0701,201.674,10.084,33352464,19924992
LiuGrammar,adaptive,BigDecimal,5,7,3.0386,150.085,7.704,54689880,16777216
LiuGrammar,adaptive,BigDecimal,5,8,2.9831,239.267,10.475,31239304,24115200
LiuGrammar,adaptive,BigDecimal,5,9,3.0736,210.120,10.224,51012176,20971520
LiuGrammar,adaptive,BigDecimal,5,10,2.9469,197.649,10.068,60966280,19920896
LiuGrammar,adaptive,BigDecimal,5,11,3.0982,184.343,10.215,59546840,20971520
LiuGrammar,adaptive,BigDecimal,5,12,2.9967,176.052,8.944,20698480,19924992
LiuGrammar,adaptive,BigDecimal,5,13,3.1287,220.575,9.978,22511008,22022144
LiuGrammar,adaptive,BigDecimal,5,14,3.0596,316.663,9.770,40529872,25165824
LiuGrammar,adaptive,BigDecimal,5,15,2.9565,139.496,7.054,61824232,17823744
LiuGrammar,adaptive,BigDecimal,5,16,3.3540,15.607,2.993,10632768,-22925912
LiuGrammar,adaptive,BigDecimal,5,17,3.0884,169.519,8.816,29244688,18874368
LiuGrammar,adaptive,BigDecimal,5,18,3.1420,338.281,9.874,158305856,26212352
LiuGrammar,adaptive,BigDecimal,5,19,3.1315,149.437,8.797,22452200,-47179928
LiuGrammar,adaptive,BigDecimal,5,20,3.2500,244.977,9.044,62448440,22022144
LiuGrammar,adaptive,BigDecimal,5,21,3.2252,211.664,10.072,20221696,24115200
LiuGrammar,adaptive,BigDecimal,5,22,3.3023,186.360,10.559,49659752,20971520
LiuGrammar,adaptive,BigDecimal,5,23,3.2273,321.445,13.484,145535216,23068672
LiuGrammar,adaptive,BigDecimal,5,24,3.2241,94.499,6.498,15910144,13629440
LiuGrammar,adaptive,BigDecimal,5,25,3.2958,190.324,10.666,14940096,17823744
LiuGrammar,adaptive,BigDecimal,5,26,2.9608,194.384,9.921,19807088,17827840
LiuGrammar,adaptive,BigDecimal,5,27,3.1262,13.280,1.749,4669024,3147776
LiuGrammar,adaptive,BigDecimal,5,28,3.1085,481.749,12.429,83686144,-62913200
LiuGrammar,adaptive,BigDecimal,5,29,3.1383,193.488,8.608,41888704,19924992
LiuGrammar,adaptive,BigDecimal,5,30,3.1481,47.066,3.701,14489736,9435136
LiuGrammar,adaptive,BigDecimal,5,31,3.3169,101.601,5.258,21284184,12582912
LiuGrammar,adaptive,BigDecimal,5,32,3.1673,178.626,10.312,49302800,-53473744
LiuGrammar,adaptive,BigDecimal,5,33,3.1918,4.317,1.736,5955560,1216096
LiuGrammar,adaptive,BigDecimal,5,34,3.1862,318.022,9.098,76505360,23068672
LiuGrammar,adaptive,BigDecimal,5,35,2.8782,183.366,7.515,42894384,17823744
LiuGrammar,adaptive,BigDecimal,5,36,3.1510,294.454,10.121,87903544,24119296
LiuGrammar,adaptive,BigDecimal,5,37,3.1921,359.469,11.088,118572936,26212352
LiuGrammar,adaptive,BigDecimal,5,38,3.1417,353.851,13.719,38926608,-93324736
LiuGrammar,adaptive,Nayuki,1,1,3.4361,93.102,0.213,14254544,165888
LiuGrammar,adaptive,Nayuki,1,2,3.1127,102.731,0.158,12040168,0
LiuGrammar,adaptive,Nayuki,1,3,3.1364,112.939,0.305,19178928,0
LiuGrammar,adaptive,Nayuki,1,4,2.9677,103.645,0.218,14719056,0
LiuGrammar,adaptive,Nayuki,1,5,3.1322,167.623,0.351,25029648,0
LiuGrammar,adaptive,Nayuki,1,6,3.0732,90.139,0.247,16498952,663752
LiuGrammar,adaptive,Nayuki,1,7,3.0596,73.094,0.202,12761912,82928
LiuGrammar,adaptive,Nayuki,1,8,2.9888,116.239,0.317,19409104,663416
LiuGrammar,adaptive,Nayuki,1,9,3.0675,87.784,0.239,16488232,0
LiuGrammar,adaptive,Nayuki,1,10,2.9499,113.545,0.259,17990128,0
LiuGrammar,adaptive,Nayuki,1,11,3.1166,93.178,0.234,16696976,0
LiuGrammar,adaptive,Nayuki,1,12,3.0033,85.630,0.213,14047112,0
LiuGrammar,adaptive,Nayuki,1,13,3.1345,103.579,0.259,17832064,662888
LiuGrammar,adaptive,Nayuki,1,14,3.0569,120.178,0.322,20344104,663248
LiuGrammar,adaptive,Nayuki,1,15,2.9699,87.180,0.174,14433864,0
LiuGrammar,adaptive,Nayuki,1,16,3.3274,6.712,0.084,1995416,41488
LiuGrammar,adaptive,Nayuki,1,17,3.1020,88.397,0.211,13580696,0
LiuGrammar,adaptive,Nayuki,1,18,3.1364,127.720,0.297,19396808,0
LiuGrammar,adaptive,Nayuki,1,19,3.1280,71.612,0.219,13145912,770240
LiuGrammar,adaptive,Nayuki,1,20,3.2500,95.387,0.267,15594712,662992
LiuGrammar,adaptive,Nayuki,1,21,3.2432,107.151,0.247,17260056,0
LiuGrammar,adaptive,Nayuki,1,22,3.2926,86.448,0.241,15249648,0
LiuGrammar,adaptive,Nayuki,1,23,3.2242,88.145,0.279,16987640,0
LiuGrammar,adaptive,Nayuki,1,24,3.2414,52.189,0.142,8455528,82960
LiuGrammar,adaptive,Nayuki,1,25,3.2958,76.694,0.196,12724200,0
LiuGrammar,adaptive,Nayuki,1,26,2.9804,80.006,0.188,14849792,0
LiuGrammar,adaptive,Nayuki,1,27,3.1068,4.171,0.039,1660344,41408
LiuGrammar,adaptive,Nayuki,1,28,3.1214,135.042,0.365,22857792,0
LiuGrammar,adaptive,Nayuki,1,29,3.1383,83.898,0.197,15254616,0
LiuGrammar,adaptive,Nayuki,1,30,3.1746,25.623,0.106,5494992,83120
LiuGrammar,adaptive,Nayuki,1,31,3.3251,49.537,0.154,9178480,0
LiuGrammar,adaptive,Nayuki,1,32,3.1886,83.837,0.312,11994784,694352
LiuGrammar,adaptive,Nayuki,1,33,3.1781,2.703,0.036,858616,0
LiuGrammar,adaptive,Nayuki,1,34,3.1862,110.109,0.273,19014992,0
LiuGrammar,adaptive,Nayuki,1,35,2.8718,88.894,0.192,14694912,124304
LiuGrammar,adaptive,Nayuki,1,36,3.1681,122.206,0.283,19170992,0
LiuGrammar,adaptive,Nayuki,1,37,3.2090,115.088,0.293,19542088,0
LiuGrammar,adaptive,Nayuki,1,38,3.1390,148.677,0.305,20719320,0
LiuGrammar,adaptive,Nayuki,2,1,3.4361,75.013,0.227,14583936,663176
LiuGrammar,adaptive,Nayuki,2,2,3.1127,69.393,0.154,11950000,82824
LiuGrammar,adaptive,Nayuki,2,3,3.1364,124.401,0.287,18892720,0
LiuGrammar,adaptive,Nayuki,2,4,2.9677,94.900,0.212,15125464,0
LiuGrammar,adaptive,Nayuki,2,5,3.1322,146.732,0.363,24391608,661920
LiuGrammar,adaptive,Nayuki,2,6,3.0732,100.576,0.248,16293456,661448
LiuGrammar,adaptive,Nayuki,2,7,3.0596,78.389,0.195,12731504,0
LiuGrammar,adaptive,Nayuki,2,8,2.9888,114.703,0.307,19534664,665384
LiuGrammar,adaptive,Nayuki,2,9,3.0675,100.592,0.233,16506112,0
LiuGrammar,adaptive,Nayuki,2,10,2.9499,118.044,0.255,18095416,0
LiuGrammar,adaptive,Nayuki,2,11,3.1166,91.309,0.246,16575896,0
LiuGrammar,adaptive,Nayuki,2,12,3.0033,82.128,0.254,14467232,0
LiuGrammar,adaptive,Nayuki,2,13,3.1345,106.348,0.266,18113872,662960
LiuGrammar,adaptive,Nayuki,2,14,3.0569,118.747,0.320,20427424,0
LiuGrammar,adaptive,Nayuki,2,15,2.9699,85.083,0.174,13979112,82840
LiuGrammar,adaptive,Nayuki,2,16,3.3274,5.003,0.055,1967168,37056
LiuGrammar,adaptive,Nayuki,2,17,3.1020,90.564,0.208,13769632,0
LiuGrammar,adaptive,Nayuki,2,18,3.1364,132.249,0.304,19429352,0
LiuGrammar,adaptive,Nayuki,2,19,3.1280,64.723,0.257,12961968,769256
LiuGrammar,adaptive,Nayuki,2,20,3.2500,91.918,0.268,15735744,663000
LiuGrammar,adaptive,Nayuki,2,21,3.2432,109.933,0.253,17269272,0
LiuGrammar,adaptive,Nayuki,2,22,3.2926,94.080,0.254,15286376,101736
LiuGrammar,adaptive,Nayuki,2,23,3.2242,89.383,0.275,17256960,0
LiuGrammar,adaptive,Nayuki,2,24,3.2414,58.521,0.148,8456488,82944
LiuGrammar,adaptive,Nayuki,2,25,3.2958,69.297,0.251,12526080,0
LiuGrammar,adaptive,Nayuki,2,26,2.9804,84.843,0.189,14853112,0
LiuGrammar,adaptive,Nayuki,2,27,3.1068,4.064,0.039,1660344,41408
LiuGrammar,adaptive,Nayuki,2,28,3.1214,157.110,0.419,22510640,0
LiuGrammar,adaptive,Nayuki,2,29,3.1383,94.700,0.195,15461888,0
LiuGrammar,adaptive,Nayuki,2,30,3.1746,38.982,0.106,5691664,82944
LiuGrammar,adaptive,Nayuki,2,31,3.3251,73.664,0.257,9062856,0
LiuGrammar,adaptive,Nayuki,2,32,3.1886,72.434,0.237,12806048,696664
LiuGrammar,adaptive,Nayuki,2,33,3.1781,1.901,0.027,861744,0
LiuGrammar,adaptive,Nayuki,2,34,3.1862,116.548,0.279,19055880,0
LiuGrammar,adaptive,Nayuki,2,35,2.8718,94.712,0.184,15114792,115368
LiuGrammar,adaptive,Nayuki,2,36,3.1681,111.705,0.285,18902216,0
LiuGrammar,adaptive,Nayuki,2,37,3.2090,138.219,0.280,19430696,0
LiuGrammar,adaptive,Nayuki,2,38,3.1390,124.284,0.302,20694864,0
LiuGrammar,adaptive,Nayuki,3,1,3.4361,87.473,0.216,14652264,165464
LiuGrammar,adaptive,Nayuki,3,2,3.1127,69.373,0.159,12122584,82040
LiuGrammar,adaptive,Nayuki,3,3,3.1364,118.076,0.297,19139632,0
LiuGrammar,adaptive,Nayuki,3,4,2.9677,90.356,0.261,15158736,0
LiuGrammar,adaptive,Nayuki,3,5,3.1322,154.890,0.393,25069088,0
LiuGrammar,adaptive,Nayuki,3,6,3.0732,104.689,0.236,16403336,0
LiuGrammar,adaptive,Nayuki,3,7,3.0596,103.811,0.190,12829816,0
LiuGrammar,adaptive,Nayuki,3,8,2.9888,130.061,0.315,19394584,665416
LiuGrammar,adaptive,Nayuki,3,9,3.0675,114.196,0.238,16495616,0
LiuGrammar,adaptive,Nayuki,3,10,2.9499,99.105,0.254,18103800,0
LiuGrammar,adaptive,Nayuki,3,11,3.1166,91.108,0.244,16496872,0
LiuGrammar,adaptive,Nayuki,3,12,3.0033,97.704,0.205,14329888,165592
LiuGrammar,adaptive,Nayuki,3,13,3.1345,108.316,0.263,17786264,651200
LiuGrammar,adaptive,Nayuki,3,14,3.0569,125.430,0.326,20446360,661112
LiuGrammar,adaptive,Nayuki,3,15,2.9699,84.492,0.178,13390424,702008
LiuGrammar,adaptive,Nayuki,3,16,3.3274,5.418,0.054,1986104,41392
LiuGrammar,adaptive,Nayuki,3,17,3.1020,82.226,0.203,13633312,0
LiuGrammar,adaptive,Nayuki,3,18,3.1364,107.374,0.303,19014648,0
LiuGrammar,adaptive,Nayuki,3,19,3.1280,77.301,0.217,13130768,663640
LiuGrammar,adaptive,Nayuki,3,20,3.2500,104.279,0.264,15863464,663280
LiuGrammar,adaptive,Nayuki,3,21,3.2432,108.425,0.256,17267200,0
LiuGrammar,adaptive,Nayuki,3,22,3.2926,84.707,0.251,14859112,101760
LiuGrammar,adaptive,Nayuki,3,23,3.2242,102.867,0.278,17158728,0
LiuGrammar,adaptive,Nayuki,3,24,3.2414,53.810,0.148,8459048,82944
LiuGrammar,adaptive,Nayuki,3,25,3.2958,66.593,0.190,12526080,0
LiuGrammar,adaptive,Nayuki,3,26,2.9804,82.327,0.188,15112472,0
LiuGrammar,adaptive,Nayuki,3,27,3.1068,4.240,0.039,1660344,41408
LiuGrammar,adaptive,Nayuki,3,28,3.1214,136.214,0.360,22689328,0
LiuGrammar,adaptive,Nayuki,3,29,3.1383,84.225,0.198,15143048,0
LiuGrammar,adaptive,Nayuki,3,30,3.1746,24.474,0.107,5494992,83120
LiuGrammar,adaptive,Nayuki,3,31,3.3251,66.047,0.154,9182576,0
LiuGrammar,adaptive,Nayuki,3,32,3.1886,84.316,0.209,12392656,694352
LiuGrammar,adaptive,Nayuki,3,33,3.1781,1.904,0.027,858616,0
LiuGrammar,adaptive,Nayuki,3,34,3.1862,119.486,0.272,19152256,0
LiuGrammar,adaptive,Nayuki,3,35,2.8718,80.446,0.184,15054848,124304
LiuGrammar,adaptive,Nayuki,3,36,3.1681,113.529,0.317,19147336,0
LiuGrammar,adaptive,Nayuki,3,37,3.2090,114.905,0.290,18905248,0
LiuGrammar,adaptive,Nayuki,3,38,3.1390,125.097,0.309,20608112,0
LiuGrammar,adaptive,Nayuki,4,1,3.4361,85.109,0.216,14420096,663176
LiuGrammar,adaptive,Nayuki,4,2,3.1127,61.391,0.157,12168088,0
LiuGrammar,adaptive,Nayuki,4,3,3.1364,110.893,0.295,19019248,0
LiuGrammar,adaptive,Nayuki,4,4,2.9677,90.619,0.219,15061952,0
LiuGrammar,adaptive,Nayuki,4,5,3.1322,157.904,0.347,25154784,0
LiuGrammar,adaptive,Nayuki,4,6,3.0732,89.955,0.237,16591272,0
LiuGrammar,adaptive,Nayuki,4,7,3.0596,86.523,0.204,13001368,82848
LiuGrammar,adaptive,Nayuki,4,8,2.9888,127.547,0.308,19392776,665680
LiuGrammar,adaptive,Nayuki,4,9,3.0675,98.163,0.235,16755232,0
LiuGrammar,adaptive,Nayuki,4,10,2.9499,115.101,0.255,17987288,0
LiuGrammar,adaptive,Nayuki,4,11,3.1166,92.105,0.238,16271688,0
LiuGrammar,adaptive,Nayuki,4,12,3.0033,109.483,0.217,14586256,0
LiuGrammar,adaptive,Nayuki,4,13,3.1345,121.886,0.267,18122624,662976
LiuGrammar,adaptive,Nayuki,4,14,3.0569,121.337,0.325,20689264,663288
LiuGrammar,adaptive,Nayuki,4,15,2.9699,76.302,0.173,14568840,0
LiuGrammar,adaptive,Nayuki,4,16,3.3274,5.129,0.053,1995416,41488
LiuGrammar,adaptive,Nayuki,4,17,3.1020,80.436,0.203,13776256,0
LiuGrammar,adaptive,Nayuki,4,18,3.1364,118.946,0.320,19590048,0
LiuGrammar,adaptive,Nayuki,4,19,3.1280,81.538,0.359,12913160,706528
LiuGrammar,adaptive,Nayuki,4,20,3.2500,94.462,0.269,15865776,662992
LiuGrammar,adaptive,Nayuki,4,21,3.2432,107.850,0.247,16807624,0
LiuGrammar,adaptive,Nayuki,4,22,3.2926,100.473,0.247,14844280,165672
LiuGrammar,adaptive,Nayuki,4,23,3.2242,94.351,0.275,17343472,0
LiuGrammar,adaptive,Nayuki,4,24,3.2414,38.000,0.144,9046032,0
LiuGrammar,adaptive,Nayuki,4,25,3.2958,84.562,0.219,12499800,82800
LiuGrammar,adaptive,Nayuki,4,26,2.9804,85.708,0.196,14552352,689552
LiuGrammar,adaptive,Nayuki,4,27,3.1068,4.089,0.039,1657256,41400
LiuGrammar,adaptive,Nayuki,4,28,3.1214,148.551,0.357,22676032,0
LiuGrammar,adaptive,Nayuki,4,29,3.1383,93.703,0.241,14972096,0
LiuGrammar,adaptive,Nayuki,4,30,3.1746,29.994,0.107,5793712,83168
LiuGrammar,adaptive,Nayuki,4,31,3.3251,64.998,0.156,9000648,0
LiuGrammar,adaptive,Nayuki,4,32,3.1886,78.756,0.197,12783144,0
LiuGrammar,adaptive,Nayuki,4,33,3.1781,1.898,0.027,861400,0
LiuGrammar,adaptive,Nayuki,4,34,3.1862,115.557,0.278,19250992,0
LiuGrammar,adaptive,Nayuki,4,35,2.8718,92.388,0.173,15167944,0
LiuGrammar,adaptive,Nayuki,4,36,3.1681,111.508,0.280,19017424,0
LiuGrammar,adaptive,Nayuki,4,37,3.2090,107.658,0.290,19188792,0
LiuGrammar,adaptive,Nayuki,4,38,3.1390,122.707,0.311,20587560,0
LiuGrammar,adaptive,Nayuki,5,1,3.4361,79.850,0.218,14590360,663224
LiuGrammar,adaptive,Nayuki,5,2,3.1127,65.774,0.184,12160936,0
LiuGrammar,adaptive,Nayuki,5,3,3.1364,122.584,0.298,19538800,0
LiuGrammar,adaptive,Nayuki,5,4,2.9677,81.802,0.221,15061952,0
LiuGrammar,adaptive,Nayuki,5,5,3.1322,155.847,0.349,24791184,0
LiuGrammar,adaptive,Nayuki,5,6,3.0732,91.965,0.240,16574888,0
LiuGrammar,adaptive,Nayuki,5,7,3.0596,86.630,0.199,12568032,82832
LiuGrammar,adaptive,Nayuki,5,8,2.9888,115.494,0.309,19402072,663264
LiuGrammar,adaptive,Nayuki,5,9,3.0675,92.100,0.235,16578112,0
LiuGrammar,adaptive,Nayuki,5,10,2.9499,103.765,0.264,18099240,0
LiuGrammar,adaptive,Nayuki,5,11,3.1166,93.708,0.295,16578288,0
LiuGrammar,adaptive,Nayuki,5,12,3.0033,82.595,0.204,14684808,0
LiuGrammar,adaptive,Nayuki,5,13,3.1345,100.933,0.256,18148544,0
LiuGrammar,adaptive,Nayuki,5,14,3.0569,127.949,0.316,20595536,663728
LiuGrammar,adaptive,Nayuki,5,15,2.9699,95.070,0.180,14413224,0
LiuGrammar,adaptive,Nayuki,5,16,3.3274,5.337,0.053,1995984,41552
LiuGrammar,adaptive,Nayuki,5,17,3.1020,90.837,0.213,13563504,0
LiuGrammar,adaptive,Nayuki,5,18,3.1364,119.029,0.304,19279520,0
LiuGrammar,adaptive,Nayuki,5,19,3.1280,76.673,0.221,13069320,706536
LiuGrammar,adaptive,Nayuki,5,20,3.2500,88.729,0.268,15999008,662992
LiuGrammar,adaptive,Nayuki,5,21,3.2432,94.323,0.253,16919064,0
LiuGrammar,adaptive,Nayuki,5,22,3.2926,88.813,0.248,15134416,101736
LiuGrammar,adaptive,Nayuki,5,23,3.2242,129.358,0.288,16804936,0
LiuGrammar,adaptive,Nayuki,5,24,3.2414,39.060,0.147,8451880,82944
LiuGrammar,adaptive,Nayuki,5,25,3.2958,72.059,0.198,12526080,0
LiuGrammar,adaptive,Nayuki,5,26,2.9804,94.551,0.189,15103128,0
LiuGrammar,adaptive,Nayuki,5,27,3.1068,4.347,0.040,1657256,41400
LiuGrammar,adaptive,Nayuki,5,28,3.1214,141.349,0.380,22820464,659912
LiuGrammar,adaptive,Nayuki,5,29,3.1383,88.276,0.203,15059488,0
LiuGrammar,adaptive,Nayuki,5,30,3.1746,25.204,0.107,5619624,83152
LiuGrammar,adaptive,Nayuki,5,31,3.3251,46.405,0.197,9103808,0
LiuGrammar,adaptive,Nayuki,5,32,3.1886,77.253,0.196,12330888,82056
LiuGrammar,adaptive,Nayuki,5,33,3.1781,1.993,0.027,861744,0
LiuGrammar,adaptive,Nayuki,5,34,3.1862,119.772,0.277,18984712,0
LiuGrammar,adaptive,Nayuki,5,35,2.8718,83.779,0.195,14695136,125208
LiuGrammar,adaptive,Nayuki,5,36,3.1681,123.579,0.278,19445152,0
LiuGrammar,adaptive,Nayuki,5,37,3.2090,115.240,0.298,19542600,0
LiuGrammar,adaptive,Nayuki,5,38,3.1390,136.182,0.302,20737168,0
SchulzGrammar,static,BigDecimal,1,1,2.9377,4210.351,4.677,2205760,9439232
SchulzGrammar,static,BigDecimal,1,2,2.5527,2997.625,3.646,187882360,7342080
SchulzGrammar,static,BigDecimal,1,3,2.4659,6290.247,5.439,421148360,9435136
SchulzGrammar,static,BigDecimal,1,4,2.3097,4254.511,6.731,107831888,-169119104
SchulzGrammar,static,BigDecimal,1,5,2.3766,9017.770,10.568,286727840,-17300504
SchulzGrammar,static,BigDecimal,1,6,2.3963,4973.390,5.706,54261632,-11242976
SchulzGrammar,static,BigDecimal,1,7,2.3474,3271.457,3.826,101188920,8388608
SchulzGrammar,static,BigDecimal,1,8,2.4129,6292.603,5.048,346838576,11532288
SchulzGrammar,static,BigDecimal,1,9,2.3497,4831.746,4.923,14452016,10485760
SchulzGrammar,static,BigDecimal,1,10,2.3245,5678.408,4.476,181360792,9435136
SchulzGrammar,static,BigDecimal,1,11,2.4325,5150.137,4.130,15496592,9219464
SchulzGrammar,static,BigDecimal,1,12,2.3422,3917.877,4.011,153337712,7337984
SchulzGrammar,static,BigDecimal,1,13,2.5614,5559.083,8.616,230302288,-55507672
SchulzGrammar,static,BigDecimal,1,14,2.3062,7178.704,5.031,5339688,11532288
SchulzGrammar,static,BigDecimal,1,15,2.4247,3765.080,3.971,233192864,-54470192
SchulzGrammar,static,BigDecimal,1,16,2.4071,243.054,0.268,37079856,751552
SchulzGrammar,static,BigDecimal,1,17,2.4014,3798.884,3.518,271923552,7342080
SchulzGrammar,static,BigDecimal,1,18,2.6733,6400.164,6.058,383441840,13633536
SchulzGrammar,static,BigDecimal,1,19,2.4118,3538.079,3.847,124033504,7337984
SchulzGrammar,static,BigDecimal,1,20,2.5531,4685.565,4.229,6120800,8845968
SchulzGrammar,static,BigDecimal,1,21,2.2703,5428.326,4.080,14501976,9439232
SchulzGrammar,static,BigDecimal,1,22,2.5756,4317.928,3.995,22894720,9435136
SchulzGrammar,static,BigDecimal,1,23,2.5273,5232.090,6.241,19616744,-19028104
SchulzGrammar,static,BigDecimal,1,24,2.2759,1791.580,1.914,110317376,5240832
SchulzGrammar,static,BigDecimal,1,25,2.3521,3286.309,4.421,21999608,7342080
SchulzGrammar,static,BigDecimal,1,26,2.4346,4058.109,3.902,126381960,9439232
SchulzGrammar,static,BigDecimal,1,27,2.4369,158.424,0.218,28283232,0
SchulzGrammar,static,BigDecimal,1,28,2.5142,8463.826,8.842,1919952,12582912
SchulzGrammar,static,BigDecimal,1,29,2.6463,4322.211,5.321,96228160,-80601088
SchulzGrammar,static,BigDecimal,1,30,2.3757,1042.706,1.904,115010760,4194304
SchulzGrammar,static,BigDecimal,1,31,2.5514,2072.553,2.862,77629688,6291456
SchulzGrammar,static,BigDecimal,1,32,2.4626,3229.131,3.135,1767744,6291456
SchulzGrammar,static,BigDecimal,1,33,2.3562,65.212,0.141,13783008,166640
SchulzGrammar,static,BigDecimal,1,34,2.3266,6180.574,6.129,353805208,9439232
SchulzGrammar,static,BigDecimal,1,35,2.2628,4291.539,8.707,268324112,-122688000
SchulzGrammar,static,BigDecimal,1,36,2.4729,6191.730,4.980,1112776,10485760
SchulzGrammar,static,BigDecimal,1,37,2.4576,6325.143,5.200,234791352,9439232
SchulzGrammar,static,BigDecimal,1,38,2.4332,7094.576,15.671,418024928,-67031776
SchulzGrammar,static,BigDecimal,2,1,2.9377,4112.088,5.173,204391232,-15320248
SchulzGrammar,static,BigDecimal,2,2,2.5527,2858.288,3.453,192606144,7342080
SchulzGrammar,static,BigDecimal,2,3,2.4659,6284.916,4.797,21799344,9435136
SchulzGrammar,static,BigDecimal,2,4,2.3097,4164.054,5.400,109067112,-32318976
SchulzGrammar,static,BigDecimal,2,5,2.3766,9098.979,17.000,451252368,-7041984
SchulzGrammar,static,BigDecimal,2,6,2.3963,5169.607,4.325,190771192,9435136
SchulzGrammar,static,BigDecimal,2,7,2.3474,3364.872,3.340,45672792,8388608
SchulzGrammar,static,BigDecimal,2,8,2.4129,6520.700,5.124,324989776,10485760
SchulzGrammar,static,BigDecimal,2,9,2.3497,4926.184,5.035,76894744,-15275928
SchulzGrammar,static,BigDecimal,2,10,2.3245,5580.809,5.090,118509808,9435136
SchulzGrammar,static,BigDecimal,2,11,2.4325,4892.228,4.011,148585352,9435136
SchulzGrammar,static,BigDecimal,2,12,2.3422,3877.792,7.227,100830192,-20025840
SchulzGrammar,static,BigDecimal,2,13,2.5614,5669.588,5.203,22044056,11532288
SchulzGrammar,static,BigDecimal,2,14,2.3062,7198.405,5.814,12354768,11532288
SchulzGrammar,static,BigDecimal,2,15,2.4247,3745.661,3.396,229807312,8388608
SchulzGrammar,static,BigDecimal,2,16,2.4071,223.589,0.266,38127792,0
SchulzGrammar,static,BigDecimal,2,17,2.4014,3630.767,4.641,157175464,-65980592
SchulzGrammar,static,BigDecimal,2,18,2.6733,6330.903,7.283,23893656,-77519408
SchulzGrammar,static,BigDecimal,2,19,2.4118,3523.253,3.255,69333616,7337984
SchulzGrammar,static,BigDecimal,2,20,2.5531,4774.902,4.559,1858952,9435136
SchulzGrammar,static,BigDecimal,2,21,2.2703,5322.035,4.111,3360408,9439232
SchulzGrammar,static,BigDecimal,2,22,2.5756,4444.120,4.081,22652048,8845632
SchulzGrammar,static,BigDecimal,2,23,2.5273,5267.806,4.872,63786288,10485760
SchulzGrammar,static,BigDecimal,2,24,2.2759,1779.503,1.916,163344984,5240832
SchulzGrammar,static,BigDecimal,2,25,2.3521,3268.622,9.442,72876880,-19135280
SchulzGrammar,static,BigDecimal,2,26,2.4346,4066.277,3.868,110113544,9439232
SchulzGrammar,static,BigDecimal,2,27,2.4369,164.630,0.220,28914880,0
SchulzGrammar,static,BigDecimal,2,28,2.5142,8480.538,7.934,17771768,12583056
SchulzGrammar,static,BigDecimal,2,29,2.6463,4201.163,3.991,104642856,9439232
SchulzGrammar,static,BigDecimal,2,30,2.3757,976.376,1.774,8197296,3147776
SchulzGrammar,static,BigDecimal,2,31,2.5514,2032.016,3.279,161090608,-48174440
SchulzGrammar,static,BigDecimal,2,32,2.4626,3183.052,4.004,131867928,-11890136
SchulzGrammar,static,BigDecimal,2,33,2.3562,62.104,0.139,14051968,0
SchulzGrammar,static,BigDecimal,2,34,2.3266,6064.896,5.536,19943856,9439232
SchulzGrammar,static,BigDecimal,2,35,2.2628,4274.838,3.471,115359336,8388608
SchulzGrammar,static,BigDecimal,2,36,2.4729,6311.334,6.402,378556784,10485760
SchulzGrammar,static,BigDecimal,2,37,2.4576,6363.792,5.368,109889544,9439232
SchulzGrammar,static,BigDecimal,2,38,2.4332,7095.072,7.290,384554080,12582912
SchulzGrammar,static,BigDecimal,3,1,2.9377,4140.254,7.097,201967616,-58692600
SchulzGrammar,static,BigDecimal,3,2,2.5527,2937.999,2.978,177788800,7342080
SchulzGrammar,static,BigDecimal,3,3,2.4659,6352.395,6.768,40706480,10485960
SchulzGrammar,static,BigDecimal,3,4,2.3097,4378.746,3.633,116415432,8388608
SchulzGrammar,static,BigDecimal,3,5,2.3766,9312.858,7.881,181409264,-9556504
SchulzGrammar,static,BigDecimal,3,6,2.3963,4934.601,4.753,159685416,9435136
SchulzGrammar,static,BigDecimal,3,7,2.3474,3315.743,3.070,130566232,8388608
SchulzGrammar,static,BigDecimal,3,8,2.4129,6425.660,5.087,335542176,11532288
SchulzGrammar,static,BigDecimal,3,9,2.3497,5058.219,4.986,14449504,6791776
SchulzGrammar,static,BigDecimal,3,10,2.3245,5520.730,4.185,173801480,9435136
SchulzGrammar,static,BigDecimal,3,11,2.4325,4938.685,6.128,57421104,9435136
SchulzGrammar,static,BigDecimal,3,12,2.3422,3963.598,4.153,154028688,7337984
SchulzGrammar,static,BigDecimal,3,13,2.5614,5727.877,7.425,294791232,-43521600
SchulzGrammar,static,BigDecimal,3,14,2.3062,7226.906,5.901,13397776,10485760
SchulzGrammar,static,BigDecimal,3,15,2.4247,3790.155,5.498,227183504,8388608
SchulzGrammar,static,BigDecimal,3,16,2.4071,228.489,0.285,38781728,0
SchulzGrammar,static,BigDecimal,3,17,2.4014,3680.990,4.022,129916648,7342080
SchulzGrammar,static,BigDecimal,3,18,2.6733,6301.719,6.506,355973184,11649808
SchulzGrammar,static,BigDecimal,3,19,2.4118,3468.897,3.365,152165032,7635880
SchulzGrammar,static,BigDecimal,3,20,2.5531,4839.445,4.325,212994808,9435136
SchulzGrammar,static,BigDecimal,3,21,2.2703,5388.509,5.779,13678776,-82769072
SchulzGrammar,static,BigDecimal,3,22,2.5756,4445.013,4.557,349235544,9435136
SchulzGrammar,static,BigDecimal,3,23,2.5273,5274.342,6.485,262956720,-17589744
SchulzGrammar,static,BigDecimal,3,24,2.2759,1837.140,1.914,161748896,5240832
SchulzGrammar,static,BigDecimal,3,25,2.3521,3336.425,5.632,85726216,7846112
SchulzGrammar,static,BigDecimal,3,26,2.4346,4037.373,4.511,139124744,40400
SchulzGrammar,static,BigDecimal,3,27,2.4369,158.982,0.327,27807888,0
SchulzGrammar,static,BigDecimal,3,28,2.5142,8355.994,7.593,16610336,-19395088
SchulzGrammar,static,BigDecimal,3,29,2.6463,4254.553,7.689,97835984,-168453616
SchulzGrammar,static,BigDecimal,3,30,2.3757,1001.176,1.899,112661176,4194304
SchulzGrammar,static,BigDecimal,3,31,2.5514,2079.850,2.859,81556712,6291456
SchulzGrammar,static,BigDecimal,3,32,2.4626,3184.593,5.068,73117592,7337984
SchulzGrammar,static,BigDecimal,3,33,2.3562,76.214,0.145,14081688,0
SchulzGrammar,static,BigDecimal,3,34,2.3266,6274.480,4.584,118234336,9652048
SchulzGrammar,static,BigDecimal,3,35,2.2628,4278.012,3.479,145217656,8388608
SchulzGrammar,static,BigDecimal,3,36,2.4729,6252.530,5.145,343460136,10485760
SchulzGrammar,static,BigDecimal,3,37,2.4576,6435.810,6.930,72048064,-16437872
SchulzGrammar,static,BigDecimal,3,38,2.4332,7015.459,8.423,377226280,-12978424
SchulzGrammar,static,BigDecimal,4,1,2.9377,4126.040,6.252,213812736,9735720
SchulzGrammar,static,BigDecimal,4,2,2.5527,2979.662,2.977,93309264,7342080
SchulzGrammar,static,BigDecimal,4,3,2.4659,6430.464,6.093,367645176,6037072
SchulzGrammar,static,BigDecimal,4,4,2.3097,4199.069,6.401,103874280,-73400224
SchulzGrammar,static,BigDecimal,4,5,2.3766,9302.461,6.542,406731440,14680064
SchulzGrammar,static,BigDecimal,4,6,2.3963,4985.670,4.377,122655352,9435136
SchulzGrammar,static,BigDecimal,4,7,2.3474,3256.314,4.561,91213376,-72647680
SchulzGrammar,static,BigDecimal,4,8,2.4129,6458.123,5.715,14675240,11532288
SchulzGrammar,static,BigDecimal,4,9,2.3497,4993.494,5.676,133718176,-19461640
SchulzGrammar,static,BigDecimal,4,10,2.3245,5740.534,8.129,111630008,9435136
SchulzGrammar,static,BigDecimal,4,11,2.4325,5709.687,4.769,133993616,9435136
SchulzGrammar,static,BigDecimal,4,12,2.3422,3993.884,6.238,115449680,-145671016
SchulzGrammar,static,BigDecimal,4,13,2.5614,5736.278,16.989,210627856,-19852792
SchulzGrammar,static,BigDecimal,4,14,2.3062,7344.914,5.175,17601176,11532288
SchulzGrammar,static,BigDecimal,4,15,2.4247,3754.624,3.971,229189744,8388608
SchulzGrammar,static,BigDecimal,4,16,2.4071,223.021,0.270,38783016,0
SchulzGrammar,static,BigDecimal,4,17,2.4014,3703.562,3.561,11354920,7476848
SchulzGrammar,static,BigDecimal,4,18,2.6733,6418.124,7.238,397440024,12582912
SchulzGrammar,static,BigDecimal,4,19,2.4118,3502.173,4.162,86599704,7337984
SchulzGrammar,static,BigDecimal,4,20,2.5531,4791.844,6.155,219776144,-16494064
SchulzGrammar,static,BigDecimal,4,21,2.2703,5284.143,5.969,2996768,9439232
SchulzGrammar,static,BigDecimal,4,22,2.5756,4415.716,5.560,22811336,8388608
SchulzGrammar,static,BigDecimal,4,23,2.5273,5311.733,4.465,14745312,10485760
SchulzGrammar,static,BigDecimal,4,24,2.2759,1778.929,1.997,163256424,5240832
SchulzGrammar,static,BigDecimal,4,25,2.3521,3411.707,3.081,81451320,7342080
SchulzGrammar,static,BigDecimal,4,26,2.4346,4107.391,3.739,113238752,9439232
SchulzGrammar,static,BigDecimal,4,27,2.4369,158.055,0.322,27756352,0
SchulzGrammar,static,BigDecimal,4,28,2.5142,8436.943,8.141,302801040,-77528816
SchulzGrammar,static,BigDecimal,4,29,2.6463,4285.216,4.011,143035632,9439232
SchulzGrammar,static,BigDecimal,4,30,2.3757,989.738,1.847,13825328,4194304
SchulzGrammar,static,BigDecimal,4,31,2.5514,2015.667,3.728,129657952,-76183040
SchulzGrammar,static,BigDecimal,4,32,2.4626,3123.146,4.673,145492744,-70178848
SchulzGrammar,static,BigDecimal,4,33,2.3562,65.117,0.195,13710544,794440
SchulzGrammar,static,BigDecimal,4,34,2.3266,6210.320,4.582,111962496,10069064
SchulzGrammar,static,BigDecimal,4,35,2.2628,4355.055,3.468,112645912,8388608
SchulzGrammar,static,BigDecimal,4,36,2.4729,6108.205,5.105,127672656,10485760
SchulzGrammar,static,BigDecimal,4,37,2.4576,6390.819,5.498,332951880,9439232
SchulzGrammar,static,BigDecimal,4,38,2.4332,7189.252,6.367,172881240,-13048600
SchulzGrammar,static,BigDecimal,5,1,2.9377,4174.415,5.000,3066088,10028552
SchulzGrammar,static,BigDecimal,5,2,2.5527,2970.745,4.153,204579024,-15274808
SchulzGrammar,static,BigDecimal,5,3,2.4659,6319.898,5.079,408408632,9435136
SchulzGrammar,static,BigDecimal,5,4,2.3097,4310.141,5.921,201250400,-30065840
SchulzGrammar,static,BigDecimal,5,5,2.3766,9572.908,8.406,6052872,-17745976
SchulzGrammar,static,BigDecimal,5,6,2.3963,5065.622,5.539,128519888,9435136
SchulzGrammar,static,BigDecimal,5,7,2.3474,3331.463,3.553,92244648,8388608
SchulzGrammar,static,BigDecimal,5,8,2.4129,6393.959,8.900,314706000,-42929696
SchulzGrammar,static,BigDecimal,5,9,2.3497,4848.939,5.348,91497616,6791632
SchulzGrammar,static,BigDecimal,5,10,2.3245,5466.852,4.842,22754640,8388608
SchulzGrammar,static,BigDecimal,5,11,2.4325,4875.408,3.971,51226832,9219928
SchulzGrammar,static,BigDecimal,5,12,2.3422,3934.433,3.538,119748640,7802024
SchulzGrammar,static,BigDecimal,5,13,2.5614,5708.380,5.133,814712,11532288
SchulzGrammar,static,BigDecimal,5,14,2.3062,7316.232,5.846,12362192,11532288
SchulzGrammar,static,BigDecimal,5,15,2.4247,3721.012,3.921,230215696,8388608
SchulzGrammar,static,BigDecimal,5,16,2.4071,231.080,0.272,39102888,0
SchulzGrammar,static,BigDecimal,5,17,2.4014,3691.542,5.291,112453536,7342080
SchulzGrammar,static,BigDecimal,5,18,2.6733,6332.418,5.637,9120088,12582912
SchulzGrammar,static,BigDecimal,5,19,2.4118,3611.627,3.871,148324280,7337984
SchulzGrammar,static,BigDecimal,5,20,2.5531,4851.324,4.543,60588320,8388608
SchulzGrammar,static,BigDecimal,5,21,2.2703,5268.752,4.525,7347304,9439232
SchulzGrammar,static,BigDecimal,5,22,2.5756,4281.244,4.028,162020384,9435136
SchulzGrammar,static,BigDecimal,5,23,2.5273,5338.783,4.491,869408,10485760
SchulzGrammar,static,BigDecimal,5,24,2.2759,1859.799,2.039,163420656,5240832
SchulzGrammar,static,BigDecimal,5,25,2.3521,3459.311,11.483,57467320,3395896
SchulzGrammar,static,BigDecimal,5,26,2.4346,4061.202,7.835,99293504,-163483328
SchulzGrammar,static,BigDecimal,5,27,2.4369,169.313,0.211,28791848,0
SchulzGrammar,static,BigDecimal,5,28,2.5142,8551.795,14.713,392278136,12582912
SchulzGrammar,static,BigDecimal,5,29,2.6463,4423.136,6.529,4074400,108166096
SchulzGrammar,static,BigDecimal,5,30,2.3757,946.835,1.578,13913896,3147776
SchulzGrammar,static,BigDecimal,5,31,2.5514,2083.196,3.042,144806528,6291456
SchulzGrammar,static,BigDecimal,5,32,2.4626,3300.990,4.719,24933824,7303992
SchulzGrammar,static,BigDecimal,5,33,2.3562,63.291,0.146,14200200,0
SchulzGrammar,static,BigDecimal,5,34,2.3266,6179.902,4.729,159578496,9439232
SchulzGrammar,static,BigDecimal,5,35,2.2628,4360.448,3.484,108959696,8388608
SchulzGrammar,static,BigDecimal,5,36,2.4729,6227.395,5.111,159293872,10485760
SchulzGrammar,static,BigDecimal,5,37,2.4576,6507.492,5.173,349894224,9439232
SchulzGrammar,static,BigDecimal,5,38,2.4332,7566.654,6.607,426275088,12582912
SchulzGrammar,static,Nayuki,1,1,2.9377,4079.164,0.202,200876744,250904
SchulzGrammar,static,Nayuki,1,2,2.5600,3032.442,0.133,156559712,0
SchulzGrammar,static,Nayuki,1,3,2.4773,6244.670,0.300,266531792,0
SchulzGrammar,static,Nayuki,1,4,2.2968,4241.534,0.224,202494120,0
SchulzGrammar,static,Nayuki,1,5,2.3741,8972.083,0.359,337978000,0
SchulzGrammar,static,Nayuki,1,6,2.3902,4865.173,0.344,227300104,0
SchulzGrammar,static,Nayuki,1,7,2.3579,3182.287,0.171,170432976,0
SchulzGrammar,static,Nayuki,1,8,2.4270,6308.058,0.261,268973912,0
SchulzGrammar,static,Nayuki,1,9,2.3558,4873.632,0.205,225640288,0
SchulzGrammar,static,Nayuki,1,10,2.3363,5461.401,0.263,245917888,0
SchulzGrammar,static,Nayuki,1,11,2.4294,4750.079,0.219,219550992,0
SchulzGrammar,static,Nayuki,1,12,2.3654,3742.498,0.196,195641728,0
SchulzGrammar,static,Nayuki,1,13,2.5731,5643.311,0.234,245874760,0
SchulzGrammar,static,Nayuki,1,14,2.3198,7081.763,0.302,291621296,0
SchulzGrammar,static,Nayuki,1,15,2.4348,3778.006,0.155,186294688,0
SchulzGrammar,static,Nayuki,1,16,2.4071,209.067,0.047,29375736,0
SchulzGrammar,static,Nayuki,1,17,2.4218,3680.357,0.211,181510400,0
SchulzGrammar,static,Nayuki,1,18,2.6818,6196.660,0.301,263770904,0
SchulzGrammar,static,Nayuki,1,19,2.4083,3433.304,0.194,176955960,0
SchulzGrammar,static,Nayuki,1,20,2.5500,4655.749,0.259,215025376,1046528
SchulzGrammar,static,Nayuki,1,21,2.2823,5289.029,0.220,231331216,0
SchulzGrammar,static,Nayuki,1,22,2.5981,4326.940,0.228,205187992,0
SchulzGrammar,static,Nayuki,1,23,2.5455,5159.208,0.258,233710752,0
SchulzGrammar,static,Nayuki,1,24,2.2759,1766.838,0.127,118140016,0
SchulzGrammar,static,Nayuki,1,25,2.3662,3220.392,0.179,168570376,0
SchulzGrammar,static,Nayuki,1,26,2.4314,3955.830,0.172,191641872,0
SchulzGrammar,static,Nayuki,1,27,2.4854,173.777,0.054,24596112,124904
SchulzGrammar,static,Nayuki,1,28,2.5220,8063.974,0.361,315953720,0
SchulzGrammar,static,Nayuki,1,29,2.6495,4126.998,0.179,207569920,0
SchulzGrammar,static,Nayuki,1,30,2.3704,922.384,0.096,79899032,0
SchulzGrammar,static,Nayuki,1,31,2.5679,1976.814,0.145,120331408,0
SchulzGrammar,static,Nayuki,1,32,2.4769,3051.175,0.180,164337808,0
SchulzGrammar,static,Nayuki,1,33,2.4110,66.209,0.038,12170792,125136
SchulzGrammar,static,Nayuki,1,34,2.3381,5913.294,0.267,256693544,0
SchulzGrammar,static,Nayuki,1,35,2.2821,4167.041,0.153,200794160,0
SchulzGrammar,static,Nayuki,1,36,2.4843,6082.125,0.272,264873856,0
SchulzGrammar,static,Nayuki,1,37,2.4633,6285.392,0.277,264922032,0
SchulzGrammar,static,Nayuki,1,38,2.4414,6846.976,0.304,287728728,0
SchulzGrammar,static,Nayuki,2,1,2.9377,3915.203,0.183,197192592,0
SchulzGrammar,static,Nayuki,2,2,2.5600,2926.045,0.128,158393696,0
SchulzGrammar,static,Nayuki,2,3,2.4773,6509.153,0.306,259545808,0
SchulzGrammar,static,Nayuki,2,4,2.2968,4276.205,0.199,205335280,0
SchulzGrammar,static,Nayuki,2,5,2.3741,9171.562,0.359,334830176,0
SchulzGrammar,static,Nayuki,2,6,2.3902,4975.986,0.216,228154032,0
SchulzGrammar,static,Nayuki,2,7,2.3579,3265.753,0.178,168558688,0
SchulzGrammar,static,Nayuki,2,8,2.4270,6402.298,0.260,258237856,0
SchulzGrammar,static,Nayuki,2,9,2.3558,4919.338,0.212,226563760,0
SchulzGrammar,static,Nayuki,2,10,2.3363,5526.968,0.233,241756792,0
SchulzGrammar,static,Nayuki,2,11,2.4294,4871.250,0.236,228961744,0
SchulzGrammar,static,Nayuki,2,12,2.3654,3976.684,0.197,190589744,0
SchulzGrammar,static,Nayuki,2,13,2.5731,5555.043,0.236,241141488,0
SchulzGrammar,static,Nayuki,2,14,2.3198,7199.354,0.289,289447992,0
SchulzGrammar,static,Nayuki,2,15,2.4348,3804.156,0.150,185596280,0
SchulzGrammar,static,Nayuki,2,16,2.4071,203.151,0.046,29684088,0
SchulzGrammar,static,Nayuki,2,17,2.4218,3591.136,0.241,180069064,0
SchulzGrammar,static,Nayuki,2,18,2.6818,6054.658,0.296,255410408,0
SchulzGrammar,static,Nayuki,2,19,2.4083,3299.078,0.185,177966880,0
SchulzGrammar,static,Nayuki,2,20,2.5500,4566.015,0.253,214623720,0
SchulzGrammar,static,Nayuki,2,21,2.2823,5259.269,0.261,239138200,0
SchulzGrammar,static,Nayuki,2,22,2.5981,4241.751,0.235,201646136,167152
SchulzGrammar,static,Nayuki,2,23,2.5455,5131.401,0.257,238696752,0
SchulzGrammar,static,Nayuki,2,24,2.2759,1872.108,0.206,117702184,0
SchulzGrammar,static,Nayuki,2,25,2.3662,3225.642,0.204,167522048,0
SchulzGrammar,static,Nayuki,2,26,2.4314,4069.232,0.171,197844968,0
SchulzGrammar,static,Nayuki,2,27,2.4854,171.174,0.033,24866872,0
SchulzGrammar,static,Nayuki,2,28,2.5220,8222.564,0.364,316236944,0
SchulzGrammar,static,Nayuki,2,29,2.6495,4223.390,0.181,198978232,0
SchulzGrammar,static,Nayuki,2,30,2.3704,1029.110,0.099,78848800,375296
SchulzGrammar,static,Nayuki,2,31,2.5679,2084.273,0.146,121787512,0
SchulzGrammar,static,Nayuki,2,32,2.4769,3179.245,0.178,165386896,0
SchulzGrammar,static,Nayuki,2,33,2.4110,67.973,0.025,12003224,0
SchulzGrammar,static,Nayuki,2,34,2.3381,6125.932,0.255,251877064,0
SchulzGrammar,static,Nayuki,2,35,2.2821,4267.154,0.155,202485592,0
SchulzGrammar,static,Nayuki,2,36,2.4843,6143.537,0.338,261573744,0
SchulzGrammar,static,Nayuki,2,37,2.4633,6460.733,0.258,264151504,0
SchulzGrammar,static,Nayuki,2,38,2.4414,7014.452,0.306,283112328,0
SchulzGrammar,static,Nayuki,3,1,2.9377,4025.460,0.182,194662984,0
SchulzGrammar,static,Nayuki,3,2,2.5600,2920.832,0.130,161250472,167208
SchulzGrammar,static,Nayuki,3,3,2.4773,6124.921,0.292,268750992,585432
SchulzGrammar,static,Nayuki,3,4,2.2968,4127.201,0.191,204532048,0
SchulzGrammar,static,Nayuki,3,5,2.3741,8968.311,0.357,339037256,0
SchulzGrammar,static,Nayuki,3,6,2.3902,4900.742,0.234,228358384,585296
SchulzGrammar,static,Nayuki,3,7,2.3579,3202.917,0.176,168450376,0
SchulzGrammar,static,Nayuki,3,8,2.4270,6353.274,0.259,263491688,0
SchulzGrammar,static,Nayuki,3,9,2.3558,4892.270,0.220,230485176,0
SchulzGrammar,static,Nayuki,3,10,2.3363,5547.440,0.231,240617912,0
SchulzGrammar,static,Nayuki,3,11,2.4294,4876.663,0.238,225955784,0
SchulzGrammar,static,Nayuki,3,12,2.3654,3849.541,0.201,187326232,0
SchulzGrammar,static,Nayuki,3,13,2.5731,5625.470,0.272,240924864,0
SchulzGrammar,static,Nayuki,3,14,2.3198,7195.511,0.319,289759488,673048
SchulzGrammar,static,Nayuki,3,15,2.4348,3802.807,0.150,186203800,0
SchulzGrammar,static,Nayuki,3,16,2.4071,209.812,0.046,29806200,0
SchulzGrammar,static,Nayuki,3,17,2.4218,3659.919,0.200,179029152,0
SchulzGrammar,static,Nayuki,3,18,2.6818,6216.989,0.291,262738400,0
SchulzGrammar,static,Nayuki,3,19,2.4083,3411.664,0.187,174286704,167056
SchulzGrammar,static,Nayuki,3,20,2.5500,4694.808,0.236,223030104,0
SchulzGrammar,static,Nayuki,3,21,2.2823,5337.313,0.356,235758736,0
SchulzGrammar,static,Nayuki,3,22,2.5981,4425.345,0.233,206627688,508864
SchulzGrammar,static,Nayuki,3,23,2.5455,5237.284,0.258,234418056,0
SchulzGrammar,static,Nayuki,3,24,2.2759,1823.249,0.132,114968560,0
SchulzGrammar,static,Nayuki,3,25,2.3662,3170.012,0.179,169618832,0
SchulzGrammar,static,Nayuki,3,26,2.4314,3956.497,0.176,193729216,0
SchulzGrammar,static,Nayuki,3,27,2.4854,182.940,0.034,23972952,0
SchulzGrammar,static,Nayuki,3,28,2.5220,8133.411,0.350,318092128,0
SchulzGrammar,static,Nayuki,3,29,2.6495,4137.196,0.177,201085240,0
SchulzGrammar,static,Nayuki,3,30,2.3704,937.032,0.104,78848888,375792
SchulzGrammar,static,Nayuki,3,31,2.5679,1964.264,0.147,122768200,0
SchulzGrammar,static,Nayuki,3,32,2.4769,3082.317,0.185,166435696,0
SchulzGrammar,static,Nayuki,3,33,2.4110,62.093,0.028,11032944,0
SchulzGrammar,static,Nayuki,3,34,2.3381,5974.115,0.259,253839408,0
SchulzGrammar,static,Nayuki,3,35,2.2821,4285.053,0.161,207547848,0
SchulzGrammar,static,Nayuki,3,36,2.4843,6078.626,0.278,257951112,0
SchulzGrammar,static,Nayuki,3,37,2.4633,6346.215,0.301,267967968,0
SchulzGrammar,static,Nayuki,3,38,2.4414,6977.207,0.297,276529048,0
SchulzGrammar,static,Nayuki,4,1,2.9377,4010.567,0.191,203027384,0
SchulzGrammar,static,Nayuki,4,2,2.5600,2893.155,0.129,154939936,0
SchulzGrammar,static,Nayuki,4,3,2.4773,6123.101,0.378,260387048,334680
SchulzGrammar,static,Nayuki,4,4,2.2968,4093.208,0.198,206001392,0
SchulzGrammar,static,Nayuki,4,5,2.3741,8879.361,0.347,331013696,0
SchulzGrammar,static,Nayuki,4,6,2.3902,4810.252,0.228,229963344,0
SchulzGrammar,static,Nayuki,4,7,2.3579,3167.008,0.170,168337352,0
SchulzGrammar,static,Nayuki,4,8,2.4270,6166.567,0.264,263993664,0
SchulzGrammar,static,Nayuki,4,9,2.3558,4709.267,0.258,226310904,376464
SchulzGrammar,static,Nayuki,4,10,2.3363,5262.815,0.237,238235432,0
SchulzGrammar,static,Nayuki,4,11,2.4294,4736.007,0.217,219493824,0
SchulzGrammar,static,Nayuki,4,12,2.3654,3720.741,0.196,191564496,0
SchulzGrammar,static,Nayuki,4,13,2.5731,5455.395,0.231,244023104,0
SchulzGrammar,static,Nayuki,4,14,2.3198,6916.535,0.303,291868488,0
SchulzGrammar,static,Nayuki,4,15,2.4348,3891.691,0.209,187445656,0
SchulzGrammar,static,Nayuki,4,16,2.4071,288.498,0.088,27513040,0
SchulzGrammar,static,Nayuki,4,17,2.4218,4216.542,0.190,183093464,0
SchulzGrammar,static,Nayuki,4,18,2.6818,6725.917,0.292,256682176,0
SchulzGrammar,static,Nayuki,4,19,2.4083,3361.326,0.188,186093048,0
SchulzGrammar,static,Nayuki,4,20,2.5500,4583.525,0.245,221876368,0
SchulzGrammar,static,Nayuki,4,21,2.2823,5100.649,0.231,241415824,0
SchulzGrammar,static,Nayuki,4,22,2.5981,4218.117,0.223,206784368,167128
SchulzGrammar,static,Nayuki,4,23,2.5455,5059.037,0.267,239828968,0
SchulzGrammar,static,Nayuki,4,24,2.2759,1781.318,0.128,116995680,0
SchulzGrammar,static,Nayuki,4,25,2.3662,3238.556,0.182,167028912,0
SchulzGrammar,static,Nayuki,4,26,2.4314,4108.195,0.173,192688672,0
SchulzGrammar,static,Nayuki,4,27,2.4854,164.983,0.034,24265928,0
SchulzGrammar,static,Nayuki,4,28,2.5220,8200.667,0.355,310236656,0
SchulzGrammar,static,Nayuki,4,29,2.6495,4216.690,0.183,209171680,0
SchulzGrammar,static,Nayuki,4,30,2.3704,967.953,0.100,78637416,209096
SchulzGrammar,static,Nayuki,4,31,2.5679,2003.048,0.143,121647680,0
SchulzGrammar,static,Nayuki,4,32,2.4769,3035.089,0.175,166434768,0
SchulzGrammar,static,Nayuki,4,33,2.4110,69.529,0.025,13057040,0
SchulzGrammar,static,Nayuki,4,34,2.3381,5890.671,0.265,253673688,0
SchulzGrammar,static,Nayuki,4,35,2.2821,4177.549,0.154,201801320,0
SchulzGrammar,static,Nayuki,4,36,2.4843,6015.193,0.276,262847096,0
SchulzGrammar,static,Nayuki,4,37,2.4633,6139.025,0.285,270407944,0
SchulzGrammar,static,Nayuki,4,38,2.4414,6830.184,0.302,288882776,0
SchulzGrammar,static,Nayuki,5,1,2.9377,3909.226,0.181,196882728,0
SchulzGrammar,static,Nayuki,5,2,2.5600,2861.400,0.128,153852096,0
SchulzGrammar,static,Nayuki,5,3,2.4773,6073.879,0.302,259336576,0
SchulzGrammar,static,Nayuki,5,4,2.2968,4041.563,0.190,195832576,0
SchulzGrammar,static,Nayuki,5,5,2.3741,8846.500,0.454,338190648,0
SchulzGrammar,static,Nayuki,5,6,2.3902,4849.952,0.248,226865248,0
SchulzGrammar,static,Nayuki,5,7,2.3579,3156.364,0.170,168862224,87376
SchulzGrammar,static,Nayuki,5,8,2.4270,6208.952,0.304,268138680,251312
SchulzGrammar,static,Nayuki,5,9,2.3558,4720.351,0.205,221324072,0
SchulzGrammar,static,Nayuki,5,10,2.3363,5326.916,0.225,235674712,0
SchulzGrammar,static,Nayuki,5,11,2.4294,4739.621,0.226,226165704,0
SchulzGrammar,static,Nayuki,5,12,2.3654,3821.878,0.197,187788952,0
SchulzGrammar,static,Nayuki,5,13,2.5731,5579.308,0.257,246920472,0
SchulzGrammar,static,Nayuki,5,14,2.3198,7459.379,0.314,288823832,0
SchulzGrammar,static,Nayuki,5,15,2.4348,3775.305,0.150,184309240,0
SchulzGrammar,static,Nayuki,5,16,2.4071,230.702,0.046,30639048,0
SchulzGrammar,static,Nayuki,5,17,2.4218,3581.816,0.292,179834000,0
SchulzGrammar,static,Nayuki,5,18,2.6818,6146.854,0.291,257614232,0
SchulzGrammar,static,Nayuki,5,19,2.4083,3440.015,0.192,179015872,0
SchulzGrammar,static,Nayuki,5,20,2.5500,4655.999,0.241,214653752,0
SchulzGrammar,static,Nayuki,5,21,2.2823,5236.848,0.222,230330824,0
SchulzGrammar,static,Nayuki,5,22,2.5981,4334.014,0.232,210439832,0
SchulzGrammar,static,Nayuki,5,23,2.5455,5103.401,0.257,229711744,0
SchulzGrammar,static,Nayuki,5,24,2.2759,1806.142,0.127,115748880,0
SchulzGrammar,static,Nayuki,5,25,2.3662,3279.467,0.185,169536504,0
SchulzGrammar,static,Nayuki,5,26,2.4314,4145.985,0.179,190577040,0
SchulzGrammar,static,Nayuki,5,27,2.4854,187.863,0.034,23987904,0
SchulzGrammar,static,Nayuki,5,28,2.5220,8495.981,0.357,312437216,0
SchulzGrammar,static,Nayuki,5,29,2.6495,4360.094,0.197,204221520,0
SchulzGrammar,static,Nayuki,5,30,2.3704,1097.777,0.099,77077656,375264
SchulzGrammar,static,Nayuki,5,31,2.5679,2211.151,0.250,122396456,0
SchulzGrammar,static,Nayuki,5,32,2.4769,3219.106,0.177,163911520,0
SchulzGrammar,static,Nayuki,5,33,2.4110,63.430,0.025,13046200,0
SchulzGrammar,static,Nayuki,5,34,2.3381,5986.861,0.376,251146032,0
SchulzGrammar,static,Nayuki,5,35,2.2821,4224.365,0.157,206277792,0
SchulzGrammar,static,Nayuki,5,36,2.4843,6010.786,0.291,254844072,0
SchulzGrammar,static,Nayuki,5,37,2.4633,6152.770,0.276,266757168,0
SchulzGrammar,static,Nayuki,5,38,2.4414,7023.801,0.306,288031280,0
SchulzGrammar,semi-adaptive,BigDecimal,1,1,2.3377,4130.834,3.801,176147984,8388608
SchulzGrammar,semi-adaptive,BigDecimal,1,2,2.0473,2953.260,3.981,75176256,-197309912
SchulzGrammar,semi-adaptive,BigDecimal,1,3,2.0284,6280.550,3.992,123762960,9435136
SchulzGrammar,semi-adaptive,BigDecimal,1,4,1.9097,4222.505,3.007,84745016,7342080
SchulzGrammar,semi-adaptive,BigDecimal,1,5,2.1122,9151.157,5.568,168274544,12582912
SchulzGrammar,semi-adaptive,BigDecimal,1,6,2.0366,4983.682,3.564,95334912,8388608
SchulzGrammar,semi-adaptive,BigDecimal,1,7,1.9719,3279.403,2.678,115951320,7342080
SchulzGrammar,semi-adaptive,BigDecimal,1,8,2.0253,6374.053,4.362,288993904,9439232
SchulzGrammar,semi-adaptive,BigDecimal,1,9,2.0092,4870.197,3.258,78447616,8388608
SchulzGrammar,semi-adaptive,BigDecimal,1,10,1.9469,5461.872,3.702,198830592,9435136
SchulzGrammar,semi-adaptive,BigDecimal,1,11,2.0613,4835.919,3.597,90072576,8388608
SchulzGrammar,semi-adaptive,BigDecimal,1,12,1.9668,3827.390,6.401,44019136,-252708864
SchulzGrammar,semi-adaptive,BigDecimal,1,13,2.1754,5617.800,4.023,81955328,10485760
SchulzGrammar,semi-adaptive,BigDecimal,1,14,1.8699,7115.211,5.210,220771032,10485760
SchulzGrammar,semi-adaptive,BigDecimal,1,15,1.9365,3636.635,3.163,48496736,7337984
SchulzGrammar,semi-adaptive,BigDecimal,1,16,1.8053,196.592,0.214,961968,0
SchulzGrammar,semi-adaptive,BigDecimal,1,17,1.8639,3685.966,9.506,-96441240,4781784
SchulzGrammar,semi-adaptive,BigDecimal,1,18,2.1619,6406.565,5.384,-64150200,10485760
SchulzGrammar,semi-adaptive,BigDecimal,1,19,1.9965,3457.764,3.042,-128361128,6291456
SchulzGrammar,semi-adaptive,BigDecimal,1,20,2.1781,4688.617,3.982,194338312,9439232
SchulzGrammar,semi-adaptive,BigDecimal,1,21,2.0360,5297.664,3.957,-188485848,8388608
SchulzGrammar,semi-adaptive,BigDecimal,1,22,2.1704,4336.250,4.927,133297544,7342080
SchulzGrammar,semi-adaptive,BigDecimal,1,23,2.1394,5220.243,4.614,375368192,8388608
SchulzGrammar,semi-adaptive,BigDecimal,1,24,2.0129,1749.144,2.356,86058512,5244928
SchulzGrammar,semi-adaptive,BigDecimal,1,25,2.1197,3202.610,2.695,79545744,6291456
SchulzGrammar,semi-adaptive,BigDecimal,1,26,1.9314,4026.504,2.836,83291248,7337984
SchulzGrammar,semi-adaptive,BigDecimal,1,27,1.7670,149.567,0.176,24579336,499880
SchulzGrammar,semi-adaptive,BigDecimal,1,28,2.0568,8333.449,4.935,198941584,11913416
SchulzGrammar,semi-adaptive,BigDecimal,1,29,2.1479,4283.476,3.471,91642544,9439232
SchulzGrammar,semi-adaptive,BigDecimal,1,30,1.7460,990.635,1.393,41363712,3147776
SchulzGrammar,semi-adaptive,BigDecimal,1,31,2.1646,2050.621,2.301,-19176480,6291456
SchulzGrammar,semi-adaptive,BigDecimal,1,32,2.0249,3272.042,2.888,110425416,7342080
SchulzGrammar,semi-adaptive,BigDecimal,1,33,1.7260,60.554,0.105,13117936,0
SchulzGrammar,semi-adaptive,BigDecimal,1,34,1.9742,6181.085,4.645,-237671304,9435136
SchulzGrammar,semi-adaptive,BigDecimal,1,35,1.8622,4357.101,2.793,69942248,7342080
SchulzGrammar,semi-adaptive,BigDecimal,1,36,2.0484,6130.607,25.635,-246778112,7561728
SchulzGrammar,semi-adaptive,BigDecimal,1,37,2.0763,6443.569,4.198,150988992,9435136
SchulzGrammar,semi-adaptive,BigDecimal,1,38,2.0054,6924.679,4.371,26724312,10485760
SchulzGrammar,semi-adaptive,BigDecimal,2,1,2.3377,4087.225,4.269,168815376,-78639744
SchulzGrammar,semi-adaptive,BigDecimal,2,2,2.0473,3019.351,2.885,147973120,6291456
SchulzGrammar,semi-adaptive,BigDecimal,2,3,2.0284,6302.719,4.027,-253363744,9435136
SchulzGrammar,semi-adaptive,BigDecimal,2,4,1.9097,4215.625,3.546,112114824,7342080
SchulzGrammar,semi-adaptive,BigDecimal,2,5,2.1122,8926.833,5.589,-84525456,11320760
SchulzGrammar,semi-adaptive,BigDecimal,2,6,2.0366,4954.247,5.058,128930448,-274348032
SchulzGrammar,semi-adaptive,BigDecimal,2,7,1.9719,3233.964,3.075,-149723496,7342080
SchulzGrammar,semi-adaptive,BigDecimal,2,8,2.0253,6344.407,6.037,13297704,9439232
SchulzGrammar,semi-adaptive,BigDecimal,2,9,2.0092,4750.087,3.398,82638336,8388608
SchulzGrammar,semi-adaptive,BigDecimal,2,10,1.9469,5560.790,4.411,193474560,9435136
SchulzGrammar,semi-adaptive,BigDecimal,2,11,2.0613,4915.980,3.702,218105856,8850832
SchulzGrammar,semi-adaptive,BigDecimal,2,12,1.9668,3905.644,2.939,74164184,7337984
SchulzGrammar,semi-adaptive,BigDecimal,2,13,2.1754,5829.804,3.899,82566928,9437184
SchulzGrammar,semi-adaptive,BigDecimal,2,14,1.8699,7251.434,4.130,53000392,10485760
SchulzGrammar,semi-adaptive,BigDecimal,2,15,1.9365,3784.620,3.107,46152880,6291456
SchulzGrammar,semi-adaptive,BigDecimal,2,16,1.8053,218.156,0.218,30945632,333928
SchulzGrammar,semi-adaptive,BigDecimal,2,17,1.8639,3650.266,2.970,-44230160,6715544
SchulzGrammar,semi-adaptive,BigDecimal,2,18,2.1619,6338.321,5.612,-72290840,10485760
SchulzGrammar,semi-adaptive,BigDecimal,2,19,1.9965,3539.550,2.582,92259448,6291456
SchulzGrammar,semi-adaptive,BigDecimal,2,20,2.1781,4751.359,4.187,195551680,9439232
SchulzGrammar,semi-adaptive,BigDecimal,2,21,2.0360,5183.676,3.580,143643712,8388608
SchulzGrammar,semi-adaptive,BigDecimal,2,22,2.1704,4247.624,3.513,19983840,7676608
SchulzGrammar,semi-adaptive,BigDecimal,2,23,2.1394,5260.822,4.099,-221876624,8388240
SchulzGrammar,semi-adaptive,BigDecimal,2,24,2.0129,1821.125,2.066,-54944192,5244928
SchulzGrammar,semi-adaptive,BigDecimal,2,25,2.1197,3229.770,3.139,34400952,6291456
SchulzGrammar,semi-adaptive,BigDecimal,2,26,1.9314,4110.067,3.790,73732096,7337984
SchulzGrammar,semi-adaptive,BigDecimal,2,27,1.7670,150.151,0.178,24579208,469176
SchulzGrammar,semi-adaptive,BigDecimal,2,28,2.0568,8372.818,11.715,187621384,14682960
SchulzGrammar,semi-adaptive,BigDecimal,2,29,2.1479,4146.062,3.954,-102405632,9439232
SchulzGrammar,semi-adaptive,BigDecimal,2,30,1.7460,974.661,1.365,37292288,3147776
SchulzGrammar,semi-adaptive,BigDecimal,2,31,2.1646,1971.396,2.586,-19447448,6291456
SchulzGrammar,semi-adaptive,BigDecimal,2,32,2.0249,3227.197,3.367,70499896,7342080
SchulzGrammar,semi-adaptive,BigDecimal,2,33,1.7260,58.920,0.106,8059384,0
SchulzGrammar,semi-adaptive,BigDecimal,2,34,1.9742,6341.932,8.776,207221752,6038224
SchulzGrammar,semi-adaptive,BigDecimal,2,35,1.8622,4375.474,2.988,-161381432,7342080
SchulzGrammar,semi-adaptive,BigDecimal,2,36,2.0484,6191.674,4.532,43589400,9435136
SchulzGrammar,semi-adaptive,BigDecimal,2,37,2.0763,6461.185,4.019,197483208,8388608
SchulzGrammar,semi-adaptive,BigDecimal,2,38,2.0054,7009.456,4.383,24643424,10485760
SchulzGrammar,semi-adaptive,BigDecimal,3,1,2.3377,4047.462,3.679,128021040,9439232
SchulzGrammar,semi-adaptive,BigDecimal,3,2,2.0473,2863.248,2.374,38613016,6292760
SchulzGrammar,semi-adaptive,BigDecimal,3,3,2.0284,6332.759,3.966,91093008,9310192
SchulzGrammar,semi-adaptive,BigDecimal,3,4,1.9097,4147.978,3.036,97086464,7342080
SchulzGrammar,semi-adaptive,BigDecimal,3,5,2.1122,8884.057,5.443,40039984,11532288
SchulzGrammar,semi-adaptive,BigDecimal,3,6,2.0366,4793.638,3.526,86957056,8388608
SchulzGrammar,semi-adaptive,BigDecimal,3,7,1.9719,3141.983,2.656,116380784,7342080
SchulzGrammar,semi-adaptive,BigDecimal,3,8,2.0253,6197.930,4.918,96726776,9439232
SchulzGrammar,semi-adaptive,BigDecimal,3,9,2.0092,4845.838,3.895,41859768,8388608
SchulzGrammar,semi-adaptive,BigDecimal,3,10,1.9469,5605.044,47.370,124771144,-8053464
SchulzGrammar,semi-adaptive,BigDecimal,3,11,2.0613,4782.433,4.165,119761360,8388608
SchulzGrammar,semi-adaptive,BigDecimal,3,12,1.9668,3759.542,2.929,88429328,7337984
SchulzGrammar,semi-adaptive,BigDecimal,3,13,2.1754,5476.441,4.862,83659776,10485760
SchulzGrammar,semi-adaptive,BigDecimal,3,14,1.8699,7020.386,4.119,86975488,10485760
SchulzGrammar,semi-adaptive,BigDecimal,3,15,1.9365,3651.608,2.943,13362064,7337984
SchulzGrammar,semi-adaptive,BigDecimal,3,16,1.8053,203.814,0.275,30794200,334184
SchulzGrammar,semi-adaptive,BigDecimal,3,17,1.8639,3531.368,2.586,100503840,6291456
SchulzGrammar,semi-adaptive,BigDecimal,3,18,2.1619,6093.903,5.356,25492112,10485760
SchulzGrammar,semi-adaptive,BigDecimal,3,19,1.9965,3360.126,2.881,210761728,6291456
SchulzGrammar,semi-adaptive,BigDecimal,3,20,2.1781,4548.444,4.253,193042176,9439232
SchulzGrammar,semi-adaptive,BigDecimal,3,21,2.0360,5133.928,3.368,63415704,8388608
SchulzGrammar,semi-adaptive,BigDecimal,3,22,2.1704,4201.670,3.599,137775592,8388608
SchulzGrammar,semi-adaptive,BigDecimal,3,23,2.1394,5105.863,4.337,205158560,8388608
SchulzGrammar,semi-adaptive,BigDecimal,3,24,2.0129,1694.555,2.354,85529200,5244928
SchulzGrammar,semi-adaptive,BigDecimal,3,25,2.1197,3152.017,2.686,141559808,6291456
SchulzGrammar,semi-adaptive,BigDecimal,3,26,1.9314,3890.951,2.889,79805568,7337984
SchulzGrammar,semi-adaptive,BigDecimal,3,27,1.7670,157.857,0.188,25656968,594016
SchulzGrammar,semi-adaptive,BigDecimal,3,28,2.0568,8090.154,5.000,35709440,11532288
SchulzGrammar,semi-adaptive,BigDecimal,3,29,2.1479,4082.002,3.405,-168702312,9438592
SchulzGrammar,semi-adaptive,BigDecimal,3,30,1.7460,927.446,1.172,87709232,2184104
SchulzGrammar,semi-adaptive,BigDecimal,3,31,2.1646,1980.517,1.958,111766192,6291040
SchulzGrammar,semi-adaptive,BigDecimal,3,32,2.0249,3065.849,3.046,36223888,7342080
SchulzGrammar,semi-adaptive,BigDecimal,3,33,1.7260,59.715,0.105,9863440,0
SchulzGrammar,semi-adaptive,BigDecimal,3,34,1.9742,5956.413,3.843,262024832,9435136
SchulzGrammar,semi-adaptive,BigDecimal,3,35,1.8622,4239.310,2.856,77719552,6291456
SchulzGrammar,semi-adaptive,BigDecimal,3,36,2.0484,6263.075,3.939,160177416,9439232
SchulzGrammar,semi-adaptive,BigDecimal,3,37,2.0763,6225.513,4.509,194993240,9308960
SchulzGrammar,semi-adaptive,BigDecimal,3,38,2.0054,6864.451,4.551,-172897504,10485760
SchulzGrammar,semi-adaptive,BigDecimal,4,1,2.3377,3982.283,4.171,213913400,8388608
SchulzGrammar,semi-adaptive,BigDecimal,4,2,2.0473,2860.210,3.014,29076384,6291456
SchulzGrammar,semi-adaptive,BigDecimal,4,3,2.0284,6092.143,3.939,382194176,9225776
SchulzGrammar,semi-adaptive,BigDecimal,4,4,1.9097,4075.233,2.999,85769008,7342080
SchulzGrammar,semi-adaptive,BigDecimal,4,5,2.1122,8866.427,6.211,-111335544,11532288
SchulzGrammar,semi-adaptive,BigDecimal,4,6,2.0366,4827.479,3.567,105646336,9435136
SchulzGrammar,semi-adaptive,BigDecimal,4,7,1.9719,3165.903,2.639,122556976,7342080
SchulzGrammar,semi-adaptive,BigDecimal,4,8,2.0253,6241.428,4.502,207792568,9439232
SchulzGrammar,semi-adaptive,BigDecimal,4,9,2.0092,4709.445,3.278,80952320,8388608
SchulzGrammar,semi-adaptive,BigDecimal,4,10,1.9469,5382.655,4.287,89191008,9435136
SchulzGrammar,semi-adaptive,BigDecimal,4,11,2.0613,4686.697,3.584,99277824,8388608
SchulzGrammar,semi-adaptive,BigDecimal,4,12,1.9668,3743.931,2.967,78206968,7337984
SchulzGrammar,semi-adaptive,BigDecimal,4,13,2.1754,5438.381,3.862,89508864,10485760
SchulzGrammar,semi-adaptive,BigDecimal,4,14,1.8699,7411.068,4.122,-191717840,10485760
SchulzGrammar,semi-adaptive,BigDecimal,4,15,1.9365,3695.476,8.917,41763344,4924296
SchulzGrammar,semi-adaptive,BigDecimal,4,16,1.8053,195.987,0.210,3897240,0
SchulzGrammar,semi-adaptive,BigDecimal,4,17,1.8639,3584.519,2.571,-144707728,7170288
SchulzGrammar,semi-adaptive,BigDecimal,4,18,2.1619,6173.880,5.405,-95516976,10485760
SchulzGrammar,semi-adaptive,BigDecimal,4,19,1.9965,3522.213,3.102,-167518992,6291456
SchulzGrammar,semi-adaptive,BigDecimal,4,20,2.1781,5082.282,4.546,180342280,8388608
SchulzGrammar,semi-adaptive,BigDecimal,4,21,2.0360,5489.406,3.393,197381744,8388608
SchulzGrammar,semi-adaptive,BigDecimal,4,22,2.1704,4491.875,3.504,126223216,8388608
SchulzGrammar,semi-adaptive,BigDecimal,4,23,2.1394,5166.047,4.378,82963392,8388608
SchulzGrammar,semi-adaptive,BigDecimal,4,24,2.0129,1747.185,2.374,50741248,5244928
SchulzGrammar,semi-adaptive,BigDecimal,4,25,2.1197,3239.499,3.164,120588288,6291456
SchulzGrammar,semi-adaptive,BigDecimal,4,26,1.9314,3988.878,2.865,74862768,7337984
SchulzGrammar,semi-adaptive,BigDecimal,4,27,1.7670,154.057,0.176,1678600,466632
SchulzGrammar,semi-adaptive,BigDecimal,4,28,2.0568,8281.804,5.032,217612656,11746048
SchulzGrammar,semi-adaptive,BigDecimal,4,29,2.1479,4483.402,4.591,96166464,9439232
SchulzGrammar,semi-adaptive,BigDecimal,4,30,1.7460,1019.110,1.182,36242208,3358592
SchulzGrammar,semi-adaptive,BigDecimal,4,31,2.1646,2062.480,2.577,102342704,6291456
SchulzGrammar,semi-adaptive,BigDecimal,4,32,2.0249,3137.144,3.101,126527712,7342080
SchulzGrammar,semi-adaptive,BigDecimal,4,33,1.7260,59.384,0.107,8478200,166720
SchulzGrammar,semi-adaptive,BigDecimal,4,34,1.9742,6034.225,6.969,164021528,7550408
SchulzGrammar,semi-adaptive,BigDecimal,4,35,1.8622,4220.089,3.215,64343952,7337984
SchulzGrammar,semi-adaptive,BigDecimal,4,36,2.0484,6081.617,5.162,-102064048,9016312
SchulzGrammar,semi-adaptive,BigDecimal,4,37,2.0763,6611.476,4.586,-246021688,8388608
SchulzGrammar,semi-adaptive,BigDecimal,4,38,2.0054,6929.450,5.051,-181618040,11532288
SchulzGrammar,semi-adaptive,BigDecimal,5,1,2.3377,4008.668,4.168,238721960,8388608
SchulzGrammar,semi-adaptive,BigDecimal,5,2,2.0473,2833.209,2.395,74883720,6291456
SchulzGrammar,semi-adaptive,BigDecimal,5,3,2.0284,6080.067,4.006,219805088,9643312
SchulzGrammar,semi-adaptive,BigDecimal,5,4,1.9097,4039.198,3.020,250607616,7342080
SchulzGrammar,semi-adaptive,BigDecimal,5,5,2.1122,9428.151,7.337,262564432,12582912
SchulzGrammar,semi-adaptive,BigDecimal,5,6,2.0366,5032.387,3.607,211971584,8388608
SchulzGrammar,semi-adaptive,BigDecimal,5,7,1.9719,3243.718,3.554,113955432,7342080
SchulzGrammar,semi-adaptive,BigDecimal,5,8,2.0253,6371.280,11.912,32522216,5559152
SchulzGrammar,semi-adaptive,BigDecimal,5,9,2.0092,4756.922,3.195,93182464,8388608
SchulzGrammar,semi-adaptive,BigDecimal,5,10,1.9469,5441.013,4.293,204919552,9435136
SchulzGrammar,semi-adaptive,BigDecimal,5,11,2.0613,4807.305,3.715,70775104,8388608
SchulzGrammar,semi-adaptive,BigDecimal,5,12,1.9668,3794.181,2.937,84618184,7337984
SchulzGrammar,semi-adaptive,BigDecimal,5,13,2.1754,5523.844,11.756,-206953248,5328496
SchulzGrammar,semi-adaptive,BigDecimal,5,14,1.8699,7165.947,4.263,-171078424,10485760
SchulzGrammar,semi-adaptive,BigDecimal,5,15,1.9365,3687.083,2.526,125335552,7337984
SchulzGrammar,semi-adaptive,BigDecimal,5,16,1.8053,215.639,0.229,32000200,0
SchulzGrammar,semi-adaptive,BigDecimal,5,17,1.8639,3601.679,2.703,221070336,6291456
SchulzGrammar,semi-adaptive,BigDecimal,5,18,2.1619,6193.234,5.427,-256111872,10485760
SchulzGrammar,semi-adaptive,BigDecimal,5,19,1.9965,3465.458,3.035,212858880,6291456
SchulzGrammar,semi-adaptive,BigDecimal,5,20,2.1781,4623.651,16.779,116059048,518144
SchulzGrammar,semi-adaptive,BigDecimal,5,21,2.0360,5184.640,3.395,-88373872,8388608
SchulzGrammar,semi-adaptive,BigDecimal,5,22,2.1704,4268.133,3.462,304069840,8388608
SchulzGrammar,semi-adaptive,BigDecimal,5,23,2.1394,5227.674,3.777,246169544,8388608
SchulzGrammar,semi-adaptive,BigDecimal,5,24,2.0129,1777.334,2.137,-67028768,5244928
SchulzGrammar,semi-adaptive,BigDecimal,5,25,2.1197,3162.617,2.684,79768416,6291456
SchulzGrammar,semi-adaptive,BigDecimal,5,26,1.9314,4023.896,2.897,165677056,7337984
SchulzGrammar,semi-adaptive,BigDecimal,5,27,1.7670,172.337,0.177,24579040,500512
SchulzGrammar,semi-adaptive,BigDecimal,5,28,2.0568,9434.084,4.907,186924048,12582912
SchulzGrammar,semi-adaptive,BigDecimal,5,29,2.1479,4201.095,3.376,35383512,8388632
SchulzGrammar,semi-adaptive,BigDecimal,5,30,1.7460,953.805,1.382,44575776,3147776
SchulzGrammar,semi-adaptive,BigDecimal,5,31,2.1646,2056.446,2.308,-56258520,6291456
SchulzGrammar,semi-adaptive,BigDecimal,5,32,2.0249,3196.521,2.656,144042496,7342080
SchulzGrammar,semi-adaptive,BigDecimal,5,33,1.7260,59.891,0.109,12951880,0
SchulzGrammar,semi-adaptive,BigDecimal,5,34,1.9742,6132.583,18.516,154617456,1568856
SchulzGrammar,semi-adaptive,BigDecimal,5,35,1.8622,4169.785,2.812,63538568,6291456
SchulzGrammar,semi-adaptive,BigDecimal,5,36,2.0484,6196.251,3.876,146460952,8388608
SchulzGrammar,semi-adaptive,BigDecimal,5,37,2.0763,6607.474,4.723,-254165472,8388608
SchulzGrammar,semi-adaptive,BigDecimal,5,38,2.0054,7055.442,4.566,26023936,10485760
SchulzGrammar,semi-adaptive,Nayuki,1,1,2.4918,3918.430,0.182,182615000,0
SchulzGrammar,semi-adaptive,Nayuki,1,2,2.3273,2809.705,0.136,105378472,0
SchulzGrammar,semi-adaptive,Nayuki,1,3,2.2500,6053.044,0.302,32558640,0
SchulzGrammar,semi-adaptive,Nayuki,1,4,2.1161,4167.460,0.190,190423744,0
SchulzGrammar,semi-adaptive,Nayuki,1,5,2.2544,8780.583,0.359,-270267392,0
SchulzGrammar,semi-adaptive,Nayuki,1,6,2.2439,4825.733,0.223,-31366864,1046528
SchulzGrammar,semi-adaptive,Nayuki,1,7,2.2175,3149.821,0.190,113253368,0
SchulzGrammar,semi-adaptive,Nayuki,1,8,2.2247,6391.861,0.263,29769216,0
SchulzGrammar,semi-adaptive,Nayuki,1,9,2.1840,4830.368,0.210,213075456,0
SchulzGrammar,semi-adaptive,Nayuki,1,10,2.1475,5349.573,0.266,227884256,0
SchulzGrammar,semi-adaptive,Nayuki,1,11,2.2577,4385.546,0.511,208668672,0
SchulzGrammar,semi-adaptive,Nayuki,1,12,2.1794,3791.278,0.208,-119278760,0
SchulzGrammar,semi-adaptive,Nayuki,1,13,2.3392,5425.914,0.320,-42232120,1046528
SchulzGrammar,semi-adaptive,Nayuki,1,14,2.0596,6976.687,0.330,-3434656,1050624
SchulzGrammar,semi-adaptive,Nayuki,1,15,2.1940,3386.125,0.152,176160768,0
SchulzGrammar,semi-adaptive,Nayuki,1,16,2.1947,197.335,0.059,-182656,333952
SchulzGrammar,semi-adaptive,Nayuki,1,17,2.0952,3639.254,0.187,-127065600,0
SchulzGrammar,semi-adaptive,Nayuki,1,18,2.3864,6048.612,0.353,248731136,0
SchulzGrammar,semi-adaptive,Nayuki,1,19,2.2422,3334.161,0.197,114276504,0
SchulzGrammar,semi-adaptive,Nayuki,1,20,2.3500,4632.177,0.248,205538816,0
SchulzGrammar,semi-adaptive,Nayuki,1,21,2.2102,5063.762,0.230,-195887232,0
SchulzGrammar,semi-adaptive,Nayuki,1,22,2.3408,4158.120,0.252,191173608,1050624
SchulzGrammar,semi-adaptive,Nayuki,1,23,2.3030,4916.573,0.259,222561792,0
SchulzGrammar,semi-adaptive,Nayuki,1,24,2.2414,1714.177,0.133,-85455256,0
SchulzGrammar,semi-adaptive,Nayuki,1,25,2.3099,3221.769,0.231,101551072,0
SchulzGrammar,semi-adaptive,Nayuki,1,26,2.1699,3658.747,0.174,183498752,0
SchulzGrammar,semi-adaptive,Nayuki,1,27,2.2524,160.663,0.036,-3696896,0
SchulzGrammar,semi-adaptive,Nayuki,1,28,2.2326,7340.267,0.356,293601280,0
SchulzGrammar,semi-adaptive,Nayuki,1,29,2.3923,4166.176,0.184,-854728,0
SchulzGrammar,semi-adaptive,Nayuki,1,30,2.0741,931.915,0.097,25691648,0
SchulzGrammar,semi-adaptive,Nayuki,1,31,2.4033,1963.883,0.142,-47513952,0
SchulzGrammar,semi-adaptive,Nayuki,1,32,2.2776,3024.039,0.186,110441152,0
SchulzGrammar,semi-adaptive,Nayuki,1,33,2.3014,57.406,0.031,5120168,0
SchulzGrammar,semi-adaptive,Nayuki,1,34,2.1547,5403.247,0.264,239075328,0
SchulzGrammar,semi-adaptive,Nayuki,1,35,2.1026,4111.101,0.161,185358248,0
SchulzGrammar,semi-adaptive,Nayuki,1,36,2.2564,5981.137,0.288,-2148496,0
SchulzGrammar,semi-adaptive,Nayuki,1,37,2.2825,6361.933,0.311,251658240,1046528
SchulzGrammar,semi-adaptive,Nayuki,1,38,2.2016,6793.413,0.291,38832640,0
SchulzGrammar,semi-adaptive,Nayuki,2,1,2.4918,3689.387,0.184,182452224,0
SchulzGrammar,semi-adaptive,Nayuki,2,2,2.3273,2868.922,0.130,101231480,0
SchulzGrammar,semi-adaptive,Nayuki,2,3,2.2500,6034.873,0.302,134786560,0
SchulzGrammar,semi-adaptive,Nayuki,2,4,2.1161,4045.546,0.194,180886016,0
SchulzGrammar,semi-adaptive,Nayuki,2,5,2.2544,8889.213,0.347,160432128,0
SchulzGrammar,semi-adaptive,Nayuki,2,6,2.2439,4898.970,0.237,152006472,1046528
SchulzGrammar,semi-adaptive,Nayuki,2,7,2.2175,3211.649,0.175,96478488,0
SchulzGrammar,semi-adaptive,Nayuki,2,8,2.2247,5706.528,0.259,248514560,0
SchulzGrammar,semi-adaptive,Nayuki,2,9,2.1840,4919.753,0.210,205522944,0
SchulzGrammar,semi-adaptive,Nayuki,2,10,2.1475,5356.568,0.230,232032256,0
SchulzGrammar,semi-adaptive,Nayuki,2,11,2.2577,4723.066,0.223,211147624,0
SchulzGrammar,semi-adaptive,Nayuki,2,12,2.1794,3776.981,0.204,182454272,0
SchulzGrammar,semi-adaptive,Nayuki,2,13,2.3392,5471.298,0.241,235100672,0
SchulzGrammar,semi-adaptive,Nayuki,2,14,2.0596,6936.717,0.305,29895456,0
SchulzGrammar,semi-adaptive,Nayuki,2,15,2.1940,3619.265,0.154,-140418568,0
SchulzGrammar,semi-adaptive,Nayuki,2,16,2.1947,197.618,0.049,-281336,0
SchulzGrammar,semi-adaptive,Nayuki,2,17,2.0952,3517.935,0.188,29748224,0
SchulzGrammar,semi-adaptive,Nayuki,2,18,2.3864,6825.911,0.343,-209488896,0
SchulzGrammar,semi-adaptive,Nayuki,2,19,2.2422,3333.130,0.190,116427248,0
SchulzGrammar,semi-adaptive,Nayuki,2,20,2.3500,4163.583,0.248,200280064,0
SchulzGrammar,semi-adaptive,Nayuki,2,21,2.2102,5319.531,0.238,-48192840,0
SchulzGrammar,semi-adaptive,Nayuki,2,22,2.3408,4306.668,0.270,142796608,0
SchulzGrammar,semi-adaptive,Nayuki,2,23,2.3030,5000.734,0.258,5986304,0
SchulzGrammar,semi-adaptive,Nayuki,2,24,2.2414,1818.908,0.194,-9272520,0
SchulzGrammar,semi-adaptive,Nayuki,2,25,2.3099,3247.033,0.183,84649192,0
SchulzGrammar,semi-adaptive,Nayuki,2,26,2.1699,3603.692,0.175,183498752,0
SchulzGrammar,semi-adaptive,Nayuki,2,27,2.2524,150.441,0.039,426824,0
SchulzGrammar,semi-adaptive,Nayuki,2,28,2.2326,8378.590,0.352,301989888,0
SchulzGrammar,semi-adaptive,Nayuki,2,29,2.3923,4324.720,0.218,196432384,1050624
SchulzGrammar,semi-adaptive,Nayuki,2,30,2.0741,998.232,0.096,18234368,0
SchulzGrammar,semi-adaptive,Nayuki,2,31,2.4033,2036.353,0.172,-53107096,0
SchulzGrammar,semi-adaptive,Nayuki,2,32,2.2776,3230.383,0.175,80138752,0
SchulzGrammar,semi-adaptive,Nayuki,2,33,2.3014,59.769,0.034,11172840,0
SchulzGrammar,semi-adaptive,Nayuki,2,34,2.1547,6220.710,0.275,-54042624,0
SchulzGrammar,semi-adaptive,Nayuki,2,35,2.1026,4134.382,0.160,145643416,0
SchulzGrammar,semi-adaptive,Nayuki,2,36,2.2564,6194.508,0.257,247463936,0
SchulzGrammar,semi-adaptive,Nayuki,2,37,2.2825,6475.971,0.285,-155795576,0
SchulzGrammar,semi-adaptive,Nayuki,2,38,2.2016,7057.953,0.301,269454872,0
SchulzGrammar,semi-adaptive,Nayuki,3,1,2.4918,3901.492,0.184,182452224,0
SchulzGrammar,semi-adaptive,Nayuki,3,2,2.3273,3205.461,0.135,100084008,0
SchulzGrammar,semi-adaptive,Nayuki,3,3,2.2500,6717.084,0.303,247465984,0
SchulzGrammar,semi-adaptive,Nayuki,3,4,2.1161,4539.236,0.196,192937984,0
SchulzGrammar,semi-adaptive,Nayuki,3,5,2.2544,9820.405,0.341,79021568,0
SchulzGrammar,semi-adaptive,Nayuki,3,6,2.2439,5365.646,0.216,210761728,0
SchulzGrammar,semi-adaptive,Nayuki,3,7,2.2175,3662.681,0.181,98210616,0
SchulzGrammar,semi-adaptive,Nayuki,3,8,2.2247,6898.810,0.274,-2282864,0
SchulzGrammar,semi-adaptive,Nayuki,3,9,2.1840,5314.004,0.213,-50672648,0
SchulzGrammar,semi-adaptive,Nayuki,3,10,2.1475,6083.816,0.229,228300960,0
SchulzGrammar,semi-adaptive,Nayuki,3,11,2.2577,5322.866,0.295,211827536,0
SchulzGrammar,semi-adaptive,Nayuki,3,12,2.1794,4168.748,0.233,172114264,0
SchulzGrammar,semi-adaptive,Nayuki,3,13,2.3392,5778.529,0.236,168223792,0
SchulzGrammar,semi-adaptive,Nayuki,3,14,2.0596,7400.701,0.306,272627712,0
SchulzGrammar,semi-adaptive,Nayuki,3,15,2.1940,4061.310,0.156,182452224,0
SchulzGrammar,semi-adaptive,Nayuki,3,16,2.1947,231.179,0.067,-13307768,0
SchulzGrammar,semi-adaptive,Nayuki,3,17,2.0952,3935.149,0.191,176328192,0
SchulzGrammar,semi-adaptive,Nayuki,3,18,2.3864,6508.909,0.295,245547008,0
SchulzGrammar,semi-adaptive,Nayuki,3,19,2.2422,3570.512,0.190,159344336,0
SchulzGrammar,semi-adaptive,Nayuki,3,20,2.3500,4825.285,0.238,201958448,0
SchulzGrammar,semi-adaptive,Nayuki,3,21,2.2102,5795.842,0.218,28610448,0
SchulzGrammar,semi-adaptive,Nayuki,3,22,2.3408,4676.624,0.223,-1793768,0
SchulzGrammar,semi-adaptive,Nayuki,3,23,2.3030,5547.917,0.269,-132444160,0
SchulzGrammar,semi-adaptive,Nayuki,3,24,2.2414,1925.838,0.138,-65737520,0
SchulzGrammar,semi-adaptive,Nayuki,3,25,2.3099,3500.266,0.183,139923112,0
SchulzGrammar,semi-adaptive,Nayuki,3,26,2.1699,4311.782,0.178,27810208,0
SchulzGrammar,semi-adaptive,Nayuki,3,27,2.2524,167.420,0.037,22398336,0
SchulzGrammar,semi-adaptive,Nayuki,3,28,2.2326,8970.274,0.354,299191432,0
SchulzGrammar,semi-adaptive,Nayuki,3,29,2.3923,4724.962,0.199,191424656,1050624
SchulzGrammar,semi-adaptive,Nayuki,3,30,2.0741,1000.799,0.146,-56427224,0
SchulzGrammar,semi-adaptive,Nayuki,3,31,2.4033,2114.557,0.142,99279872,0
SchulzGrammar,semi-adaptive,Nayuki,3,32,2.2776,3228.407,0.184,92292248,0
SchulzGrammar,semi-adaptive,Nayuki,3,33,2.3014,64.530,0.028,11124984,0
SchulzGrammar,semi-adaptive,Nayuki,3,34,2.1547,6197.110,0.266,-38097920,0
SchulzGrammar,semi-adaptive,Nayuki,3,35,2.1026,4369.497,0.154,187144168,0
SchulzGrammar,semi-adaptive,Nayuki,3,36,2.2564,6616.342,0.278,133048832,0
SchulzGrammar,semi-adaptive,Nayuki,3,37,2.2825,6582.857,0.278,-182375936,0
SchulzGrammar,semi-adaptive,Nayuki,3,38,2.2016,7199.502,0.450,4421192,1046528
SchulzGrammar,semi-adaptive,Nayuki,4,1,2.4918,3791.985,0.184,182452224,0
SchulzGrammar,semi-adaptive,Nayuki,4,2,2.3273,3048.679,0.130,99561968,0
SchulzGrammar,semi-adaptive,Nayuki,4,3,2.2500,6390.592,0.295,28786176,0
SchulzGrammar,semi-adaptive,Nayuki,4,4,2.1161,4270.469,0.195,192380576,0
SchulzGrammar,semi-adaptive,Nayuki,4,5,2.2544,9946.346,0.358,-284088832,0
SchulzGrammar,semi-adaptive,Nayuki,4,6,2.2439,4882.061,0.237,210761728,0
SchulzGrammar,semi-adaptive,Nayuki,4,7,2.2175,3908.648,0.174,-28766120,0
SchulzGrammar,semi-adaptive,Nayuki,4,8,2.2247,7513.316,0.274,130975232,0
SchulzGrammar,semi-adaptive,Nayuki,4,9,2.1840,5096.796,0.221,3282128,0
SchulzGrammar,semi-adaptive,Nayuki,4,10,2.1475,5648.191,0.233,135776856,0
SchulzGrammar,semi-adaptive,Nayuki,4,11,2.2577,5063.660,0.320,214189568,0
SchulzGrammar,semi-adaptive,Nayuki,4,12,2.1794,3631.531,0.199,177211392,0
SchulzGrammar,semi-adaptive,Nayuki,4,13,2.3392,5689.315,0.234,80805376,0
SchulzGrammar,semi-adaptive,Nayuki,4,14,2.0596,7177.933,0.319,-35653632,0
SchulzGrammar,semi-adaptive,Nayuki,4,15,2.1940,3784.728,0.262,177324008,0
SchulzGrammar,semi-adaptive,Nayuki,4,16,2.1947,212.532,0.048,-20180728,0
SchulzGrammar,semi-adaptive,Nayuki,4,17,2.0952,3681.202,0.190,171966464,0
SchulzGrammar,semi-adaptive,Nayuki,4,18,2.3864,6474.024,0.296,-37768192,0
SchulzGrammar,semi-adaptive,Nayuki,4,19,2.2422,3541.286,0.187,166134144,0
SchulzGrammar,semi-adaptive,Nayuki,4,20,2.3500,4323.634,0.248,200280064,0
SchulzGrammar,semi-adaptive,Nayuki,4,21,2.2102,5734.756,0.227,224395264,0
SchulzGrammar,semi-adaptive,Nayuki,4,22,2.3408,4552.482,0.230,191994608,0
SchulzGrammar,semi-adaptive,Nayuki,4,23,2.3030,5486.612,0.259,25201048,0
SchulzGrammar,semi-adaptive,Nayuki,4,24,2.2414,1805.008,0.237,-22898808,0
SchulzGrammar,semi-adaptive,Nayuki,4,25,2.3099,3339.780,0.183,163575808,0
SchulzGrammar,semi-adaptive,Nayuki,4,26,2.1699,4449.259,0.188,2101512,459600
SchulzGrammar,semi-adaptive,Nayuki,4,27,2.2524,174.267,0.036,1235064,0
SchulzGrammar,semi-adaptive,Nayuki,4,28,2.2326,8750.624,0.356,-34602496,0
SchulzGrammar,semi-adaptive,Nayuki,4,29,2.3923,4395.271,0.221,197346816,1050624
SchulzGrammar,semi-adaptive,Nayuki,4,30,2.0741,1011.834,0.100,-13198848,1046528
SchulzGrammar,semi-adaptive,Nayuki,4,31,2.4033,2099.087,0.147,-23082552,0
SchulzGrammar,semi-adaptive,Nayuki,4,32,2.2776,3517.541,0.177,103622064,0
SchulzGrammar,semi-adaptive,Nayuki,4,33,2.3014,79.889,0.039,-1038408,0
SchulzGrammar,semi-adaptive,Nayuki,4,34,2.1547,6304.053,0.259,244407808,0
SchulzGrammar,semi-adaptive,Nayuki,4,35,2.1026,4488.876,0.173,14818840,1046528
SchulzGrammar,semi-adaptive,Nayuki,4,36,2.2564,6326.443,0.282,246444432,0
SchulzGrammar,semi-adaptive,Nayuki,4,37,2.2825,6472.419,0.285,-230315488,0
SchulzGrammar,semi-adaptive,Nayuki,4,38,2.2016,7144.090,0.425,267386880,335048
SchulzGrammar,semi-adaptive,Nayuki,5,1,2.4918,4048.356,0.440,182452224,0
SchulzGrammar,semi-adaptive,Nayuki,5,2,2.3273,2919.600,0.133,148897792,0
SchulzGrammar,semi-adaptive,Nayuki,5,3,2.2500,6166.582,0.307,242223104,0
SchulzGrammar,semi-adaptive,Nayuki,5,4,2.1161,4035.867,0.203,188743680,0
SchulzGrammar,semi-adaptive,Nayuki,5,5,2.2544,10001.990,0.358,-246124544,0
SchulzGrammar,semi-adaptive,Nayuki,5,6,2.2439,5538.208,0.243,218101760,1046528
SchulzGrammar,semi-adaptive,Nayuki,5,7,2.2175,3305.850,0.173,-56011512,0
SchulzGrammar,semi-adaptive,Nayuki,5,8,2.2247,6817.023,0.420,256001536,0
SchulzGrammar,semi-adaptive,Nayuki,5,9,2.1840,5007.865,0.209,213926400,0
SchulzGrammar,semi-adaptive,Nayuki,5,10,2.1475,5635.542,0.237,-7132160,0
SchulzGrammar,semi-adaptive,Nayuki,5,11,2.2577,5036.057,0.227,213911552,0
SchulzGrammar,semi-adaptive,Nayuki,5,12,2.1794,3999.462,0.218,169866304,0
SchulzGrammar,semi-adaptive,Nayuki,5,13,2.3392,6025.973,0.221,-203712752,0
SchulzGrammar,semi-adaptive,Nayuki,5,14,2.0596,7373.556,0.323,-218184648,0
SchulzGrammar,semi-adaptive,Nayuki,5,15,2.1940,3589.847,0.158,176160768,0
SchulzGrammar,semi-adaptive,Nayuki,5,16,2.1947,223.830,0.049,-19547536,0
SchulzGrammar,semi-adaptive,Nayuki,5,17,2.0952,3750.965,0.234,-3181344,0
SchulzGrammar,semi-adaptive,Nayuki,5,18,2.3864,5768.356,0.327,242223104,0
SchulzGrammar,semi-adaptive,Nayuki,5,19,2.2422,3166.991,0.191,164624384,0
SchulzGrammar,semi-adaptive,Nayuki,5,20,2.3500,4309.036,0.257,200280064,0
SchulzGrammar,semi-adaptive,Nayuki,5,21,2.2102,5273.101,0.350,224406528,0
SchulzGrammar,semi-adaptive,Nayuki,5,22,2.3408,4269.868,0.253,191048824,1050624
SchulzGrammar,semi-adaptive,Nayuki,5,23,2.3030,5461.091,0.256,-578048,0
SchulzGrammar,semi-adaptive,Nayuki,5,24,2.2414,2115.397,0.190,-47203872,0
SchulzGrammar,semi-adaptive,Nayuki,5,25,2.3099,3213.298,0.185,158332928,0
SchulzGrammar,semi-adaptive,Nayuki,5,26,2.1699,4359.270,0.239,188741632,1046528
SchulzGrammar,semi-adaptive,Nayuki,5,27,2.2524,169.266,0.038,764240,0
SchulzGrammar,semi-adaptive,Nayuki,5,28,2.2326,8591.165,0.356,-54891008,0
SchulzGrammar,semi-adaptive,Nayuki,5,29,2.3923,4451.467,0.180,196081664,0
SchulzGrammar,semi-adaptive,Nayuki,5,30,2.0741,1000.499,0.098,19644944,0
SchulzGrammar,semi-adaptive,Nayuki,5,31,2.4033,2090.431,0.150,91905248,0
SchulzGrammar,semi-adaptive,Nayuki,5,32,2.2776,3271.765,0.177,106482232,0
SchulzGrammar,semi-adaptive,Nayuki,5,33,2.3014,62.504,0.030,11144760,0
SchulzGrammar,semi-adaptive,Nayuki,5,34,2.1547,6434.126,0.267,-28487040,0
SchulzGrammar,semi-adaptive,Nayuki,5,35,2.1026,4034.451,0.232,190840832,0
SchulzGrammar,semi-adaptive,Nayuki,5,36,2.2564,6538.748,0.278,206720664,0
SchulzGrammar,semi-adaptive,Nayuki,5,37,2.2825,6672.190,0.288,252811776,0
SchulzGrammar,semi-adaptive,Nayuki,5,38,2.2016,7629.199,0.314,-18874368,0
SchulzGrammar,adaptive,BigDecimal,1,1,2.7672,4210.505,28.933,9938136,48234496
SchulzGrammar,adaptive,BigDecimal,1,2,2.6073,3044.613,27.816,185095704,-48809984
SchulzGrammar,adaptive,BigDecimal,1,3,2.4688,6567.925,39.742,456234600,-13604840
SchulzGrammar,adaptive,BigDecimal,1,4,2.4000,4287.438,29.914,43195936,-42187096
SchulzGrammar,adaptive,BigDecimal,1,5,2.5162,9299.702,36.053,451625000,44553208
SchulzGrammar,adaptive,BigDecimal,1,6,2.5305,5105.407,31.750,247563224,-2486712
SchulzGrammar,adaptive,BigDecimal,1,7,2.5018,3342.370,22.930,103339456,41943040
SchulzGrammar,adaptive,BigDecimal,1,8,2.4944,6522.822,34.748,398896968,53479424
SchulzGrammar,adaptive,BigDecimal,1,9,2.4724,4975.153,28.399,294655536,48234496
SchulzGrammar,adaptive,BigDecimal,1,10,2.4218,5620.901,26.717,21990304,49285120
SchulzGrammar,adaptive,BigDecimal,1,11,2.5215,5400.168,26.445,341070496,47187968
SchulzGrammar,adaptive,BigDecimal,1,12,2.4917,4115.751,47.648,231130856,46137344
SchulzGrammar,adaptive,BigDecimal,1,13,2.6053,6052.331,37.275,377391448,-212808432
SchulzGrammar,adaptive,BigDecimal,1,14,2.2818,7526.956,36.940,287035192,-29303936
SchulzGrammar,adaptive,BigDecimal,1,15,2.4582,3976.630,20.811,219499320,38795264
SchulzGrammar,adaptive,BigDecimal,1,16,2.5487,228.110,8.466,47487832,13595784
SchulzGrammar,adaptive,BigDecimal,1,17,2.3265,3801.731,32.143,220520880,47187968
SchulzGrammar,adaptive,BigDecimal,1,18,2.6364,6544.709,33.854,350312552,61863936
SchulzGrammar,adaptive,BigDecimal,1,19,2.4740,3712.649,31.564,210085752,-14648720
SchulzGrammar,adaptive,BigDecimal,1,20,2.5563,4972.131,31.604,263353040,56623104
SchulzGrammar,adaptive,BigDecimal,1,21,2.4384,5515.009,38.338,49299960,-44568896
SchulzGrammar,adaptive,BigDecimal,1,22,2.5627,4501.390,30.868,17897648,23068112
SchulzGrammar,adaptive,BigDecimal,1,23,2.5152,5387.384,36.300,258798928,58720256
SchulzGrammar,adaptive,BigDecimal,1,24,2.5216,1897.091,19.496,147893456,35651584
SchulzGrammar,adaptive,BigDecimal,1,25,2.5739,3434.437,31.969,6339944,-41968648
SchulzGrammar,adaptive,BigDecimal,1,26,2.4477,4343.405,29.366,10275608,-44044936
SchulzGrammar,adaptive,BigDecimal,1,27,2.5437,192.513,5.700,36466040,10146032
SchulzGrammar,adaptive,BigDecimal,1,28,2.4548,8917.162,44.819,7556736,-13557816
SchulzGrammar,adaptive,BigDecimal,1,29,2.6399,4539.751,29.392,206681696,-44579000
SchulzGrammar,adaptive,BigDecimal,1,30,2.3598,1045.055,19.878,12478728,12635720
SchulzGrammar,adaptive,BigDecimal,1,31,2.6790,2138.625,23.232,147390160,-54498304
SchulzGrammar,adaptive,BigDecimal,1,32,2.5231,3509.845,29.040,173207720,17931208
SchulzGrammar,adaptive,BigDecimal,1,33,2.6712,93.588,4.877,14118048,8388272
SchulzGrammar,adaptive,BigDecimal,1,34,2.3696,6359.608,42.070,273460760,-252836688
SchulzGrammar,adaptive,BigDecimal,1,35,2.3718,4580.511,24.005,291802144,26939296
SchulzGrammar,adaptive,BigDecimal,1,36,2.4957,6434.673,35.009,277433464,-356972008
SchulzGrammar,adaptive,BigDecimal,1,37,2.5113,6434.065,39.645,344219128,-9652976
SchulzGrammar,adaptive,BigDecimal,1,38,2.4469,7202.113,41.341,293813040,-463780096
SchulzGrammar,adaptive,BigDecimal,2,1,2.7672,4217.026,29.804,242192960,48234496
SchulzGrammar,adaptive,BigDecimal,2,2,2.6073,3144.525,28.547,185729888,36698112
SchulzGrammar,adaptive,BigDecimal,2,3,2.4688,6923.802,44.222,6137688,-61454896
SchulzGrammar,adaptive,BigDecimal,2,4,2.4000,4464.749,26.831,202323016,-19879720
SchulzGrammar,adaptive,BigDecimal,2,5,2.5162,9292.481,39.671,426189688,63965184
SchulzGrammar,adaptive,BigDecimal,2,6,2.5305,5142.202,34.739,6137144,45596992
SchulzGrammar,adaptive,BigDecimal,2,7,2.5018,3819.857,23.939,99163496,41943040
SchulzGrammar,adaptive,BigDecimal,2,8,2.4944,6535.036,28.567,275467928,53479424
SchulzGrammar,adaptive,BigDecimal,2,9,2.4724,5223.720,29.842,245801536,48234496
SchulzGrammar,adaptive,BigDecimal,2,10,2.4218,5642.874,33.180,2387304,25905112
SchulzGrammar,adaptive,BigDecimal,2,11,2.5215,5081.451,30.429,26686792,9909616
SchulzGrammar,adaptive,BigDecimal,2,12,2.4917,3978.158,28.807,123127432,45086720
SchulzGrammar,adaptive,BigDecimal,2,13,2.6053,5802.733,36.677,290364368,51382272
SchulzGrammar,adaptive,BigDecimal,2,14,2.2818,7382.731,35.876,356112272,-30428440
SchulzGrammar,adaptive,BigDecimal,2,15,2.4582,3944.310,29.093,200989240,5203864
SchulzGrammar,adaptive,BigDecimal,2,16,2.5487,223.014,14.076,47681648,-19646960
SchulzGrammar,adaptive,BigDecimal,2,17,2.3265,3847.603,30.511,185984072,47187968
SchulzGrammar,adaptive,BigDecimal,2,18,2.6364,6313.822,33.793,359917432,61863936
SchulzGrammar,adaptive,BigDecimal,2,19,2.4740,3597.699,28.474,148085016,48234496
SchulzGrammar,adaptive,BigDecimal,2,20,2.5563,4783.304,34.626,257981144,27383544
SchulzGrammar,adaptive,BigDecimal,2,21,2.4384,5482.893,42.728,26067832,-16725456
SchulzGrammar,adaptive,BigDecimal,2,22,2.5627,4651.230,33.771,247210160,52428800
SchulzGrammar,adaptive,BigDecimal,2,23,2.5152,5374.718,37.267,346818128,-466446120
SchulzGrammar,adaptive,BigDecimal,2,24,2.5216,1917.338,22.154,114870880,-43120256
SchulzGrammar,adaptive,BigDecimal,2,25,2.5739,3416.295,26.487,91580336,44040192
SchulzGrammar,adaptive,BigDecimal,2,26,2.4477,4241.104,23.010,161533488,44040192
SchulzGrammar,adaptive,BigDecimal,2,27,2.5437,173.544,5.704,37078976,9888112
SchulzGrammar,adaptive,BigDecimal,2,28,2.4548,8653.710,37.258,398483744,67108864
SchulzGrammar,adaptive,BigDecimal,2,29,2.6399,4443.140,25.132,137377600,44040192
SchulzGrammar,adaptive,BigDecimal,2,30,2.3598,1051.390,18.052,90121424,29360128
SchulzGrammar,adaptive,BigDecimal,2,31,2.6790,2180.496,25.587,139146360,-116824544
SchulzGrammar,adaptive,BigDecimal,2,32,2.5231,3333.740,40.000,65984128,-103759264
SchulzGrammar,adaptive,BigDecimal,2,33,2.6712,79.485,5.021,12443584,8211336
SchulzGrammar,adaptive,BigDecimal,2,34,2.3696,6276.656,35.829,301064736,54525952
SchulzGrammar,adaptive,BigDecimal,2,35,2.3718,4456.354,22.099,5852072,39845888
SchulzGrammar,adaptive,BigDecimal,2,36,2.4957,6440.334,42.993,47117008,-58639896
SchulzGrammar,adaptive,BigDecimal,2,37,2.5113,6622.664,43.070,23947192,-36682504
SchulzGrammar,adaptive,BigDecimal,2,38,2.4469,7500.467,35.785,321058744,-23293752
SchulzGrammar,adaptive,BigDecimal,3,1,2.7672,4334.000,28.664,201541152,48234496
SchulzGrammar,adaptive,BigDecimal,3,2,2.6073,3089.161,20.536,186218464,36698112
SchulzGrammar,adaptive,BigDecimal,3,3,2.4688,6605.872,33.516,446938352,-11200112
SchulzGrammar,adaptive,BigDecimal,3,4,2.4000,4246.515,25.460,38168496,45090816
SchulzGrammar,adaptive,BigDecimal,3,5,2.5162,9336.858,45.292,14910880,-58309784
SchulzGrammar,adaptive,BigDecimal,3,6,2.5305,5184.586,28.232,276081664,49281024
SchulzGrammar,adaptive,BigDecimal,3,7,2.5018,3482.637,23.487,127883992,41943040
SchulzGrammar,adaptive,BigDecimal,3,8,2.4944,6787.205,28.627,267291456,53479424
SchulzGrammar,adaptive,BigDecimal,3,9,2.4724,4868.277,27.636,249911912,48234496
SchulzGrammar,adaptive,BigDecimal,3,10,2.4218,5418.129,25.704,358553344,49285120
SchulzGrammar,adaptive,BigDecimal,3,11,2.5215,4806.114,28.619,255632784,47187968
SchulzGrammar,adaptive,BigDecimal,3,12,2.4917,3789.480,29.100,116265000,-156237120
SchulzGrammar,adaptive,BigDecimal,3,13,2.6053,6173.315,28.408,249544256,51382272
SchulzGrammar,adaptive,BigDecimal,3,14,2.2818,7349.457,39.387,345748552,-8573584
SchulzGrammar,adaptive,BigDecimal,3,15,2.4582,3933.310,20.462,198624152,38795264
SchulzGrammar,adaptive,BigDecimal,3,16,2.5487,230.210,10.180,48109904,10958832
SchulzGrammar,adaptive,BigDecimal,3,17,2.3265,3653.845,38.625,39949496,7139680
SchulzGrammar,adaptive,BigDecimal,3,18,2.6364,6208.115,55.019,264594904,-135105048
SchulzGrammar,adaptive,BigDecimal,3,19,2.4740,3401.349,35.805,28288824,4063392
SchulzGrammar,adaptive,BigDecimal,3,20,2.5563,4636.000,30.003,216676632,56623104
SchulzGrammar,adaptive,BigDecimal,3,21,2.4384,5159.691,28.258,19786768,52428800
SchulzGrammar,adaptive,BigDecimal,3,22,2.5627,4213.292,33.731,114478920,-189064864
SchulzGrammar,adaptive,BigDecimal,3,23,2.5152,5381.398,36.890,317486872,-48541176
SchulzGrammar,adaptive,BigDecimal,3,24,2.5216,1975.300,23.527,147775280,35651584
SchulzGrammar,adaptive,BigDecimal,3,25,2.5739,3522.141,28.338,147045296,44040192
SchulzGrammar,adaptive,BigDecimal,3,26,2.4477,4135.573,27.430,7573016,18699936
SchulzGrammar,adaptive,BigDecimal,3,27,2.5437,187.707,5.942,36746880,9972312
SchulzGrammar,adaptive,BigDecimal,3,28,2.4548,8527.862,42.368,52285544,-53431840
SchulzGrammar,adaptive,BigDecimal,3,29,2.6399,4333.995,24.003,130130816,44040192
SchulzGrammar,adaptive,BigDecimal,3,30,2.3598,1015.459,17.914,93177008,28309504
SchulzGrammar,adaptive,BigDecimal,3,31,2.6790,2082.390,31.539,142538944,-49493504
SchulzGrammar,adaptive,BigDecimal,3,32,2.5231,3191.283,30.007,32633088,-32620336
SchulzGrammar,adaptive,BigDecimal,3,33,2.6712,79.711,4.777,11784216,7959088
SchulzGrammar,adaptive,BigDecimal,3,34,2.3696,6197.977,38.744,317482288,-63619200
SchulzGrammar,adaptive,BigDecimal,3,35,2.3718,4360.321,26.085,291617016,-108100624
SchulzGrammar,adaptive,BigDecimal,3,36,2.4957,6220.614,31.548,153453208,56623104
SchulzGrammar,adaptive,BigDecimal,3,37,2.5113,6444.964,31.775,265609200,57669632
SchulzGrammar,adaptive,BigDecimal,3,38,2.4469,7918.118,43.086,341357720,18211528
SchulzGrammar,adaptive,BigDecimal,4,1,2.7672,4460.467,36.744,98620336,-160651432
SchulzGrammar,adaptive,BigDecimal,4,2,2.6073,3345.544,27.166,52760816,-13317656
SchulzGrammar,adaptive,BigDecimal,4,3,2.4688,6824.920,41.057,336526024,59770880
SchulzGrammar,adaptive,BigDecimal,4,4,2.4000,4749.309,38.307,5433088,-48687624
SchulzGrammar,adaptive,BigDecimal,4,5,2.5162,10021.997,46.673,198026272,17668360
SchulzGrammar,adaptive,BigDecimal,4,6,2.5305,5470.427,34.579,34129128,1811704
SchulzGrammar,adaptive,BigDecimal,4,7,2.5018,3552.856,27.099,194018832,41943040
SchulzGrammar,adaptive,BigDecimal,4,8,2.4944,7080.713,29.003,396298456,53479424
SchulzGrammar,adaptive,BigDecimal,4,9,2.4724,5139.410,28.349,262517488,23344304
SchulzGrammar,adaptive,BigDecimal,4,10,2.4218,5795.306,32.801,356655744,49285120
SchulzGrammar,adaptive,BigDecimal,4,11,2.5215,5153.177,30.172,340854752,47187968
SchulzGrammar,adaptive,BigDecimal,4,12,2.4917,4082.465,28.813,147847584,45086720
SchulzGrammar,adaptive,BigDecimal,4,13,2.6053,6124.153,41.436,51352656,-44951136
SchulzGrammar,adaptive,BigDecimal,4,14,2.2818,7588.392,32.991,312310576,59770880
SchulzGrammar,adaptive,BigDecimal,4,15,2.4582,4181.135,25.342,29992296,-45177600
SchulzGrammar,adaptive,BigDecimal,4,16,2.5487,222.272,7.992,46724688,14093360
SchulzGrammar,adaptive,BigDecimal,4,17,2.3265,3820.804,44.199,25072720,3478576
SchulzGrammar,adaptive,BigDecimal,4,18,2.6364,6541.935,40.036,305745128,480608
SchulzGrammar,adaptive,BigDecimal,4,19,2.4740,3687.909,31.977,15652480,-39910840
SchulzGrammar,adaptive,BigDecimal,4,20,2.5563,4935.838,35.097,238245520,35073368
SchulzGrammar,adaptive,BigDecimal,4,21,2.4384,5506.440,42.453,44979232,-42457968
SchulzGrammar,adaptive,BigDecimal,4,22,2.5627,4532.683,30.879,26182200,52428800
SchulzGrammar,adaptive,BigDecimal,4,23,2.5152,5388.581,39.238,284041544,-425240624
SchulzGrammar,adaptive,BigDecimal,4,24,2.5216,1876.669,26.616,117321936,-128924520
SchulzGrammar,adaptive,BigDecimal,4,25,2.5739,3419.413,29.165,180676648,44040192
SchulzGrammar,adaptive,BigDecimal,4,26,2.4477,4262.604,28.156,16670544,-46106784
SchulzGrammar,adaptive,BigDecimal,4,27,2.5437,179.209,6.567,36792744,10059816
SchulzGrammar,adaptive,BigDecimal,4,28,2.4548,8709.723,46.952,12443496,-14601272
SchulzGrammar,adaptive,BigDecimal,4,29,2.6399,4510.963,27.873,248102536,-20942064
SchulzGrammar,adaptive,BigDecimal,4,30,2.3598,1022.890,21.157,16601168,-6321584
SchulzGrammar,adaptive,BigDecimal,4,31,2.6790,2111.560,27.758,139660984,-126364488
SchulzGrammar,adaptive,BigDecimal,4,32,2.5231,3295.521,26.820,9394224,21889280
SchulzGrammar,adaptive,BigDecimal,4,33,2.6712,88.237,4.494,12263256,8388640
SchulzGrammar,adaptive,BigDecimal,4,34,2.3696,6236.751,35.964,281029192,-248074680
SchulzGrammar,adaptive,BigDecimal,4,35,2.3718,4248.735,26.099,8534096,-140000
SchulzGrammar,adaptive,BigDecimal,4,36,2.4957,6073.202,30.954,403103856,56623104
SchulzGrammar,adaptive,BigDecimal,4,37,2.5113,6269.467,39.567,382482912,57669632
SchulzGrammar,adaptive,BigDecimal,4,38,2.4469,6928.070,38.695,310967768,-442656400
SchulzGrammar,adaptive,BigDecimal,5,1,2.7672,4003.997,28.025,199227368,48234496
SchulzGrammar,adaptive,BigDecimal,5,2,2.6073,2864.436,23.417,184383440,36698112
SchulzGrammar,adaptive,BigDecimal,5,3,2.4688,6244.684,33.435,359677200,55813936
SchulzGrammar,adaptive,BigDecimal,5,4,2.4000,4164.446,24.209,123924608,30089744
SchulzGrammar,adaptive,BigDecimal,5,5,2.5162,9040.517,42.704,393013664,590968
SchulzGrammar,adaptive,BigDecimal,5,6,2.5305,4855.633,25.723,171128400,48234496
SchulzGrammar,adaptive,BigDecimal,5,7,2.5018,3252.610,27.332,181265184,-9197952
SchulzGrammar,adaptive,BigDecimal,5,8,2.4944,6253.635,32.839,266706768,-311632736
SchulzGrammar,adaptive,BigDecimal,5,9,2.4724,4810.610,27.598,253850576,48234496
SchulzGrammar,adaptive,BigDecimal,5,10,2.4218,5369.350,25.891,354433320,49285120
SchulzGrammar,adaptive,BigDecimal,5,11,2.5215,4783.490,32.327,261552016,-218455184
SchulzGrammar,adaptive,BigDecimal,5,12,2.4917,3814.624,26.262,220496472,25619168
SchulzGrammar,adaptive,BigDecimal,5,13,2.6053,5528.305,30.370,285352176,51382272
SchulzGrammar,adaptive,BigDecimal,5,14,2.2818,7131.295,39.270,323861888,-23113752
SchulzGrammar,adaptive,BigDecimal,5,15,2.4582,3714.331,23.328,221295504,-21979808
SchulzGrammar,adaptive,BigDecimal,5,16,2.5487,217.378,8.028,25947376,13675192
SchulzGrammar,adaptive,BigDecimal,5,17,2.3265,3605.285,28.172,228275512,47187968
SchulzGrammar,adaptive,BigDecimal,5,18,2.6364,6152.806,37.225,42842232,60817408
SchulzGrammar,adaptive,BigDecimal,5,19,2.4740,3421.530,27.440,87227456,28371744
SchulzGrammar,adaptive,BigDecimal,5,20,2.5563,4930.835,45.747,233034000,55572480
SchulzGrammar,adaptive,BigDecimal,5,21,2.4384,5934.965,27.713,356792520,52428800
SchulzGrammar,adaptive,BigDecimal,5,22,2.5627,4226.467,28.971,327128288,52428800
SchulzGrammar,adaptive,BigDecimal,5,23,2.5152,5087.959,31.166,158289016,58720256
SchulzGrammar,adaptive,BigDecimal,5,24,2.5216,1748.736,19.199,185384304,35651584
SchulzGrammar,adaptive,BigDecimal,5,25,2.5739,3195.993,37.509,36365256,3783712
SchulzGrammar,adaptive,BigDecimal,5,26,2.4477,4009.860,28.519,26476248,-89552584
SchulzGrammar,adaptive,BigDecimal,5,27,2.5437,165.377,9.747,36755920,-18961240
SchulzGrammar,adaptive,BigDecimal,5,28,2.4548,8228.790,39.907,25123376,-19831656
SchulzGrammar,adaptive,BigDecimal,5,29,2.6399,4196.163,25.572,236689672,25265856
SchulzGrammar,adaptive,BigDecimal,5,30,2.3598,994.075,17.467,76932696,-6205832
SchulzGrammar,adaptive,BigDecimal,5,31,2.6790,1975.330,23.913,138477552,-120974952
SchulzGrammar,adaptive,BigDecimal,5,32,2.5231,3093.541,24.577,273983336,45086720
SchulzGrammar,adaptive,BigDecimal,5,33,2.6712,79.600,6.148,15865648,7959608
SchulzGrammar,adaptive,BigDecimal,5,34,2.3696,5995.893,35.474,262858224,-257203480
SchulzGrammar,adaptive,BigDecimal,5,35,2.3718,4223.425,24.209,293615920,39845888
SchulzGrammar,adaptive,BigDecimal,5,36,2.4957,6039.848,53.789,49203296,-56575304
SchulzGrammar,adaptive,BigDecimal,5,37,2.5113,6249.962,31.134,406517840,57669632
SchulzGrammar,adaptive,BigDecimal,5,38,2.4469,6957.696,42.701,187131720,31538320
SchulzGrammar,adaptive,Nayuki,1,1,2.7803,3932.224,0.286,192592904,0
SchulzGrammar,adaptive,Nayuki,1,2,2.6182,2837.057,0.144,159938704,0
SchulzGrammar,adaptive,Nayuki,1,3,2.4773,5997.480,0.302,256438896,0
SchulzGrammar,adaptive,Nayuki,1,4,2.4000,4091.777,0.202,202394368,0
SchulzGrammar,adaptive,Nayuki,1,5,2.5137,8858.417,0.354,332104776,0
SchulzGrammar,adaptive,Nayuki,1,6,2.5366,4925.866,0.232,231311440,0
SchulzGrammar,adaptive,Nayuki,1,7,2.4982,3198.217,0.173,166536744,0
SchulzGrammar,adaptive,Nayuki,1,8,2.4944,6187.271,0.267,264974848,0
SchulzGrammar,adaptive,Nayuki,1,9,2.4785,4704.238,0.213,216507640,0
SchulzGrammar,adaptive,Nayuki,1,10,2.4307,5359.254,0.234,242641216,0
SchulzGrammar,adaptive,Nayuki,1,11,2.5276,4695.511,0.219,218502920,0
SchulzGrammar,adaptive,Nayuki,1,12,2.4983,3689.265,0.246,190589992,1050624
SchulzGrammar,adaptive,Nayuki,1,13,2.6199,5402.830,0.246,239059136,0
SchulzGrammar,adaptive,Nayuki,1,14,2.2764,6919.381,0.308,286419064,0
SchulzGrammar,adaptive,Nayuki,1,15,2.4615,3658.337,0.160,184680672,167072
SchulzGrammar,adaptive,Nayuki,1,16,2.5487,203.946,0.050,29779760,0
SchulzGrammar,adaptive,Nayuki,1,17,2.3401,3451.519,0.196,177001952,0
SchulzGrammar,adaptive,Nayuki,1,18,2.6364,6078.979,0.300,250378920,0
SchulzGrammar,adaptive,Nayuki,1,19,2.4637,3338.716,0.208,176157120,459432
SchulzGrammar,adaptive,Nayuki,1,20,2.5750,4467.110,0.261,210146632,795680
SchulzGrammar,adaptive,Nayuki,1,21,2.4264,5010.729,0.222,234629088,0
SchulzGrammar,adaptive,Nayuki,1,22,2.5723,4124.871,0.234,204404432,0
SchulzGrammar,adaptive,Nayuki,1,23,2.5212,4952.339,0.264,222877528,0
SchulzGrammar,adaptive,Nayuki,1,24,2.5172,1717.994,0.134,117188288,0
SchulzGrammar,adaptive,Nayuki,1,25,2.5915,3141.309,0.184,167519952,0
SchulzGrammar,adaptive,Nayuki,1,26,2.4575,3898.672,0.177,192685800,0
SchulzGrammar,adaptive,Nayuki,1,27,2.5631,164.751,0.036,25386744,0
SchulzGrammar,adaptive,Nayuki,1,28,2.4599,7981.064,0.359,308927312,0
SchulzGrammar,adaptive,Nayuki,1,29,2.6495,4073.903,0.183,207012328,0
SchulzGrammar,adaptive,Nayuki,1,30,2.3704,930.190,0.095,75030512,0
SchulzGrammar,adaptive,Nayuki,1,31,2.6996,1935.097,0.146,120199272,0
SchulzGrammar,adaptive,Nayuki,1,32,2.5338,3038.090,0.185,163331440,0
SchulzGrammar,adaptive,Nayuki,1,33,2.7397,59.176,0.026,11883088,0
SchulzGrammar,adaptive,Nayuki,1,34,2.3840,5888.983,0.265,255299696,0
SchulzGrammar,adaptive,Nayuki,1,35,2.3846,4140.343,0.158,206803872,0
SchulzGrammar,adaptive,Nayuki,1,36,2.5071,5974.611,0.288,258514456,0
SchulzGrammar,adaptive,Nayuki,1,37,2.5085,6462.671,0.286,256430544,0
SchulzGrammar,adaptive,Nayuki,1,38,2.4414,6888.778,0.304,280617384,0
SchulzGrammar,adaptive,Nayuki,2,1,2.7803,3960.776,0.185,197235976,0
SchulzGrammar,adaptive,Nayuki,2,2,2.6182,2833.689,0.130,156856072,0
SchulzGrammar,adaptive,Nayuki,2,3,2.4773,6106.502,0.317,258137000,0
SchulzGrammar,adaptive,Nayuki,2,4,2.4000,4204.343,0.196,205975128,0
SchulzGrammar,adaptive,Nayuki,2,5,2.5137,9050.066,0.443,332585352,0
SchulzGrammar,adaptive,Nayuki,2,6,2.5366,4934.908,0.225,220874912,0
SchulzGrammar,adaptive,Nayuki,2,7,2.4982,3237.969,0.178,173017112,0
SchulzGrammar,adaptive,Nayuki,2,8,2.4944,6287.039,0.272,266967664,0
SchulzGrammar,adaptive,Nayuki,2,9,2.4785,4804.914,0.219,218146936,668888
SchulzGrammar,adaptive,Nayuki,2,10,2.4307,5390.829,0.239,240403224,0
SchulzGrammar,adaptive,Nayuki,2,11,2.5276,4777.580,0.232,217208016,668576
SchulzGrammar,adaptive,Nayuki,2,12,2.4983,3787.773,0.200,188494680,0
SchulzGrammar,adaptive,Nayuki,2,13,2.6199,5450.787,0.308,244859112,0
SchulzGrammar,adaptive,Nayuki,2,14,2.2764,6952.189,0.316,284378832,1046528
SchulzGrammar,adaptive,Nayuki,2,15,2.4615,3643.097,0.157,184298320,0
SchulzGrammar,adaptive,Nayuki,2,16,2.5487,226.031,0.071,28189560,0
SchulzGrammar,adaptive,Nayuki,2,17,2.3401,3533.150,0.249,175954112,0
SchulzGrammar,adaptive,Nayuki,2,18,2.6364,6010.192,0.296,253334360,0
SchulzGrammar,adaptive,Nayuki,2,19,2.4637,3336.475,0.213,174907824,0
SchulzGrammar,adaptive,Nayuki,2,20,2.5750,4510.739,0.288,209439168,0
SchulzGrammar,adaptive,Nayuki,2,21,2.4264,5144.142,0.239,233492304,89248
SchulzGrammar,adaptive,Nayuki,2,22,2.5723,4237.393,0.226,206225936,0
SchulzGrammar,adaptive,Nayuki,2,23,2.5212,5001.312,0.267,227474040,0
SchulzGrammar,adaptive,Nayuki,2,24,2.5172,1756.349,0.141,114316984,0
SchulzGrammar,adaptive,Nayuki,2,25,2.5915,3209.268,0.192,165465600,0
SchulzGrammar,adaptive,Nayuki,2,26,2.4575,4039.227,0.177,190632896,0
SchulzGrammar,adaptive,Nayuki,2,27,2.5631,184.174,0.036,23016664,0
SchulzGrammar,adaptive,Nayuki,2,28,2.4599,8122.522,0.360,309931152,0
SchulzGrammar,adaptive,Nayuki,2,29,2.6495,4126.222,0.181,208136792,0
SchulzGrammar,adaptive,Nayuki,2,30,2.3704,933.166,0.097,76924944,167512
SchulzGrammar,adaptive,Nayuki,2,31,2.6996,2004.930,0.147,122447912,0
SchulzGrammar,adaptive,Nayuki,2,32,2.5338,3083.005,0.183,166283432,0
SchulzGrammar,adaptive,Nayuki,2,33,2.7397,67.605,0.027,11689432,0
SchulzGrammar,adaptive,Nayuki,2,34,2.3840,5982.849,0.277,248161704,0
SchulzGrammar,adaptive,Nayuki,2,35,2.3846,4220.271,0.160,205990824,0
SchulzGrammar,adaptive,Nayuki,2,36,2.5071,6051.034,0.398,250224568,0
SchulzGrammar,adaptive,Nayuki,2,37,2.5085,6175.853,0.284,263648432,0
SchulzGrammar,adaptive,Nayuki,2,38,2.4414,6824.786,0.324,272970872,0
SchulzGrammar,adaptive,Nayuki,3,1,2.7803,4114.369,0.186,199354648,0
SchulzGrammar,adaptive,Nayuki,3,2,2.6182,2862.571,0.131,157501488,0
SchulzGrammar,adaptive,Nayuki,3,3,2.4773,6107.755,0.326,258505032,0
SchulzGrammar,adaptive,Nayuki,3,4,2.4000,4108.030,0.199,205529472,0
SchulzGrammar,adaptive,Nayuki,3,5,2.5137,8980.425,0.353,327923376,0
SchulzGrammar,adaptive,Nayuki,3,6,2.5366,4899.873,0.235,229972304,0
SchulzGrammar,adaptive,Nayuki,3,7,2.4982,3232.915,0.184,170668936,0
SchulzGrammar,adaptive,Nayuki,3,8,2.4944,6256.866,0.266,266644288,0
SchulzGrammar,adaptive,Nayuki,3,9,2.4785,4742.409,0.214,222667616,0
SchulzGrammar,adaptive,Nayuki,3,10,2.4307,5344.251,0.234,235559064,0
SchulzGrammar,adaptive,Nayuki,3,11,2.5276,4679.732,0.220,222654592,0
SchulzGrammar,adaptive,Nayuki,3,12,2.4983,3727.111,0.199,192428056,0
SchulzGrammar,adaptive,Nayuki,3,13,2.6199,5434.424,0.238,243722384,0
SchulzGrammar,adaptive,Nayuki,3,14,2.2764,6938.781,0.309,286177896,0
SchulzGrammar,adaptive,Nayuki,3,15,2.4615,3660.050,0.154,186311648,0
SchulzGrammar,adaptive,Nayuki,3,16,2.5487,235.337,0.049,29386392,0
SchulzGrammar,adaptive,Nayuki,3,17,2.3401,3554.648,0.196,178051232,0
SchulzGrammar,adaptive,Nayuki,3,18,2.6364,6062.644,0.298,252322960,0
SchulzGrammar,adaptive,Nayuki,3,19,2.4637,3419.097,0.320,178518320,0
SchulzGrammar,adaptive,Nayuki,3,20,2.5750,4530.486,0.252,215846216,0
SchulzGrammar,adaptive,Nayuki,3,21,2.4264,5118.450,0.227,225863760,0
SchulzGrammar,adaptive,Nayuki,3,22,2.5723,4153.454,0.245,205239032,167320
SchulzGrammar,adaptive,Nayuki,3,23,2.5212,5066.196,0.259,232405512,0
SchulzGrammar,adaptive,Nayuki,3,24,2.5172,1773.955,0.134,114043944,0
SchulzGrammar,adaptive,Nayuki,3,25,2.5915,3213.377,0.188,167521360,0
SchulzGrammar,adaptive,Nayuki,3,26,2.4575,3991.767,0.202,193736584,0
SchulzGrammar,adaptive,Nayuki,3,27,2.5631,163.884,0.036,23831752,0
SchulzGrammar,adaptive,Nayuki,3,28,2.4599,8163.995,0.389,310339776,0
SchulzGrammar,adaptive,Nayuki,3,29,2.6495,4164.588,0.196,204401336,501592
SchulzGrammar,adaptive,Nayuki,3,30,2.3704,924.417,0.102,75873656,166920
SchulzGrammar,adaptive,Nayuki,3,31,2.6996,1936.132,0.146,120373984,0
SchulzGrammar,adaptive,Nayuki,3,32,2.5338,3098.007,0.189,161723744,417760
SchulzGrammar,adaptive,Nayuki,3,33,2.7397,60.671,0.027,13633616,0
SchulzGrammar,adaptive,Nayuki,3,34,2.3840,5894.357,0.270,251938160,0
SchulzGrammar,adaptive,Nayuki,3,35,2.3846,4162.942,0.156,199249352,0
SchulzGrammar,adaptive,Nayuki,3,36,2.5071,6052.417,0.290,257571240,919096
SchulzGrammar,adaptive,Nayuki,3,37,2.5085,6294.261,0.282,263544072,0
SchulzGrammar,adaptive,Nayuki,3,38,2.4414,6871.739,0.298,280168448,0
SchulzGrammar,adaptive,Nayuki,4,1,2.7803,4029.550,0.281,197442360,0
SchulzGrammar,adaptive,Nayuki,4,2,2.6182,2907.168,0.132,154672144,0
SchulzGrammar,adaptive,Nayuki,4,3,2.4773,6129.193,0.484,259297640,0
SchulzGrammar,adaptive,Nayuki,4,4,2.4000,4098.256,0.200,197932088,0
SchulzGrammar,adaptive,Nayuki,4,5,2.5137,8958.237,0.363,337296160,0
SchulzGrammar,adaptive,Nayuki,4,6,2.5366,4940.513,0.226,221340176,0
SchulzGrammar,adaptive,Nayuki,4,7,2.4982,3347.934,0.179,172662336,0
SchulzGrammar,adaptive,Nayuki,4,8,2.4944,6222.220,0.267,266976856,0
SchulzGrammar,adaptive,Nayuki,4,9,2.4785,4757.590,0.226,219841232,0
SchulzGrammar,adaptive,Nayuki,4,10,2.4307,5398.057,0.242,243564040,0
SchulzGrammar,adaptive,Nayuki,4,11,2.5276,4808.647,0.225,223954720,0
SchulzGrammar,adaptive,Nayuki,4,12,2.4983,3778.095,0.207,191140520,503864
SchulzGrammar,adaptive,Nayuki,4,13,2.6199,5454.350,0.256,247518120,0
SchulzGrammar,adaptive,Nayuki,4,14,2.2764,7048.215,0.321,289090784,1046528
SchulzGrammar,adaptive,Nayuki,4,15,2.4615,3794.896,0.154,186525808,0
SchulzGrammar,adaptive,Nayuki,4,16,2.5487,203.865,0.049,28383952,0
SchulzGrammar,adaptive,Nayuki,4,17,2.3401,3549.390,0.195,177011584,0
SchulzGrammar,adaptive,Nayuki,4,18,2.6364,6110.929,0.301,256532264,0
SchulzGrammar,adaptive,Nayuki,4,19,2.4637,3461.356,0.202,177841400,876584
SchulzGrammar,adaptive,Nayuki,4,20,2.5750,4583.420,0.258,213379096,0
SchulzGrammar,adaptive,Nayuki,4,21,2.4264,5127.262,0.231,232532880,0
SchulzGrammar,adaptive,Nayuki,4,22,2.5723,4211.033,0.265,203897392,0
SchulzGrammar,adaptive,Nayuki,4,23,2.5212,5120.743,0.266,222095688,0
SchulzGrammar,adaptive,Nayuki,4,24,2.5172,1758.720,0.131,117196736,0
SchulzGrammar,adaptive,Nayuki,4,25,2.5915,3277.792,0.182,166849256,0
SchulzGrammar,adaptive,Nayuki,4,26,2.4575,4071.309,0.197,196585408,0
SchulzGrammar,adaptive,Nayuki,4,27,2.5631,155.624,0.035,23958888,0
SchulzGrammar,adaptive,Nayuki,4,28,2.4599,8152.259,0.366,306703968,0
SchulzGrammar,adaptive,Nayuki,4,29,2.6495,4197.598,0.180,202058792,0
SchulzGrammar,adaptive,Nayuki,4,30,2.3704,991.919,0.096,76560712,0
SchulzGrammar,adaptive,Nayuki,4,31,2.6996,2055.203,0.162,121129216,625376
SchulzGrammar,adaptive,Nayuki,4,32,2.5338,3222.062,0.180,163554680,0
SchulzGrammar,adaptive,Nayuki,4,33,2.7397,62.320,0.027,13936792,0
SchulzGrammar,adaptive,Nayuki,4,34,2.3840,5988.268,0.261,253229464,0
SchulzGrammar,adaptive,Nayuki,4,35,2.3846,4260.368,0.166,200122360,167208
SchulzGrammar,adaptive,Nayuki,4,36,2.5071,6119.326,0.277,258639912,0
SchulzGrammar,adaptive,Nayuki,4,37,2.5085,6264.587,0.282,258662368,0
SchulzGrammar,adaptive,Nayuki,4,38,2.4414,6933.420,0.296,282182792,167240
SchulzGrammar,adaptive,Nayuki,5,1,2.7803,3986.629,0.183,195850576,0
SchulzGrammar,adaptive,Nayuki,5,2,2.6182,2937.031,0.131,157792304,0
SchulzGrammar,adaptive,Nayuki,5,3,2.4773,6109.534,0.305,257684456,0
SchulzGrammar,adaptive,Nayuki,5,4,2.4000,4101.466,0.193,204557552,0
SchulzGrammar,adaptive,Nayuki,5,5,2.5137,8973.409,0.353,329569936,0
SchulzGrammar,adaptive,Nayuki,5,6,2.5366,4850.922,0.221,225005600,0
SchulzGrammar,adaptive,Nayuki,5,7,2.4982,3233.575,0.179,174760448,0
SchulzGrammar,adaptive,Nayuki,5,8,2.4944,6245.424,0.265,267036664,0
SchulzGrammar,adaptive,Nayuki,5,9,2.4785,4769.086,0.221,224135928,0
SchulzGrammar,adaptive,Nayuki,5,10,2.4307,5424.677,0.236,237761016,0
SchulzGrammar,adaptive,Nayuki,5,11,2.5276,4781.060,0.303,222328656,334672
SchulzGrammar,adaptive,Nayuki,5,12,2.4983,3816.066,0.220,185478456,878768
SchulzGrammar,adaptive,Nayuki,5,13,2.6199,5476.749,0.242,247997032,0
SchulzGrammar,adaptive,Nayuki,5,14,2.2764,6943.683,0.310,283050752,0
SchulzGrammar,adaptive,Nayuki,5,15,2.4615,3637.464,0.159,187188904,0
SchulzGrammar,adaptive,Nayuki,5,16,2.5487,205.004,0.056,31835704,626568
SchulzGrammar,adaptive,Nayuki,5,17,2.3401,3463.972,0.196,177001952,0
SchulzGrammar,adaptive,Nayuki,5,18,2.6364,5988.506,0.297,251431736,0
SchulzGrammar,adaptive,Nayuki,5,19,2.4637,3355.800,0.193,173793024,0
SchulzGrammar,adaptive,Nayuki,5,20,2.5750,4539.951,0.256,211498496,0
SchulzGrammar,adaptive,Nayuki,5,21,2.4264,5073.696,0.229,231486512,0
SchulzGrammar,adaptive,Nayuki,5,22,2.5723,4144.557,0.231,201951464,0
SchulzGrammar,adaptive,Nayuki,5,23,2.5212,4993.009,0.265,230401032,0
SchulzGrammar,adaptive,Nayuki,5,24,2.5172,1744.393,0.132,113218152,0
SchulzGrammar,adaptive,Nayuki,5,25,2.5915,3124.259,0.187,166647984,0
SchulzGrammar,adaptive,Nayuki,5,26,2.4575,3953.807,0.176,190591136,0
SchulzGrammar,adaptive,Nayuki,5,27,2.5631,195.089,0.036,24631656,0
SchulzGrammar,adaptive,Nayuki,5,28,2.4599,8021.912,0.373,310941056,0
SchulzGrammar,adaptive,Nayuki,5,29,2.6495,4229.824,0.183,199978288,0
SchulzGrammar,adaptive,Nayuki,5,30,2.3704,952.080,0.096,75336672,0
SchulzGrammar,adaptive,Nayuki,5,31,2.6996,1986.095,0.145,121510696,0
SchulzGrammar,adaptive,Nayuki,5,32,2.5338,3063.957,0.178,163372624,0
SchulzGrammar,adaptive,Nayuki,5,33,2.7397,60.998,0.027,12264568,0
SchulzGrammar,adaptive,Nayuki,5,34,2.3840,5901.643,0.264,250151432,0
SchulzGrammar,adaptive,Nayuki,5,35,2.3846,4232.817,0.277,200623312,167136
SchulzGrammar,adaptive,Nayuki,5,36,2.5071,7211.818,0.279,256603456,0
SchulzGrammar,adaptive,Nayuki,5,37,2.5085,6329.710,0.282,259347848,0
SchulzGrammar,adaptive,Nayuki,5,38,2.4414,6787.924,0.308,284332912,0
